finca_id,tratamiento,lote,parcela,productor_finca,familia,variable,etiqueta,unidad,valor,estado,detalle
1,Bosque,1,Bosque_1,Victor Trejos Sanchez,indicadores,abundancia_total,Abundancia total,individuos/100 cm³ de suelo,1700.0,reportado,
1,Bosque,1,Bosque_1,Victor Trejos Sanchez,indicadores,riqueza_taxones,Riqueza observada,taxones con abundancia mayor que cero,7.0,reportado,
1,Bosque,1,Bosque_1,Victor Trejos Sanchez,parametros_muestra,abundancia_en_1_ml,Abundancia observada en 1 ml,individuos/mL,170.0,reportado,
1,Bosque,1,Bosque_1,Victor Trejos Sanchez,parametros_muestra,volumen_contado_abundancia_ml,Volumen contado para abundancia,mL,1.0,reportado,
1,Bosque,1,Bosque_1,Victor Trejos Sanchez,parametros_muestra,volumen_agregado_identificacion_ml,Volumen agregado para identificación,mL,2.0,reportado,
1,Bosque,1,Bosque_1,Victor Trejos Sanchez,parametros_muestra,total_individuos_identificados,Total de individuos identificados,individuos,200.0,reportado,
1,Bosque,1,Bosque_1,Victor Trejos Sanchez,parametros_muestra,abundancia_total_ninja,Abundancia total usada por NINJA,individuos/100 cm³ de suelo,1700.0,reportado,
1,Bosque,1,Bosque_1,Victor Trejos Sanchez,indices_ninja,mi,Índice de madurez (MI),índice,1.62,reportado,
1,Bosque,1,Bosque_1,Victor Trejos Sanchez,indices_ninja,mi2_5,Índice de madurez 2–5 (MI2-5),índice,2.0,reportado,
1,Bosque,1,Bosque_1,Victor Trejos Sanchez,indices_ninja,smi,Índice SMI,índice,2.89,reportado,
1,Bosque,1,Bosque_1,Victor Trejos Sanchez,indices_ninja,ppi,Índice de parásitos de plantas (PPI),índice,3.0,reportado,
1,Bosque,1,Bosque_1,Victor Trejos Sanchez,indices_ninja,ci,Índice de canal (CI),índice 0–100,29.41,reportado,
1,Bosque,1,Bosque_1,Victor Trejos Sanchez,indices_ninja,bi,Índice basal (BI),índice 0–100,22.73,reportado,
1,Bosque,1,Bosque_1,Victor Trejos Sanchez,indices_ninja,ei,Índice de enriquecimiento (EI),índice 0–100,77.27,reportado,
1,Bosque,1,Bosque_1,Victor Trejos Sanchez,indices_ninja,si,Índice de estructura (SI),índice 0–100,0.0,reportado,
1,Bosque,1,Bosque_1,Victor Trejos Sanchez,huellas_ninja,total_biomass_mg,Biomasa total,mg,8.31,reportado,
1,Bosque,1,Bosque_1,Victor Trejos Sanchez,huellas_ninja,cft,CFT (NINJA),unidad no indicada en la fuente,1219.52,reportado,
1,Bosque,1,Bosque_1,Victor Trejos Sanchez,huellas_ninja,eft,EFT (NINJA),unidad no indicada en la fuente,79.89,reportado,
1,Bosque,1,Bosque_1,Victor Trejos Sanchez,huellas_ninja,sft,SFT (NINJA),unidad no indicada en la fuente,0.0,reportado,
1,Bosque,1,Bosque_1,Victor Trejos Sanchez,huellas_ninja,heft,HeFT (NINJA),unidad no indicada en la fuente,1139.62,reportado,
1,Bosque,1,Bosque_1,Victor Trejos Sanchez,huellas_ninja,fuft,FuFT (NINJA),unidad no indicada en la fuente,8.33,reportado,
1,Bosque,1,Bosque_1,Victor Trejos Sanchez,huellas_ninja,baft,BaFT (NINJA),unidad no indicada en la fuente,71.56,reportado,
1,Bosque,1,Bosque_1,Victor Trejos Sanchez,huellas_ninja,prft,PrFT (NINJA),unidad no indicada en la fuente,0.0,reportado,
1,Bosque,1,Bosque_1,Victor Trejos Sanchez,huellas_ninja,unicellular_eucaryote_feeder_footprint,Huella de consumidores de eucariotas unicelulares,unidad no indicada en la fuente,0.0,reportado,
1,Bosque,1,Bosque_1,Victor Trejos Sanchez,huellas_ninja,omnivore_footprint,Huella de omnívoros,unidad no indicada en la fuente,0.0,reportado,
1,Bosque,1,Bosque_1,Victor Trejos Sanchez,huellas_ninja,total_number_ind,Número total de individuos (NINJA),individuos/100 cm³ de suelo,1700.0,reportado,
1,Bosque,1,Bosque_1,Victor Trejos Sanchez,porcentajes_ninja,herbivores_pct_of_total,Herbívoros del total,%,92.0,reportado,
1,Bosque,1,Bosque_1,Victor Trejos Sanchez,porcentajes_ninja,fungivores_pct_of_total,Fungívoros del total,%,5.0,reportado,
1,Bosque,1,Bosque_1,Victor Trejos Sanchez,porcentajes_ninja,fungivores_pct_of_free_living,Fungívoros de vida libre,%,62.5,reportado,
1,Bosque,1,Bosque_1,Victor Trejos Sanchez,porcentajes_ninja,bacterivores_pct_of_total,Bacterívoros del total,%,3.0,reportado,
1,Bosque,1,Bosque_1,Victor Trejos Sanchez,porcentajes_ninja,bacterivores_pct_of_free_living,Bacterívoros de vida libre,%,37.5,reportado,
1,Bosque,1,Bosque_1,Victor Trejos Sanchez,porcentajes_ninja,predators_pct_of_total,Depredadores del total,%,0.0,reportado,
1,Bosque,1,Bosque_1,Victor Trejos Sanchez,porcentajes_ninja,predators_pct_of_free_living,Depredadores de vida libre,%,0.0,reportado,
1,Bosque,1,Bosque_1,Victor Trejos Sanchez,porcentajes_ninja,unicellular_eucaryote_feeders_pct_of_total,Consumidores de eucariotas unicelulares del total,%,0.0,reportado,
1,Bosque,1,Bosque_1,Victor Trejos Sanchez,porcentajes_ninja,unicellular_eucaryote_feeders_pct_of_free_living,Consumidores de eucariotas unicelulares de vida libre,%,0.0,reportado,
1,Bosque,1,Bosque_1,Victor Trejos Sanchez,porcentajes_ninja,omnivores_pct_of_total,Omnívoros del total,%,0.0,reportado,
1,Bosque,1,Bosque_1,Victor Trejos Sanchez,porcentajes_ninja,omnivores_pct_of_free_living,Omnívoros de vida libre,%,0.0,reportado,
1,Bosque,1,Bosque_1,Victor Trejos Sanchez,porcentajes_ninja,sedentary_parasites_pct_of_herbivores,Parásitos sedentarios de los herbívoros,%,5.4,reportado,
1,Bosque,1,Bosque_1,Victor Trejos Sanchez,porcentajes_ninja,migratory_endoparasites_pct_of_herbivores,Endoparásitos migratorios de los herbívoros,%,13.0,reportado,
1,Bosque,1,Bosque_1,Victor Trejos Sanchez,porcentajes_ninja,semi_endoparasites_pct_of_herbivores,Semiendoparásitos de los herbívoros,%,27.2,reportado,
1,Bosque,1,Bosque_1,Victor Trejos Sanchez,porcentajes_ninja,ectoparasites_pct_of_herbivores,Ectoparásitos de los herbívoros,%,54.3,reportado,
1,Bosque,1,Bosque_1,Victor Trejos Sanchez,porcentajes_ninja,epidermal_root_hair_feeders_pct_of_herbivores,Consumidores de epidermis y pelos radicales de los herbívoros,%,0.0,reportado,
1,Bosque,1,Bosque_1,Victor Trejos Sanchez,porcentajes_ninja,algal_lichen_moss_feeders_pct_of_herbivores,"Consumidores de algas, líquenes y musgos de los herbívoros",%,0.0,reportado,
1,Bosque,1,Bosque_1,Victor Trejos Sanchez,porcentajes_ninja,cp_1_pct_of_free_living,c-p 1 de vida libre,%,37.5,reportado,
1,Bosque,1,Bosque_1,Victor Trejos Sanchez,porcentajes_ninja,cp_2_pct_of_free_living,c-p 2 de vida libre,%,62.5,reportado,
1,Bosque,1,Bosque_1,Victor Trejos Sanchez,porcentajes_ninja,cp_3_pct_of_free_living,c-p 3 de vida libre,%,0.0,reportado,
1,Bosque,1,Bosque_1,Victor Trejos Sanchez,porcentajes_ninja,cp_4_pct_of_free_living,c-p 4 de vida libre,%,0.0,reportado,
1,Bosque,1,Bosque_1,Victor Trejos Sanchez,porcentajes_ninja,cp_5_pct_of_free_living,c-p 5 de vida libre,%,0.0,reportado,
1,Bosque,1,Bosque_1,Victor Trejos Sanchez,porcentajes_ninja,pp_2_pct_of_herbivores,p-p 2 de los herbívoros,%,0.0,reportado,
1,Bosque,1,Bosque_1,Victor Trejos Sanchez,porcentajes_ninja,pp_3_pct_of_herbivores,p-p 3 de los herbívoros,%,100.0,reportado,
1,Bosque,1,Bosque_1,Victor Trejos Sanchez,porcentajes_ninja,pp_4_pct_of_herbivores,p-p 4 de los herbívoros,%,0.0,reportado,
1,Bosque,1,Bosque_1,Victor Trejos Sanchez,porcentajes_ninja,pp_5_pct_of_herbivores,p-p 5 de los herbívoros,%,0.0,reportado,
1,Bosque,1,Bosque_1,Victor Trejos Sanchez,taxones_abundancia,alaimus,Alaimus,individuos/100 cm³ de suelo,0.0,reportado,Bacterivores · c-p 4 · p-p 0 · masa 0.561 µg
1,Bosque,1,Bosque_1,Victor Trejos Sanchez,taxones_composicion,alaimus,Alaimus,% de la abundancia total,0.0,reportado,Bacterivores · c-p 4 · p-p 0 · masa 0.561 µg
1,Bosque,1,Bosque_1,Victor Trejos Sanchez,taxones_conteos,alaimus,Alaimus,individuos contados para identificación,0.0,reportado,Bacterivores · c-p 4 · p-p 0 · masa 0.561 µg
1,Bosque,1,Bosque_1,Victor Trejos Sanchez,taxones_abundancia,aglenchus,Aglenchus,individuos/100 cm³ de suelo,0.0,reportado,Herbivores - epidermal/root hair feeders · c-p 0 · p-p 2 · masa 0.082 µg
1,Bosque,1,Bosque_1,Victor Trejos Sanchez,taxones_composicion,aglenchus,Aglenchus,% de la abundancia total,0.0,reportado,Herbivores - epidermal/root hair feeders · c-p 0 · p-p 2 · masa 0.082 µg
1,Bosque,1,Bosque_1,Victor Trejos Sanchez,taxones_conteos,aglenchus,Aglenchus,individuos contados para identificación,0.0,reportado,Herbivores - epidermal/root hair feeders · c-p 0 · p-p 2 · masa 0.082 µg
1,Bosque,1,Bosque_1,Victor Trejos Sanchez,taxones_abundancia,aphelenchoides,Aphelenchoides,individuos/100 cm³ de suelo,0.0,reportado,Fungivores · c-p 2 · p-p 0 · masa 0.151 µg
1,Bosque,1,Bosque_1,Victor Trejos Sanchez,taxones_composicion,aphelenchoides,Aphelenchoides,% de la abundancia total,0.0,reportado,Fungivores · c-p 2 · p-p 0 · masa 0.151 µg
1,Bosque,1,Bosque_1,Victor Trejos Sanchez,taxones_conteos,aphelenchoides,Aphelenchoides,individuos contados para identificación,0.0,reportado,Fungivores · c-p 2 · p-p 0 · masa 0.151 µg
1,Bosque,1,Bosque_1,Victor Trejos Sanchez,taxones_abundancia,aporcelaimellus,Aporcelaimellus,individuos/100 cm³ de suelo,0.0,reportado,Omnivores · c-p 5 · p-p 0 · masa 9.048 µg
1,Bosque,1,Bosque_1,Victor Trejos Sanchez,taxones_composicion,aporcelaimellus,Aporcelaimellus,% de la abundancia total,0.0,reportado,Omnivores · c-p 5 · p-p 0 · masa 9.048 µg
1,Bosque,1,Bosque_1,Victor Trejos Sanchez,taxones_conteos,aporcelaimellus,Aporcelaimellus,individuos contados para identificación,0.0,reportado,Omnivores · c-p 5 · p-p 0 · masa 9.048 µg
1,Bosque,1,Bosque_1,Victor Trejos Sanchez,taxones_abundancia,aphelenchus,Aphelenchus,individuos/100 cm³ de suelo,85.0,reportado,Fungivores · c-p 2 · p-p 0 · masa 0.218 µg
1,Bosque,1,Bosque_1,Victor Trejos Sanchez,taxones_composicion,aphelenchus,Aphelenchus,% de la abundancia total,5.0,reportado,Fungivores · c-p 2 · p-p 0 · masa 0.218 µg
1,Bosque,1,Bosque_1,Victor Trejos Sanchez,taxones_conteos,aphelenchus,Aphelenchus,individuos contados para identificación,10.0,reportado,Fungivores · c-p 2 · p-p 0 · masa 0.218 µg
1,Bosque,1,Bosque_1,Victor Trejos Sanchez,taxones_abundancia,cribronema,Cribronema,individuos/100 cm³ de suelo,0.0,reportado,Bacterivores · c-p 2 · p-p 0 · masa 0.039 µg
1,Bosque,1,Bosque_1,Victor Trejos Sanchez,taxones_composicion,cribronema,Cribronema,% de la abundancia total,0.0,reportado,Bacterivores · c-p 2 · p-p 0 · masa 0.039 µg
1,Bosque,1,Bosque_1,Victor Trejos Sanchez,taxones_conteos,cribronema,Cribronema,individuos contados para identificación,0.0,reportado,Bacterivores · c-p 2 · p-p 0 · masa 0.039 µg
1,Bosque,1,Bosque_1,Victor Trejos Sanchez,taxones_abundancia,criconematidae,Criconematidae,individuos/100 cm³ de suelo,850.0,reportado,Herbivores - ectoparasites · c-p 0 · p-p 3 · masa 0.567 µg
1,Bosque,1,Bosque_1,Victor Trejos Sanchez,taxones_composicion,criconematidae,Criconematidae,% de la abundancia total,50.0,reportado,Herbivores - ectoparasites · c-p 0 · p-p 3 · masa 0.567 µg
1,Bosque,1,Bosque_1,Victor Trejos Sanchez,taxones_conteos,criconematidae,Criconematidae,individuos contados para identificación,100.0,reportado,Herbivores - ectoparasites · c-p 0 · p-p 3 · masa 0.567 µg
1,Bosque,1,Bosque_1,Victor Trejos Sanchez,taxones_abundancia,chronogaster,Chronogaster,individuos/100 cm³ de suelo,0.0,reportado,Bacterivores · c-p 3 · p-p 0 · masa 0.335 µg
1,Bosque,1,Bosque_1,Victor Trejos Sanchez,taxones_composicion,chronogaster,Chronogaster,% de la abundancia total,0.0,reportado,Bacterivores · c-p 3 · p-p 0 · masa 0.335 µg
1,Bosque,1,Bosque_1,Victor Trejos Sanchez,taxones_conteos,chronogaster,Chronogaster,individuos contados para identificación,0.0,reportado,Bacterivores · c-p 3 · p-p 0 · masa 0.335 µg
1,Bosque,1,Bosque_1,Victor Trejos Sanchez,taxones_abundancia,cephalobus,Cephalobus,individuos/100 cm³ de suelo,0.0,reportado,Bacterivores · c-p 2 · p-p 0 · masa 0.266 µg
1,Bosque,1,Bosque_1,Victor Trejos Sanchez,taxones_composicion,cephalobus,Cephalobus,% de la abundancia total,0.0,reportado,Bacterivores · c-p 2 · p-p 0 · masa 0.266 µg
1,Bosque,1,Bosque_1,Victor Trejos Sanchez,taxones_conteos,cephalobus,Cephalobus,individuos contados para identificación,0.0,reportado,Bacterivores · c-p 2 · p-p 0 · masa 0.266 µg
1,Bosque,1,Bosque_1,Victor Trejos Sanchez,taxones_abundancia,clarkus,Clarkus,individuos/100 cm³ de suelo,0.0,reportado,Predators · c-p 4 · p-p 0 · masa 3.897 µg
1,Bosque,1,Bosque_1,Victor Trejos Sanchez,taxones_composicion,clarkus,Clarkus,% de la abundancia total,0.0,reportado,Predators · c-p 4 · p-p 0 · masa 3.897 µg
1,Bosque,1,Bosque_1,Victor Trejos Sanchez,taxones_conteos,clarkus,Clarkus,individuos contados para identificación,0.0,reportado,Predators · c-p 4 · p-p 0 · masa 3.897 µg
1,Bosque,1,Bosque_1,Victor Trejos Sanchez,taxones_abundancia,diplogaster,Diplogaster,individuos/100 cm³ de suelo,0.0,reportado,Bacterivores · c-p 1 · p-p 0 · masa 1.886 µg
1,Bosque,1,Bosque_1,Victor Trejos Sanchez,taxones_composicion,diplogaster,Diplogaster,% de la abundancia total,0.0,reportado,Bacterivores · c-p 1 · p-p 0 · masa 1.886 µg
1,Bosque,1,Bosque_1,Victor Trejos Sanchez,taxones_conteos,diplogaster,Diplogaster,individuos contados para identificación,0.0,reportado,Bacterivores · c-p 1 · p-p 0 · masa 1.886 µg
1,Bosque,1,Bosque_1,Victor Trejos Sanchez,taxones_abundancia,diphtherophora,Diphtherophora,individuos/100 cm³ de suelo,0.0,reportado,Fungivores · c-p 3 · p-p 0 · masa 0.504 µg
1,Bosque,1,Bosque_1,Victor Trejos Sanchez,taxones_composicion,diphtherophora,Diphtherophora,% de la abundancia total,0.0,reportado,Fungivores · c-p 3 · p-p 0 · masa 0.504 µg
1,Bosque,1,Bosque_1,Victor Trejos Sanchez,taxones_conteos,diphtherophora,Diphtherophora,individuos contados para identificación,0.0,reportado,Fungivores · c-p 3 · p-p 0 · masa 0.504 µg
1,Bosque,1,Bosque_1,Victor Trejos Sanchez,taxones_abundancia,discocriconemella,Discocriconemella,individuos/100 cm³ de suelo,0.0,reportado,Herbivores - ectoparasites · c-p 0 · p-p 3 · masa 0.338 µg
1,Bosque,1,Bosque_1,Victor Trejos Sanchez,taxones_composicion,discocriconemella,Discocriconemella,% de la abundancia total,0.0,reportado,Herbivores - ectoparasites · c-p 0 · p-p 3 · masa 0.338 µg
1,Bosque,1,Bosque_1,Victor Trejos Sanchez,taxones_conteos,discocriconemella,Discocriconemella,individuos contados para identificación,0.0,reportado,Herbivores - ectoparasites · c-p 0 · p-p 3 · masa 0.338 µg
1,Bosque,1,Bosque_1,Victor Trejos Sanchez,taxones_abundancia,eucephalobus,Eucephalobus,individuos/100 cm³ de suelo,0.0,reportado,Bacterivores · c-p 2 · p-p 0 · masa 0.236 µg
1,Bosque,1,Bosque_1,Victor Trejos Sanchez,taxones_composicion,eucephalobus,Eucephalobus,% de la abundancia total,0.0,reportado,Bacterivores · c-p 2 · p-p 0 · masa 0.236 µg
1,Bosque,1,Bosque_1,Victor Trejos Sanchez,taxones_conteos,eucephalobus,Eucephalobus,individuos contados para identificación,0.0,reportado,Bacterivores · c-p 2 · p-p 0 · masa 0.236 µg
1,Bosque,1,Bosque_1,Victor Trejos Sanchez,taxones_abundancia,ecphyadophora,Ecphyadophora,individuos/100 cm³ de suelo,0.0,reportado,Herbivores - epidermal/root hair feeders · c-p 0 · p-p 2 · masa 0.02 µg
1,Bosque,1,Bosque_1,Victor Trejos Sanchez,taxones_composicion,ecphyadophora,Ecphyadophora,% de la abundancia total,0.0,reportado,Herbivores - epidermal/root hair feeders · c-p 0 · p-p 2 · masa 0.02 µg
1,Bosque,1,Bosque_1,Victor Trejos Sanchez,taxones_conteos,ecphyadophora,Ecphyadophora,individuos contados para identificación,0.0,reportado,Herbivores - epidermal/root hair feeders · c-p 0 · p-p 2 · masa 0.02 µg
1,Bosque,1,Bosque_1,Victor Trejos Sanchez,taxones_abundancia,filenchus,Filenchus,individuos/100 cm³ de suelo,0.0,reportado,Fungivores · c-p 2 · p-p 0 · masa 0.099 µg
1,Bosque,1,Bosque_1,Victor Trejos Sanchez,taxones_composicion,filenchus,Filenchus,% de la abundancia total,0.0,reportado,Fungivores · c-p 2 · p-p 0 · masa 0.099 µg
1,Bosque,1,Bosque_1,Victor Trejos Sanchez,taxones_conteos,filenchus,Filenchus,individuos contados para identificación,0.0,reportado,Fungivores · c-p 2 · p-p 0 · masa 0.099 µg
1,Bosque,1,Bosque_1,Victor Trejos Sanchez,taxones_abundancia,helicotylenchus,Helicotylenchus,individuos/100 cm³ de suelo,425.0,reportado,Herbivores - semi-endoparasites · c-p 0 · p-p 3 · masa 0.294 µg
1,Bosque,1,Bosque_1,Victor Trejos Sanchez,taxones_composicion,helicotylenchus,Helicotylenchus,% de la abundancia total,25.0,reportado,Herbivores - semi-endoparasites · c-p 0 · p-p 3 · masa 0.294 µg
1,Bosque,1,Bosque_1,Victor Trejos Sanchez,taxones_conteos,helicotylenchus,Helicotylenchus,individuos contados para identificación,50.0,reportado,Herbivores - semi-endoparasites · c-p 0 · p-p 3 · masa 0.294 µg
1,Bosque,1,Bosque_1,Victor Trejos Sanchez,taxones_abundancia,ironus,Ironus,individuos/100 cm³ de suelo,0.0,reportado,Predators · c-p 4 · p-p 0 · masa 4.188 µg
1,Bosque,1,Bosque_1,Victor Trejos Sanchez,taxones_composicion,ironus,Ironus,% de la abundancia total,0.0,reportado,Predators · c-p 4 · p-p 0 · masa 4.188 µg
1,Bosque,1,Bosque_1,Victor Trejos Sanchez,taxones_conteos,ironus,Ironus,individuos contados para identificación,0.0,reportado,Predators · c-p 4 · p-p 0 · masa 4.188 µg
1,Bosque,1,Bosque_1,Victor Trejos Sanchez,taxones_abundancia,meloidogyne,Meloidogyne,individuos/100 cm³ de suelo,85.0,reportado,Herbivores - sedentary parasites · c-p 0 · p-p 3 · masa 86.985 µg
1,Bosque,1,Bosque_1,Victor Trejos Sanchez,taxones_composicion,meloidogyne,Meloidogyne,% de la abundancia total,5.0,reportado,Herbivores - sedentary parasites · c-p 0 · p-p 3 · masa 86.985 µg
1,Bosque,1,Bosque_1,Victor Trejos Sanchez,taxones_conteos,meloidogyne,Meloidogyne,individuos contados para identificación,10.0,reportado,Herbivores - sedentary parasites · c-p 0 · p-p 3 · masa 86.985 µg
1,Bosque,1,Bosque_1,Victor Trejos Sanchez,taxones_abundancia,metateratocephalus,Metateratocephalus,individuos/100 cm³ de suelo,0.0,reportado,Bacterivores · c-p 3 · p-p 0 · masa 0.073 µg
1,Bosque,1,Bosque_1,Victor Trejos Sanchez,taxones_composicion,metateratocephalus,Metateratocephalus,% de la abundancia total,0.0,reportado,Bacterivores · c-p 3 · p-p 0 · masa 0.073 µg
1,Bosque,1,Bosque_1,Victor Trejos Sanchez,taxones_conteos,metateratocephalus,Metateratocephalus,individuos contados para identificación,0.0,reportado,Bacterivores · c-p 3 · p-p 0 · masa 0.073 µg
1,Bosque,1,Bosque_1,Victor Trejos Sanchez,taxones_abundancia,mesorhabditis,Mesorhabditis,individuos/100 cm³ de suelo,17.0,reportado,Bacterivores · c-p 1 · p-p 0 · masa 0.568 µg
1,Bosque,1,Bosque_1,Victor Trejos Sanchez,taxones_composicion,mesorhabditis,Mesorhabditis,% de la abundancia total,1.0,reportado,Bacterivores · c-p 1 · p-p 0 · masa 0.568 µg
1,Bosque,1,Bosque_1,Victor Trejos Sanchez,taxones_conteos,mesorhabditis,Mesorhabditis,individuos contados para identificación,2.0,reportado,Bacterivores · c-p 1 · p-p 0 · masa 0.568 µg
1,Bosque,1,Bosque_1,Victor Trejos Sanchez,taxones_abundancia,mesodorylaimus,Mesodorylaimus,individuos/100 cm³ de suelo,0.0,reportado,Omnivores · c-p 4 · p-p 0 · masa 1.277 µg
1,Bosque,1,Bosque_1,Victor Trejos Sanchez,taxones_composicion,mesodorylaimus,Mesodorylaimus,% de la abundancia total,0.0,reportado,Omnivores · c-p 4 · p-p 0 · masa 1.277 µg
1,Bosque,1,Bosque_1,Victor Trejos Sanchez,taxones_conteos,mesodorylaimus,Mesodorylaimus,individuos contados para identificación,0.0,reportado,Omnivores · c-p 4 · p-p 0 · masa 1.277 µg
1,Bosque,1,Bosque_1,Victor Trejos Sanchez,taxones_abundancia,mesocriconema,Mesocriconema,individuos/100 cm³ de suelo,0.0,reportado,Herbivores - ectoparasites · c-p 0 · p-p 3 · masa 0.504 µg
1,Bosque,1,Bosque_1,Victor Trejos Sanchez,taxones_composicion,mesocriconema,Mesocriconema,% de la abundancia total,0.0,reportado,Herbivores - ectoparasites · c-p 0 · p-p 3 · masa 0.504 µg
1,Bosque,1,Bosque_1,Victor Trejos Sanchez,taxones_conteos,mesocriconema,Mesocriconema,individuos contados para identificación,0.0,reportado,Herbivores - ectoparasites · c-p 0 · p-p 3 · masa 0.504 µg
1,Bosque,1,Bosque_1,Victor Trejos Sanchez,taxones_abundancia,protorhabditis,Protorhabditis,individuos/100 cm³ de suelo,0.0,reportado,Bacterivores · c-p 1 · p-p 0 · masa 0.264 µg
1,Bosque,1,Bosque_1,Victor Trejos Sanchez,taxones_composicion,protorhabditis,Protorhabditis,% de la abundancia total,0.0,reportado,Bacterivores · c-p 1 · p-p 0 · masa 0.264 µg
1,Bosque,1,Bosque_1,Victor Trejos Sanchez,taxones_conteos,protorhabditis,Protorhabditis,individuos contados para identificación,0.0,reportado,Bacterivores · c-p 1 · p-p 0 · masa 0.264 µg
1,Bosque,1,Bosque_1,Victor Trejos Sanchez,taxones_abundancia,pseudacrobeles,Pseudacrobeles,individuos/100 cm³ de suelo,0.0,reportado,Bacterivores · c-p 2 · p-p 0 · masa 0.217 µg
1,Bosque,1,Bosque_1,Victor Trejos Sanchez,taxones_composicion,pseudacrobeles,Pseudacrobeles,% de la abundancia total,0.0,reportado,Bacterivores · c-p 2 · p-p 0 · masa 0.217 µg
1,Bosque,1,Bosque_1,Victor Trejos Sanchez,taxones_conteos,pseudacrobeles,Pseudacrobeles,individuos contados para identificación,0.0,reportado,Bacterivores · c-p 2 · p-p 0 · masa 0.217 µg
1,Bosque,1,Bosque_1,Victor Trejos Sanchez,taxones_abundancia,plectus,Plectus,individuos/100 cm³ de suelo,0.0,reportado,Bacterivores · c-p 2 · p-p 0 · masa 0.858 µg
1,Bosque,1,Bosque_1,Victor Trejos Sanchez,taxones_composicion,plectus,Plectus,% de la abundancia total,0.0,reportado,Bacterivores · c-p 2 · p-p 0 · masa 0.858 µg
1,Bosque,1,Bosque_1,Victor Trejos Sanchez,taxones_conteos,plectus,Plectus,individuos contados para identificación,0.0,reportado,Bacterivores · c-p 2 · p-p 0 · masa 0.858 µg
1,Bosque,1,Bosque_1,Victor Trejos Sanchez,taxones_abundancia,pratylenchus,Pratylenchus,individuos/100 cm³ de suelo,204.0,reportado,Herbivores - migratory endoparasites · c-p 0 · p-p 3 · masa 0.144 µg
1,Bosque,1,Bosque_1,Victor Trejos Sanchez,taxones_composicion,pratylenchus,Pratylenchus,% de la abundancia total,12.0,reportado,Herbivores - migratory endoparasites · c-p 0 · p-p 3 · masa 0.144 µg
1,Bosque,1,Bosque_1,Victor Trejos Sanchez,taxones_conteos,pratylenchus,Pratylenchus,individuos contados para identificación,24.0,reportado,Herbivores - migratory endoparasites · c-p 0 · p-p 3 · masa 0.144 µg
1,Bosque,1,Bosque_1,Victor Trejos Sanchez,taxones_abundancia,prodorylaimus,Prodorylaimus,individuos/100 cm³ de suelo,0.0,reportado,Omnivores · c-p 4 · p-p 0 · masa 5.631 µg
1,Bosque,1,Bosque_1,Victor Trejos Sanchez,taxones_composicion,prodorylaimus,Prodorylaimus,% de la abundancia total,0.0,reportado,Omnivores · c-p 4 · p-p 0 · masa 5.631 µg
1,Bosque,1,Bosque_1,Victor Trejos Sanchez,taxones_conteos,prodorylaimus,Prodorylaimus,individuos contados para identificación,0.0,reportado,Omnivores · c-p 4 · p-p 0 · masa 5.631 µg
1,Bosque,1,Bosque_1,Victor Trejos Sanchez,taxones_abundancia,rhabditis,Rhabditis,individuos/100 cm³ de suelo,34.0,reportado,Bacterivores · c-p 1 · p-p 0 · masa 7.5 µg
1,Bosque,1,Bosque_1,Victor Trejos Sanchez,taxones_composicion,rhabditis,Rhabditis,% de la abundancia total,2.0,reportado,Bacterivores · c-p 1 · p-p 0 · masa 7.5 µg
1,Bosque,1,Bosque_1,Victor Trejos Sanchez,taxones_conteos,rhabditis,Rhabditis,individuos contados para identificación,4.0,reportado,Bacterivores · c-p 1 · p-p 0 · masa 7.5 µg
1,Bosque,1,Bosque_1,Victor Trejos Sanchez,taxones_abundancia,rotylenchulus,Rotylenchulus,individuos/100 cm³ de suelo,0.0,reportado,Herbivores - sedentary parasites · c-p 0 · p-p 3 · masa 1.77 µg
1,Bosque,1,Bosque_1,Victor Trejos Sanchez,taxones_composicion,rotylenchulus,Rotylenchulus,% de la abundancia total,0.0,reportado,Herbivores - sedentary parasites · c-p 0 · p-p 3 · masa 1.77 µg
1,Bosque,1,Bosque_1,Victor Trejos Sanchez,taxones_conteos,rotylenchulus,Rotylenchulus,individuos contados para identificación,0.0,reportado,Herbivores - sedentary parasites · c-p 0 · p-p 3 · masa 1.77 µg
1,Bosque,1,Bosque_1,Victor Trejos Sanchez,taxones_abundancia,stegelletina,Stegelletina,individuos/100 cm³ de suelo,0.0,reportado,Bacterivores · c-p 2 · p-p 0 · masa 0.073 µg
1,Bosque,1,Bosque_1,Victor Trejos Sanchez,taxones_composicion,stegelletina,Stegelletina,% de la abundancia total,0.0,reportado,Bacterivores · c-p 2 · p-p 0 · masa 0.073 µg
1,Bosque,1,Bosque_1,Victor Trejos Sanchez,taxones_conteos,stegelletina,Stegelletina,individuos contados para identificación,0.0,reportado,Bacterivores · c-p 2 · p-p 0 · masa 0.073 µg
1,Bosque,1,Bosque_1,Victor Trejos Sanchez,taxones_abundancia,teratocephalus,Teratocephalus,individuos/100 cm³ de suelo,0.0,reportado,Bacterivores · c-p 3 · p-p 0 · masa 0.084 µg
1,Bosque,1,Bosque_1,Victor Trejos Sanchez,taxones_composicion,teratocephalus,Teratocephalus,% de la abundancia total,0.0,reportado,Bacterivores · c-p 3 · p-p 0 · masa 0.084 µg
1,Bosque,1,Bosque_1,Victor Trejos Sanchez,taxones_conteos,teratocephalus,Teratocephalus,individuos contados para identificación,0.0,reportado,Bacterivores · c-p 3 · p-p 0 · masa 0.084 µg
1,Bosque,1,Bosque_1,Victor Trejos Sanchez,taxones_abundancia,trophurus,Trophurus,individuos/100 cm³ de suelo,0.0,reportado,Herbivores - ectoparasites · c-p 0 · p-p 3 · masa 0.278 µg
1,Bosque,1,Bosque_1,Victor Trejos Sanchez,taxones_composicion,trophurus,Trophurus,% de la abundancia total,0.0,reportado,Herbivores - ectoparasites · c-p 0 · p-p 3 · masa 0.278 µg
1,Bosque,1,Bosque_1,Victor Trejos Sanchez,taxones_conteos,trophurus,Trophurus,individuos contados para identificación,0.0,reportado,Herbivores - ectoparasites · c-p 0 · p-p 3 · masa 0.278 µg
1,Bosque,1,Bosque_1,Victor Trejos Sanchez,taxones_abundancia,tylenchus,Tylenchus,individuos/100 cm³ de suelo,0.0,reportado,Herbivores - epidermal/root hair feeders · c-p 0 · p-p 2 · masa 0.36 µg
1,Bosque,1,Bosque_1,Victor Trejos Sanchez,taxones_composicion,tylenchus,Tylenchus,% de la abundancia total,0.0,reportado,Herbivores - epidermal/root hair feeders · c-p 0 · p-p 2 · masa 0.36 µg
1,Bosque,1,Bosque_1,Victor Trejos Sanchez,taxones_conteos,tylenchus,Tylenchus,individuos contados para identificación,0.0,reportado,Herbivores - epidermal/root hair feeders · c-p 0 · p-p 2 · masa 0.36 µg
1,Bosque,1,Bosque_1,Victor Trejos Sanchez,taxones_abundancia,xiphinema,Xiphinema,individuos/100 cm³ de suelo,0.0,reportado,Herbivores - ectoparasites · c-p 0 · p-p 5 · masa 5.395 µg
1,Bosque,1,Bosque_1,Victor Trejos Sanchez,taxones_composicion,xiphinema,Xiphinema,% de la abundancia total,0.0,reportado,Herbivores - ectoparasites · c-p 0 · p-p 5 · masa 5.395 µg
1,Bosque,1,Bosque_1,Victor Trejos Sanchez,taxones_conteos,xiphinema,Xiphinema,individuos contados para identificación,0.0,reportado,Herbivores - ectoparasites · c-p 0 · p-p 5 · masa 5.395 µg
1,Bosque,1,Bosque_1,Victor Trejos Sanchez,grupos_abundancia,herbivoros,Herbívoros,individuos/100 cm³ de suelo,1564.0,reportado,
1,Bosque,1,Bosque_1,Victor Trejos Sanchez,grupos_composicion,herbivoros,Herbívoros,% de la abundancia total,92.0,reportado,
1,Bosque,1,Bosque_1,Victor Trejos Sanchez,grupos_abundancia,fungivoros,Fungívoros,individuos/100 cm³ de suelo,85.0,reportado,
1,Bosque,1,Bosque_1,Victor Trejos Sanchez,grupos_composicion,fungivoros,Fungívoros,% de la abundancia total,5.0,reportado,
1,Bosque,1,Bosque_1,Victor Trejos Sanchez,grupos_abundancia,bacterivoros,Bacterívoros,individuos/100 cm³ de suelo,51.0,reportado,
1,Bosque,1,Bosque_1,Victor Trejos Sanchez,grupos_composicion,bacterivoros,Bacterívoros,% de la abundancia total,3.0,reportado,
1,Bosque,1,Bosque_1,Victor Trejos Sanchez,grupos_abundancia,depredadores,Depredadores,individuos/100 cm³ de suelo,0.0,reportado,
1,Bosque,1,Bosque_1,Victor Trejos Sanchez,grupos_composicion,depredadores,Depredadores,% de la abundancia total,0.0,reportado,
1,Bosque,1,Bosque_1,Victor Trejos Sanchez,grupos_abundancia,omnivoros,Omnívoros,individuos/100 cm³ de suelo,0.0,reportado,
1,Bosque,1,Bosque_1,Victor Trejos Sanchez,grupos_composicion,omnivoros,Omnívoros,% de la abundancia total,0.0,reportado,
1,Pina,1,Pina_1,Victor Trejos Sanchez,indicadores,abundancia_total,Abundancia total,individuos/100 cm³ de suelo,700.0,reportado,
1,Pina,1,Pina_1,Victor Trejos Sanchez,indicadores,riqueza_taxones,Riqueza observada,taxones con abundancia mayor que cero,11.0,reportado,
1,Pina,1,Pina_1,Victor Trejos Sanchez,parametros_muestra,abundancia_en_1_ml,Abundancia observada en 1 ml,individuos/mL,70.0,reportado,
1,Pina,1,Pina_1,Victor Trejos Sanchez,parametros_muestra,volumen_contado_abundancia_ml,Volumen contado para abundancia,mL,1.0,reportado,
1,Pina,1,Pina_1,Victor Trejos Sanchez,parametros_muestra,volumen_agregado_identificacion_ml,Volumen agregado para identificación,mL,2.0,reportado,
1,Pina,1,Pina_1,Victor Trejos Sanchez,parametros_muestra,total_individuos_identificados,Total de individuos identificados,individuos,351.0,reportado,
1,Pina,1,Pina_1,Victor Trejos Sanchez,parametros_muestra,abundancia_total_ninja,Abundancia total usada por NINJA,individuos/100 cm³ de suelo,700.0,reportado,
1,Pina,1,Pina_1,Victor Trejos Sanchez,indices_ninja,mi,Índice de madurez (MI),índice,1.6,reportado,
1,Pina,1,Pina_1,Victor Trejos Sanchez,indices_ninja,mi2_5,Índice de madurez 2–5 (MI2-5),índice,2.0,reportado,
1,Pina,1,Pina_1,Victor Trejos Sanchez,indices_ninja,smi,Índice SMI,índice,2.98,reportado,
1,Pina,1,Pina_1,Victor Trejos Sanchez,indices_ninja,ppi,Índice de parásitos de plantas (PPI),índice,3.0,reportado,
1,Pina,1,Pina_1,Victor Trejos Sanchez,indices_ninja,ci,Índice de canal (CI),índice 0–100,11.11,reportado,
1,Pina,1,Pina_1,Victor Trejos Sanchez,indices_ninja,bi,Índice basal (BI),índice 0–100,25.0,reportado,
1,Pina,1,Pina_1,Victor Trejos Sanchez,indices_ninja,ei,Índice de enriquecimiento (EI),índice 0–100,75.0,reportado,
1,Pina,1,Pina_1,Victor Trejos Sanchez,indices_ninja,si,Índice de estructura (SI),índice 0–100,0.0,reportado,
1,Pina,1,Pina_1,Victor Trejos Sanchez,huellas_ninja,total_biomass_mg,Biomasa total,mg,2.55,reportado,
1,Pina,1,Pina_1,Victor Trejos Sanchez,huellas_ninja,cft,CFT (NINJA),unidad no indicada en la fuente,384.97,reportado,
1,Pina,1,Pina_1,Victor Trejos Sanchez,huellas_ninja,eft,EFT (NINJA),unidad no indicada en la fuente,1.09,reportado,
1,Pina,1,Pina_1,Victor Trejos Sanchez,huellas_ninja,sft,SFT (NINJA),unidad no indicada en la fuente,0.0,reportado,
1,Pina,1,Pina_1,Victor Trejos Sanchez,huellas_ninja,heft,HeFT (NINJA),unidad no indicada en la fuente,383.5,reportado,
1,Pina,1,Pina_1,Victor Trejos Sanchez,huellas_ninja,fuft,FuFT (NINJA),unidad no indicada en la fuente,0.15,reportado,
1,Pina,1,Pina_1,Victor Trejos Sanchez,huellas_ninja,baft,BaFT (NINJA),unidad no indicada en la fuente,1.33,reportado,
1,Pina,1,Pina_1,Victor Trejos Sanchez,huellas_ninja,prft,PrFT (NINJA),unidad no indicada en la fuente,0.0,reportado,
1,Pina,1,Pina_1,Victor Trejos Sanchez,huellas_ninja,unicellular_eucaryote_feeder_footprint,Huella de consumidores de eucariotas unicelulares,unidad no indicada en la fuente,0.0,reportado,
1,Pina,1,Pina_1,Victor Trejos Sanchez,huellas_ninja,omnivore_footprint,Huella de omnívoros,unidad no indicada en la fuente,0.0,reportado,
1,Pina,1,Pina_1,Victor Trejos Sanchez,huellas_ninja,total_number_ind,Número total de individuos (NINJA),individuos/100 cm³ de suelo,700.0,reportado,
1,Pina,1,Pina_1,Victor Trejos Sanchez,porcentajes_ninja,herbivores_pct_of_total,Herbívoros del total,%,98.6,reportado,
1,Pina,1,Pina_1,Victor Trejos Sanchez,porcentajes_ninja,fungivores_pct_of_total,Fungívoros del total,%,0.3,reportado,
1,Pina,1,Pina_1,Victor Trejos Sanchez,porcentajes_ninja,fungivores_pct_of_free_living,Fungívoros de vida libre,%,20.0,reportado,
1,Pina,1,Pina_1,Victor Trejos Sanchez,porcentajes_ninja,bacterivores_pct_of_total,Bacterívoros del total,%,1.1,reportado,
1,Pina,1,Pina_1,Victor Trejos Sanchez,porcentajes_ninja,bacterivores_pct_of_free_living,Bacterívoros de vida libre,%,80.0,reportado,
1,Pina,1,Pina_1,Victor Trejos Sanchez,porcentajes_ninja,predators_pct_of_total,Depredadores del total,%,0.0,reportado,
1,Pina,1,Pina_1,Victor Trejos Sanchez,porcentajes_ninja,predators_pct_of_free_living,Depredadores de vida libre,%,0.0,reportado,
1,Pina,1,Pina_1,Victor Trejos Sanchez,porcentajes_ninja,unicellular_eucaryote_feeders_pct_of_total,Consumidores de eucariotas unicelulares del total,%,0.0,reportado,
1,Pina,1,Pina_1,Victor Trejos Sanchez,porcentajes_ninja,unicellular_eucaryote_feeders_pct_of_free_living,Consumidores de eucariotas unicelulares de vida libre,%,0.0,reportado,
1,Pina,1,Pina_1,Victor Trejos Sanchez,porcentajes_ninja,omnivores_pct_of_total,Omnívoros del total,%,0.0,reportado,
1,Pina,1,Pina_1,Victor Trejos Sanchez,porcentajes_ninja,omnivores_pct_of_free_living,Omnívoros de vida libre,%,0.0,reportado,
1,Pina,1,Pina_1,Victor Trejos Sanchez,porcentajes_ninja,sedentary_parasites_pct_of_herbivores,Parásitos sedentarios de los herbívoros,%,4.3,reportado,
1,Pina,1,Pina_1,Victor Trejos Sanchez,porcentajes_ninja,migratory_endoparasites_pct_of_herbivores,Endoparásitos migratorios de los herbívoros,%,3.2,reportado,
1,Pina,1,Pina_1,Victor Trejos Sanchez,porcentajes_ninja,semi_endoparasites_pct_of_herbivores,Semiendoparásitos de los herbívoros,%,7.5,reportado,
1,Pina,1,Pina_1,Victor Trejos Sanchez,porcentajes_ninja,ectoparasites_pct_of_herbivores,Ectoparásitos de los herbívoros,%,84.7,reportado,
1,Pina,1,Pina_1,Victor Trejos Sanchez,porcentajes_ninja,epidermal_root_hair_feeders_pct_of_herbivores,Consumidores de epidermis y pelos radicales de los herbívoros,%,0.3,reportado,
1,Pina,1,Pina_1,Victor Trejos Sanchez,porcentajes_ninja,algal_lichen_moss_feeders_pct_of_herbivores,"Consumidores de algas, líquenes y musgos de los herbívoros",%,0.0,reportado,
1,Pina,1,Pina_1,Victor Trejos Sanchez,porcentajes_ninja,cp_1_pct_of_free_living,c-p 1 de vida libre,%,40.0,reportado,
1,Pina,1,Pina_1,Victor Trejos Sanchez,porcentajes_ninja,cp_2_pct_of_free_living,c-p 2 de vida libre,%,60.0,reportado,
1,Pina,1,Pina_1,Victor Trejos Sanchez,porcentajes_ninja,cp_3_pct_of_free_living,c-p 3 de vida libre,%,0.0,reportado,
1,Pina,1,Pina_1,Victor Trejos Sanchez,porcentajes_ninja,cp_4_pct_of_free_living,c-p 4 de vida libre,%,0.0,reportado,
1,Pina,1,Pina_1,Victor Trejos Sanchez,porcentajes_ninja,cp_5_pct_of_free_living,c-p 5 de vida libre,%,0.0,reportado,
1,Pina,1,Pina_1,Victor Trejos Sanchez,porcentajes_ninja,pp_2_pct_of_herbivores,p-p 2 de los herbívoros,%,0.3,reportado,
1,Pina,1,Pina_1,Victor Trejos Sanchez,porcentajes_ninja,pp_3_pct_of_herbivores,p-p 3 de los herbívoros,%,99.7,reportado,
1,Pina,1,Pina_1,Victor Trejos Sanchez,porcentajes_ninja,pp_4_pct_of_herbivores,p-p 4 de los herbívoros,%,0.0,reportado,
1,Pina,1,Pina_1,Victor Trejos Sanchez,porcentajes_ninja,pp_5_pct_of_herbivores,p-p 5 de los herbívoros,%,0.0,reportado,
1,Pina,1,Pina_1,Victor Trejos Sanchez,taxones_abundancia,alaimus,Alaimus,individuos/100 cm³ de suelo,0.0,reportado,Bacterivores · c-p 4 · p-p 0 · masa 0.561 µg
1,Pina,1,Pina_1,Victor Trejos Sanchez,taxones_composicion,alaimus,Alaimus,% de la abundancia total,0.0,reportado,Bacterivores · c-p 4 · p-p 0 · masa 0.561 µg
1,Pina,1,Pina_1,Victor Trejos Sanchez,taxones_conteos,alaimus,Alaimus,individuos contados para identificación,0.0,reportado,Bacterivores · c-p 4 · p-p 0 · masa 0.561 µg
1,Pina,1,Pina_1,Victor Trejos Sanchez,taxones_abundancia,aglenchus,Aglenchus,individuos/100 cm³ de suelo,1.9943019943019944,reportado,Herbivores - epidermal/root hair feeders · c-p 0 · p-p 2 · masa 0.082 µg
1,Pina,1,Pina_1,Victor Trejos Sanchez,taxones_composicion,aglenchus,Aglenchus,% de la abundancia total,0.2849002849002849,reportado,Herbivores - epidermal/root hair feeders · c-p 0 · p-p 2 · masa 0.082 µg
1,Pina,1,Pina_1,Victor Trejos Sanchez,taxones_conteos,aglenchus,Aglenchus,individuos contados para identificación,1.0,reportado,Herbivores - epidermal/root hair feeders · c-p 0 · p-p 2 · masa 0.082 µg
1,Pina,1,Pina_1,Victor Trejos Sanchez,taxones_abundancia,aphelenchoides,Aphelenchoides,individuos/100 cm³ de suelo,1.9943019943019944,reportado,Fungivores · c-p 2 · p-p 0 · masa 0.151 µg
1,Pina,1,Pina_1,Victor Trejos Sanchez,taxones_composicion,aphelenchoides,Aphelenchoides,% de la abundancia total,0.2849002849002849,reportado,Fungivores · c-p 2 · p-p 0 · masa 0.151 µg
1,Pina,1,Pina_1,Victor Trejos Sanchez,taxones_conteos,aphelenchoides,Aphelenchoides,individuos contados para identificación,1.0,reportado,Fungivores · c-p 2 · p-p 0 · masa 0.151 µg
1,Pina,1,Pina_1,Victor Trejos Sanchez,taxones_abundancia,aporcelaimellus,Aporcelaimellus,individuos/100 cm³ de suelo,0.0,reportado,Omnivores · c-p 5 · p-p 0 · masa 9.048 µg
1,Pina,1,Pina_1,Victor Trejos Sanchez,taxones_composicion,aporcelaimellus,Aporcelaimellus,% de la abundancia total,0.0,reportado,Omnivores · c-p 5 · p-p 0 · masa 9.048 µg
1,Pina,1,Pina_1,Victor Trejos Sanchez,taxones_conteos,aporcelaimellus,Aporcelaimellus,individuos contados para identificación,0.0,reportado,Omnivores · c-p 5 · p-p 0 · masa 9.048 µg
1,Pina,1,Pina_1,Victor Trejos Sanchez,taxones_abundancia,aphelenchus,Aphelenchus,individuos/100 cm³ de suelo,0.0,reportado,Fungivores · c-p 2 · p-p 0 · masa 0.218 µg
1,Pina,1,Pina_1,Victor Trejos Sanchez,taxones_composicion,aphelenchus,Aphelenchus,% de la abundancia total,0.0,reportado,Fungivores · c-p 2 · p-p 0 · masa 0.218 µg
1,Pina,1,Pina_1,Victor Trejos Sanchez,taxones_conteos,aphelenchus,Aphelenchus,individuos contados para identificación,0.0,reportado,Fungivores · c-p 2 · p-p 0 · masa 0.218 µg
1,Pina,1,Pina_1,Victor Trejos Sanchez,taxones_abundancia,cribronema,Cribronema,individuos/100 cm³ de suelo,0.0,reportado,Bacterivores · c-p 2 · p-p 0 · masa 0.039 µg
1,Pina,1,Pina_1,Victor Trejos Sanchez,taxones_composicion,cribronema,Cribronema,% de la abundancia total,0.0,reportado,Bacterivores · c-p 2 · p-p 0 · masa 0.039 µg
1,Pina,1,Pina_1,Victor Trejos Sanchez,taxones_conteos,cribronema,Cribronema,individuos contados para identificación,0.0,reportado,Bacterivores · c-p 2 · p-p 0 · masa 0.039 µg
1,Pina,1,Pina_1,Victor Trejos Sanchez,taxones_abundancia,criconematidae,Criconematidae,individuos/100 cm³ de suelo,299.14529914529913,reportado,Herbivores - ectoparasites · c-p 0 · p-p 3 · masa 0.567 µg
1,Pina,1,Pina_1,Victor Trejos Sanchez,taxones_composicion,criconematidae,Criconematidae,% de la abundancia total,42.73504273504273,reportado,Herbivores - ectoparasites · c-p 0 · p-p 3 · masa 0.567 µg
1,Pina,1,Pina_1,Victor Trejos Sanchez,taxones_conteos,criconematidae,Criconematidae,individuos contados para identificación,150.0,reportado,Herbivores - ectoparasites · c-p 0 · p-p 3 · masa 0.567 µg
1,Pina,1,Pina_1,Victor Trejos Sanchez,taxones_abundancia,chronogaster,Chronogaster,individuos/100 cm³ de suelo,0.0,reportado,Bacterivores · c-p 3 · p-p 0 · masa 0.335 µg
1,Pina,1,Pina_1,Victor Trejos Sanchez,taxones_composicion,chronogaster,Chronogaster,% de la abundancia total,0.0,reportado,Bacterivores · c-p 3 · p-p 0 · masa 0.335 µg
1,Pina,1,Pina_1,Victor Trejos Sanchez,taxones_conteos,chronogaster,Chronogaster,individuos contados para identificación,0.0,reportado,Bacterivores · c-p 3 · p-p 0 · masa 0.335 µg
1,Pina,1,Pina_1,Victor Trejos Sanchez,taxones_abundancia,cephalobus,Cephalobus,individuos/100 cm³ de suelo,0.0,reportado,Bacterivores · c-p 2 · p-p 0 · masa 0.266 µg
1,Pina,1,Pina_1,Victor Trejos Sanchez,taxones_composicion,cephalobus,Cephalobus,% de la abundancia total,0.0,reportado,Bacterivores · c-p 2 · p-p 0 · masa 0.266 µg
1,Pina,1,Pina_1,Victor Trejos Sanchez,taxones_conteos,cephalobus,Cephalobus,individuos contados para identificación,0.0,reportado,Bacterivores · c-p 2 · p-p 0 · masa 0.266 µg
1,Pina,1,Pina_1,Victor Trejos Sanchez,taxones_abundancia,clarkus,Clarkus,individuos/100 cm³ de suelo,0.0,reportado,Predators · c-p 4 · p-p 0 · masa 3.897 µg
1,Pina,1,Pina_1,Victor Trejos Sanchez,taxones_composicion,clarkus,Clarkus,% de la abundancia total,0.0,reportado,Predators · c-p 4 · p-p 0 · masa 3.897 µg
1,Pina,1,Pina_1,Victor Trejos Sanchez,taxones_conteos,clarkus,Clarkus,individuos contados para identificación,0.0,reportado,Predators · c-p 4 · p-p 0 · masa 3.897 µg
1,Pina,1,Pina_1,Victor Trejos Sanchez,taxones_abundancia,diplogaster,Diplogaster,individuos/100 cm³ de suelo,0.0,reportado,Bacterivores · c-p 1 · p-p 0 · masa 1.886 µg
1,Pina,1,Pina_1,Victor Trejos Sanchez,taxones_composicion,diplogaster,Diplogaster,% de la abundancia total,0.0,reportado,Bacterivores · c-p 1 · p-p 0 · masa 1.886 µg
1,Pina,1,Pina_1,Victor Trejos Sanchez,taxones_conteos,diplogaster,Diplogaster,individuos contados para identificación,0.0,reportado,Bacterivores · c-p 1 · p-p 0 · masa 1.886 µg
1,Pina,1,Pina_1,Victor Trejos Sanchez,taxones_abundancia,diphtherophora,Diphtherophora,individuos/100 cm³ de suelo,0.0,reportado,Fungivores · c-p 3 · p-p 0 · masa 0.504 µg
1,Pina,1,Pina_1,Victor Trejos Sanchez,taxones_composicion,diphtherophora,Diphtherophora,% de la abundancia total,0.0,reportado,Fungivores · c-p 3 · p-p 0 · masa 0.504 µg
1,Pina,1,Pina_1,Victor Trejos Sanchez,taxones_conteos,diphtherophora,Diphtherophora,individuos contados para identificación,0.0,reportado,Fungivores · c-p 3 · p-p 0 · masa 0.504 µg
1,Pina,1,Pina_1,Victor Trejos Sanchez,taxones_abundancia,discocriconemella,Discocriconemella,individuos/100 cm³ de suelo,279.2022792022792,reportado,Herbivores - ectoparasites · c-p 0 · p-p 3 · masa 0.338 µg
1,Pina,1,Pina_1,Victor Trejos Sanchez,taxones_composicion,discocriconemella,Discocriconemella,% de la abundancia total,39.88603988603989,reportado,Herbivores - ectoparasites · c-p 0 · p-p 3 · masa 0.338 µg
1,Pina,1,Pina_1,Victor Trejos Sanchez,taxones_conteos,discocriconemella,Discocriconemella,individuos contados para identificación,140.0,reportado,Herbivores - ectoparasites · c-p 0 · p-p 3 · masa 0.338 µg
1,Pina,1,Pina_1,Victor Trejos Sanchez,taxones_abundancia,eucephalobus,Eucephalobus,individuos/100 cm³ de suelo,0.0,reportado,Bacterivores · c-p 2 · p-p 0 · masa 0.236 µg
1,Pina,1,Pina_1,Victor Trejos Sanchez,taxones_composicion,eucephalobus,Eucephalobus,% de la abundancia total,0.0,reportado,Bacterivores · c-p 2 · p-p 0 · masa 0.236 µg
1,Pina,1,Pina_1,Victor Trejos Sanchez,taxones_conteos,eucephalobus,Eucephalobus,individuos contados para identificación,0.0,reportado,Bacterivores · c-p 2 · p-p 0 · masa 0.236 µg
1,Pina,1,Pina_1,Victor Trejos Sanchez,taxones_abundancia,ecphyadophora,Ecphyadophora,individuos/100 cm³ de suelo,0.0,reportado,Herbivores - epidermal/root hair feeders · c-p 0 · p-p 2 · masa 0.02 µg
1,Pina,1,Pina_1,Victor Trejos Sanchez,taxones_composicion,ecphyadophora,Ecphyadophora,% de la abundancia total,0.0,reportado,Herbivores - epidermal/root hair feeders · c-p 0 · p-p 2 · masa 0.02 µg
1,Pina,1,Pina_1,Victor Trejos Sanchez,taxones_conteos,ecphyadophora,Ecphyadophora,individuos contados para identificación,0.0,reportado,Herbivores - epidermal/root hair feeders · c-p 0 · p-p 2 · masa 0.02 µg
1,Pina,1,Pina_1,Victor Trejos Sanchez,taxones_abundancia,filenchus,Filenchus,individuos/100 cm³ de suelo,0.0,reportado,Fungivores · c-p 2 · p-p 0 · masa 0.099 µg
1,Pina,1,Pina_1,Victor Trejos Sanchez,taxones_composicion,filenchus,Filenchus,% de la abundancia total,0.0,reportado,Fungivores · c-p 2 · p-p 0 · masa 0.099 µg
1,Pina,1,Pina_1,Victor Trejos Sanchez,taxones_conteos,filenchus,Filenchus,individuos contados para identificación,0.0,reportado,Fungivores · c-p 2 · p-p 0 · masa 0.099 µg
1,Pina,1,Pina_1,Victor Trejos Sanchez,taxones_abundancia,helicotylenchus,Helicotylenchus,individuos/100 cm³ de suelo,51.85185185185185,reportado,Herbivores - semi-endoparasites · c-p 0 · p-p 3 · masa 0.294 µg
1,Pina,1,Pina_1,Victor Trejos Sanchez,taxones_composicion,helicotylenchus,Helicotylenchus,% de la abundancia total,7.4074074074074066,reportado,Herbivores - semi-endoparasites · c-p 0 · p-p 3 · masa 0.294 µg
1,Pina,1,Pina_1,Victor Trejos Sanchez,taxones_conteos,helicotylenchus,Helicotylenchus,individuos contados para identificación,26.0,reportado,Herbivores - semi-endoparasites · c-p 0 · p-p 3 · masa 0.294 µg
1,Pina,1,Pina_1,Victor Trejos Sanchez,taxones_abundancia,ironus,Ironus,individuos/100 cm³ de suelo,0.0,reportado,Predators · c-p 4 · p-p 0 · masa 4.188 µg
1,Pina,1,Pina_1,Victor Trejos Sanchez,taxones_composicion,ironus,Ironus,% de la abundancia total,0.0,reportado,Predators · c-p 4 · p-p 0 · masa 4.188 µg
1,Pina,1,Pina_1,Victor Trejos Sanchez,taxones_conteos,ironus,Ironus,individuos contados para identificación,0.0,reportado,Predators · c-p 4 · p-p 0 · masa 4.188 µg
1,Pina,1,Pina_1,Victor Trejos Sanchez,taxones_abundancia,meloidogyne,Meloidogyne,individuos/100 cm³ de suelo,25.925925925925924,reportado,Herbivores - sedentary parasites · c-p 0 · p-p 3 · masa 86.985 µg
1,Pina,1,Pina_1,Victor Trejos Sanchez,taxones_composicion,meloidogyne,Meloidogyne,% de la abundancia total,3.7037037037037033,reportado,Herbivores - sedentary parasites · c-p 0 · p-p 3 · masa 86.985 µg
1,Pina,1,Pina_1,Victor Trejos Sanchez,taxones_conteos,meloidogyne,Meloidogyne,individuos contados para identificación,13.0,reportado,Herbivores - sedentary parasites · c-p 0 · p-p 3 · masa 86.985 µg
1,Pina,1,Pina_1,Victor Trejos Sanchez,taxones_abundancia,metateratocephalus,Metateratocephalus,individuos/100 cm³ de suelo,0.0,reportado,Bacterivores · c-p 3 · p-p 0 · masa 0.073 µg
1,Pina,1,Pina_1,Victor Trejos Sanchez,taxones_composicion,metateratocephalus,Metateratocephalus,% de la abundancia total,0.0,reportado,Bacterivores · c-p 3 · p-p 0 · masa 0.073 µg
1,Pina,1,Pina_1,Victor Trejos Sanchez,taxones_conteos,metateratocephalus,Metateratocephalus,individuos contados para identificación,0.0,reportado,Bacterivores · c-p 3 · p-p 0 · masa 0.073 µg
1,Pina,1,Pina_1,Victor Trejos Sanchez,taxones_abundancia,mesorhabditis,Mesorhabditis,individuos/100 cm³ de suelo,3.988603988603989,reportado,Bacterivores · c-p 1 · p-p 0 · masa 0.568 µg
1,Pina,1,Pina_1,Victor Trejos Sanchez,taxones_composicion,mesorhabditis,Mesorhabditis,% de la abundancia total,0.5698005698005698,reportado,Bacterivores · c-p 1 · p-p 0 · masa 0.568 µg
1,Pina,1,Pina_1,Victor Trejos Sanchez,taxones_conteos,mesorhabditis,Mesorhabditis,individuos contados para identificación,2.0,reportado,Bacterivores · c-p 1 · p-p 0 · masa 0.568 µg
1,Pina,1,Pina_1,Victor Trejos Sanchez,taxones_abundancia,mesodorylaimus,Mesodorylaimus,individuos/100 cm³ de suelo,0.0,reportado,Omnivores · c-p 4 · p-p 0 · masa 1.277 µg
1,Pina,1,Pina_1,Victor Trejos Sanchez,taxones_composicion,mesodorylaimus,Mesodorylaimus,% de la abundancia total,0.0,reportado,Omnivores · c-p 4 · p-p 0 · masa 1.277 µg
1,Pina,1,Pina_1,Victor Trejos Sanchez,taxones_conteos,mesodorylaimus,Mesodorylaimus,individuos contados para identificación,0.0,reportado,Omnivores · c-p 4 · p-p 0 · masa 1.277 µg
1,Pina,1,Pina_1,Victor Trejos Sanchez,taxones_abundancia,mesocriconema,Mesocriconema,individuos/100 cm³ de suelo,5.982905982905984,reportado,Herbivores - ectoparasites · c-p 0 · p-p 3 · masa 0.504 µg
1,Pina,1,Pina_1,Victor Trejos Sanchez,taxones_composicion,mesocriconema,Mesocriconema,% de la abundancia total,0.8547008547008548,reportado,Herbivores - ectoparasites · c-p 0 · p-p 3 · masa 0.504 µg
1,Pina,1,Pina_1,Victor Trejos Sanchez,taxones_conteos,mesocriconema,Mesocriconema,individuos contados para identificación,3.0,reportado,Herbivores - ectoparasites · c-p 0 · p-p 3 · masa 0.504 µg
1,Pina,1,Pina_1,Victor Trejos Sanchez,taxones_abundancia,protorhabditis,Protorhabditis,individuos/100 cm³ de suelo,0.0,reportado,Bacterivores · c-p 1 · p-p 0 · masa 0.264 µg
1,Pina,1,Pina_1,Victor Trejos Sanchez,taxones_composicion,protorhabditis,Protorhabditis,% de la abundancia total,0.0,reportado,Bacterivores · c-p 1 · p-p 0 · masa 0.264 µg
1,Pina,1,Pina_1,Victor Trejos Sanchez,taxones_conteos,protorhabditis,Protorhabditis,individuos contados para identificación,0.0,reportado,Bacterivores · c-p 1 · p-p 0 · masa 0.264 µg
1,Pina,1,Pina_1,Victor Trejos Sanchez,taxones_abundancia,pseudacrobeles,Pseudacrobeles,individuos/100 cm³ de suelo,3.988603988603989,reportado,Bacterivores · c-p 2 · p-p 0 · masa 0.217 µg
1,Pina,1,Pina_1,Victor Trejos Sanchez,taxones_composicion,pseudacrobeles,Pseudacrobeles,% de la abundancia total,0.5698005698005698,reportado,Bacterivores · c-p 2 · p-p 0 · masa 0.217 µg
1,Pina,1,Pina_1,Victor Trejos Sanchez,taxones_conteos,pseudacrobeles,Pseudacrobeles,individuos contados para identificación,2.0,reportado,Bacterivores · c-p 2 · p-p 0 · masa 0.217 µg
1,Pina,1,Pina_1,Victor Trejos Sanchez,taxones_abundancia,plectus,Plectus,individuos/100 cm³ de suelo,0.0,reportado,Bacterivores · c-p 2 · p-p 0 · masa 0.858 µg
1,Pina,1,Pina_1,Victor Trejos Sanchez,taxones_composicion,plectus,Plectus,% de la abundancia total,0.0,reportado,Bacterivores · c-p 2 · p-p 0 · masa 0.858 µg
1,Pina,1,Pina_1,Victor Trejos Sanchez,taxones_conteos,plectus,Plectus,individuos contados para identificación,0.0,reportado,Bacterivores · c-p 2 · p-p 0 · masa 0.858 µg
1,Pina,1,Pina_1,Victor Trejos Sanchez,taxones_abundancia,pratylenchus,Pratylenchus,individuos/100 cm³ de suelo,21.93732193732194,reportado,Herbivores - migratory endoparasites · c-p 0 · p-p 3 · masa 0.144 µg
1,Pina,1,Pina_1,Victor Trejos Sanchez,taxones_composicion,pratylenchus,Pratylenchus,% de la abundancia total,3.133903133903134,reportado,Herbivores - migratory endoparasites · c-p 0 · p-p 3 · masa 0.144 µg
1,Pina,1,Pina_1,Victor Trejos Sanchez,taxones_conteos,pratylenchus,Pratylenchus,individuos contados para identificación,11.0,reportado,Herbivores - migratory endoparasites · c-p 0 · p-p 3 · masa 0.144 µg
1,Pina,1,Pina_1,Victor Trejos Sanchez,taxones_abundancia,prodorylaimus,Prodorylaimus,individuos/100 cm³ de suelo,0.0,reportado,Omnivores · c-p 4 · p-p 0 · masa 5.631 µg
1,Pina,1,Pina_1,Victor Trejos Sanchez,taxones_composicion,prodorylaimus,Prodorylaimus,% de la abundancia total,0.0,reportado,Omnivores · c-p 4 · p-p 0 · masa 5.631 µg
1,Pina,1,Pina_1,Victor Trejos Sanchez,taxones_conteos,prodorylaimus,Prodorylaimus,individuos contados para identificación,0.0,reportado,Omnivores · c-p 4 · p-p 0 · masa 5.631 µg
1,Pina,1,Pina_1,Victor Trejos Sanchez,taxones_abundancia,rhabditis,Rhabditis,individuos/100 cm³ de suelo,0.0,reportado,Bacterivores · c-p 1 · p-p 0 · masa 7.5 µg
1,Pina,1,Pina_1,Victor Trejos Sanchez,taxones_composicion,rhabditis,Rhabditis,% de la abundancia total,0.0,reportado,Bacterivores · c-p 1 · p-p 0 · masa 7.5 µg
1,Pina,1,Pina_1,Victor Trejos Sanchez,taxones_conteos,rhabditis,Rhabditis,individuos contados para identificación,0.0,reportado,Bacterivores · c-p 1 · p-p 0 · masa 7.5 µg
1,Pina,1,Pina_1,Victor Trejos Sanchez,taxones_abundancia,rotylenchulus,Rotylenchulus,individuos/100 cm³ de suelo,3.988603988603989,reportado,Herbivores - sedentary parasites · c-p 0 · p-p 3 · masa 1.77 µg
1,Pina,1,Pina_1,Victor Trejos Sanchez,taxones_composicion,rotylenchulus,Rotylenchulus,% de la abundancia total,0.5698005698005698,reportado,Herbivores - sedentary parasites · c-p 0 · p-p 3 · masa 1.77 µg
1,Pina,1,Pina_1,Victor Trejos Sanchez,taxones_conteos,rotylenchulus,Rotylenchulus,individuos contados para identificación,2.0,reportado,Herbivores - sedentary parasites · c-p 0 · p-p 3 · masa 1.77 µg
1,Pina,1,Pina_1,Victor Trejos Sanchez,taxones_abundancia,stegelletina,Stegelletina,individuos/100 cm³ de suelo,0.0,reportado,Bacterivores · c-p 2 · p-p 0 · masa 0.073 µg
1,Pina,1,Pina_1,Victor Trejos Sanchez,taxones_composicion,stegelletina,Stegelletina,% de la abundancia total,0.0,reportado,Bacterivores · c-p 2 · p-p 0 · masa 0.073 µg
1,Pina,1,Pina_1,Victor Trejos Sanchez,taxones_conteos,stegelletina,Stegelletina,individuos contados para identificación,0.0,reportado,Bacterivores · c-p 2 · p-p 0 · masa 0.073 µg
1,Pina,1,Pina_1,Victor Trejos Sanchez,taxones_abundancia,teratocephalus,Teratocephalus,individuos/100 cm³ de suelo,0.0,reportado,Bacterivores · c-p 3 · p-p 0 · masa 0.084 µg
1,Pina,1,Pina_1,Victor Trejos Sanchez,taxones_composicion,teratocephalus,Teratocephalus,% de la abundancia total,0.0,reportado,Bacterivores · c-p 3 · p-p 0 · masa 0.084 µg
1,Pina,1,Pina_1,Victor Trejos Sanchez,taxones_conteos,teratocephalus,Teratocephalus,individuos contados para identificación,0.0,reportado,Bacterivores · c-p 3 · p-p 0 · masa 0.084 µg
1,Pina,1,Pina_1,Victor Trejos Sanchez,taxones_abundancia,trophurus,Trophurus,individuos/100 cm³ de suelo,0.0,reportado,Herbivores - ectoparasites · c-p 0 · p-p 3 · masa 0.278 µg
1,Pina,1,Pina_1,Victor Trejos Sanchez,taxones_composicion,trophurus,Trophurus,% de la abundancia total,0.0,reportado,Herbivores - ectoparasites · c-p 0 · p-p 3 · masa 0.278 µg
1,Pina,1,Pina_1,Victor Trejos Sanchez,taxones_conteos,trophurus,Trophurus,individuos contados para identificación,0.0,reportado,Herbivores - ectoparasites · c-p 0 · p-p 3 · masa 0.278 µg
1,Pina,1,Pina_1,Victor Trejos Sanchez,taxones_abundancia,tylenchus,Tylenchus,individuos/100 cm³ de suelo,0.0,reportado,Herbivores - epidermal/root hair feeders · c-p 0 · p-p 2 · masa 0.36 µg
1,Pina,1,Pina_1,Victor Trejos Sanchez,taxones_composicion,tylenchus,Tylenchus,% de la abundancia total,0.0,reportado,Herbivores - epidermal/root hair feeders · c-p 0 · p-p 2 · masa 0.36 µg
1,Pina,1,Pina_1,Victor Trejos Sanchez,taxones_conteos,tylenchus,Tylenchus,individuos contados para identificación,0.0,reportado,Herbivores - epidermal/root hair feeders · c-p 0 · p-p 2 · masa 0.36 µg
1,Pina,1,Pina_1,Victor Trejos Sanchez,taxones_abundancia,xiphinema,Xiphinema,individuos/100 cm³ de suelo,0.0,reportado,Herbivores - ectoparasites · c-p 0 · p-p 5 · masa 5.395 µg
1,Pina,1,Pina_1,Victor Trejos Sanchez,taxones_composicion,xiphinema,Xiphinema,% de la abundancia total,0.0,reportado,Herbivores - ectoparasites · c-p 0 · p-p 5 · masa 5.395 µg
1,Pina,1,Pina_1,Victor Trejos Sanchez,taxones_conteos,xiphinema,Xiphinema,individuos contados para identificación,0.0,reportado,Herbivores - ectoparasites · c-p 0 · p-p 5 · masa 5.395 µg
1,Pina,1,Pina_1,Victor Trejos Sanchez,grupos_abundancia,herbivoros,Herbívoros,individuos/100 cm³ de suelo,690.0284900284902,reportado,
1,Pina,1,Pina_1,Victor Trejos Sanchez,grupos_composicion,herbivoros,Herbívoros,% de la abundancia total,98.5754985754986,reportado,
1,Pina,1,Pina_1,Victor Trejos Sanchez,grupos_abundancia,fungivoros,Fungívoros,individuos/100 cm³ de suelo,1.9943019943019944,reportado,
1,Pina,1,Pina_1,Victor Trejos Sanchez,grupos_composicion,fungivoros,Fungívoros,% de la abundancia total,0.2849002849002849,reportado,
1,Pina,1,Pina_1,Victor Trejos Sanchez,grupos_abundancia,bacterivoros,Bacterívoros,individuos/100 cm³ de suelo,7.977207977207978,reportado,
1,Pina,1,Pina_1,Victor Trejos Sanchez,grupos_composicion,bacterivoros,Bacterívoros,% de la abundancia total,1.1396011396011396,reportado,
1,Pina,1,Pina_1,Victor Trejos Sanchez,grupos_abundancia,depredadores,Depredadores,individuos/100 cm³ de suelo,0.0,reportado,
1,Pina,1,Pina_1,Victor Trejos Sanchez,grupos_composicion,depredadores,Depredadores,% de la abundancia total,0.0,reportado,
1,Pina,1,Pina_1,Victor Trejos Sanchez,grupos_abundancia,omnivoros,Omnívoros,individuos/100 cm³ de suelo,0.0,reportado,
1,Pina,1,Pina_1,Victor Trejos Sanchez,grupos_composicion,omnivoros,Omnívoros,% de la abundancia total,0.0,reportado,
2,Pina,2,Pina_2,Alonso Chacon ultima fica,indicadores,abundancia_total,Abundancia total,individuos/100 cm³ de suelo,750.0000000000001,reportado,
2,Pina,2,Pina_2,Alonso Chacon ultima fica,indicadores,riqueza_taxones,Riqueza observada,taxones con abundancia mayor que cero,19.0,reportado,
2,Pina,2,Pina_2,Alonso Chacon ultima fica,parametros_muestra,abundancia_en_1_ml,Abundancia observada en 1 ml,individuos/mL,75.0,reportado,
2,Pina,2,Pina_2,Alonso Chacon ultima fica,parametros_muestra,volumen_contado_abundancia_ml,Volumen contado para abundancia,mL,1.0,reportado,
2,Pina,2,Pina_2,Alonso Chacon ultima fica,parametros_muestra,volumen_agregado_identificacion_ml,Volumen agregado para identificación,mL,3.0,reportado,
2,Pina,2,Pina_2,Alonso Chacon ultima fica,parametros_muestra,total_individuos_identificados,Total de individuos identificados,individuos,266.0,reportado,
2,Pina,2,Pina_2,Alonso Chacon ultima fica,parametros_muestra,abundancia_total_ninja,Abundancia total usada por NINJA,individuos/100 cm³ de suelo,750.0000000000001,reportado,
2,Pina,2,Pina_2,Alonso Chacon ultima fica,indices_ninja,mi,Índice de madurez (MI),índice,1.6,reportado,
2,Pina,2,Pina_2,Alonso Chacon ultima fica,indices_ninja,mi2_5,Índice de madurez 2–5 (MI2-5),índice,2.3,reportado,
2,Pina,2,Pina_2,Alonso Chacon ultima fica,indices_ninja,smi,Índice SMI,índice,2.61,reportado,
2,Pina,2,Pina_2,Alonso Chacon ultima fica,indices_ninja,ppi,Índice de parásitos de plantas (PPI),índice,2.88,reportado,
2,Pina,2,Pina_2,Alonso Chacon ultima fica,indices_ninja,ci,Índice de canal (CI),índice 0–100,5.34,reportado,
2,Pina,2,Pina_2,Alonso Chacon ultima fica,indices_ninja,bi,Índice basal (BI),índice 0–100,12.43,reportado,
2,Pina,2,Pina_2,Alonso Chacon ultima fica,indices_ninja,ei,Índice de enriquecimiento (EI),índice 0–100,86.18,reportado,
2,Pina,2,Pina_2,Alonso Chacon ultima fica,indices_ninja,si,Índice de estructura (SI),índice 0–100,44.74,reportado,
2,Pina,2,Pina_2,Alonso Chacon ultima fica,huellas_ninja,total_biomass_mg,Biomasa total,mg,0.23,reportado,
2,Pina,2,Pina_2,Alonso Chacon ultima fica,huellas_ninja,cft,CFT (NINJA),unidad no indicada en la fuente,90.82,reportado,
2,Pina,2,Pina_2,Alonso Chacon ultima fica,huellas_ninja,eft,EFT (NINJA),unidad no indicada en la fuente,14.74,reportado,
2,Pina,2,Pina_2,Alonso Chacon ultima fica,huellas_ninja,sft,SFT (NINJA),unidad no indicada en la fuente,4.73,reportado,
2,Pina,2,Pina_2,Alonso Chacon ultima fica,huellas_ninja,heft,HeFT (NINJA),unidad no indicada en la fuente,67.43,reportado,
2,Pina,2,Pina_2,Alonso Chacon ultima fica,huellas_ninja,fuft,FuFT (NINJA),unidad no indicada en la fuente,1.81,reportado,
2,Pina,2,Pina_2,Alonso Chacon ultima fica,huellas_ninja,baft,BaFT (NINJA),unidad no indicada en la fuente,18.37,reportado,
2,Pina,2,Pina_2,Alonso Chacon ultima fica,huellas_ninja,prft,PrFT (NINJA),unidad no indicada en la fuente,0.0,reportado,
2,Pina,2,Pina_2,Alonso Chacon ultima fica,huellas_ninja,unicellular_eucaryote_feeder_footprint,Huella de consumidores de eucariotas unicelulares,unidad no indicada en la fuente,0.0,reportado,
2,Pina,2,Pina_2,Alonso Chacon ultima fica,huellas_ninja,omnivore_footprint,Huella de omnívoros,unidad no indicada en la fuente,3.21,reportado,
2,Pina,2,Pina_2,Alonso Chacon ultima fica,huellas_ninja,total_number_ind,Número total de individuos (NINJA),individuos/100 cm³ de suelo,750.0,reportado,
2,Pina,2,Pina_2,Alonso Chacon ultima fica,porcentajes_ninja,herbivores_pct_of_total,Herbívoros del total,%,78.2,reportado,
2,Pina,2,Pina_2,Alonso Chacon ultima fica,porcentajes_ninja,fungivores_pct_of_total,Fungívoros del total,%,2.6,reportado,
2,Pina,2,Pina_2,Alonso Chacon ultima fica,porcentajes_ninja,fungivores_pct_of_free_living,Fungívoros de vida libre,%,12.1,reportado,
2,Pina,2,Pina_2,Alonso Chacon ultima fica,porcentajes_ninja,bacterivores_pct_of_total,Bacterívoros del total,%,18.8,reportado,
2,Pina,2,Pina_2,Alonso Chacon ultima fica,porcentajes_ninja,bacterivores_pct_of_free_living,Bacterívoros de vida libre,%,86.2,reportado,
2,Pina,2,Pina_2,Alonso Chacon ultima fica,porcentajes_ninja,predators_pct_of_total,Depredadores del total,%,0.0,reportado,
2,Pina,2,Pina_2,Alonso Chacon ultima fica,porcentajes_ninja,predators_pct_of_free_living,Depredadores de vida libre,%,0.0,reportado,
2,Pina,2,Pina_2,Alonso Chacon ultima fica,porcentajes_ninja,unicellular_eucaryote_feeders_pct_of_total,Consumidores de eucariotas unicelulares del total,%,0.0,reportado,
2,Pina,2,Pina_2,Alonso Chacon ultima fica,porcentajes_ninja,unicellular_eucaryote_feeders_pct_of_free_living,Consumidores de eucariotas unicelulares de vida libre,%,0.0,reportado,
2,Pina,2,Pina_2,Alonso Chacon ultima fica,porcentajes_ninja,omnivores_pct_of_total,Omnívoros del total,%,0.4,reportado,
2,Pina,2,Pina_2,Alonso Chacon ultima fica,porcentajes_ninja,omnivores_pct_of_free_living,Omnívoros de vida libre,%,1.7,reportado,
2,Pina,2,Pina_2,Alonso Chacon ultima fica,porcentajes_ninja,sedentary_parasites_pct_of_herbivores,Parásitos sedentarios de los herbívoros,%,0.0,reportado,
2,Pina,2,Pina_2,Alonso Chacon ultima fica,porcentajes_ninja,migratory_endoparasites_pct_of_herbivores,Endoparásitos migratorios de los herbívoros,%,5.8,reportado,
2,Pina,2,Pina_2,Alonso Chacon ultima fica,porcentajes_ninja,semi_endoparasites_pct_of_herbivores,Semiendoparásitos de los herbívoros,%,73.6,reportado,
2,Pina,2,Pina_2,Alonso Chacon ultima fica,porcentajes_ninja,ectoparasites_pct_of_herbivores,Ectoparásitos de los herbívoros,%,9.1,reportado,
2,Pina,2,Pina_2,Alonso Chacon ultima fica,porcentajes_ninja,epidermal_root_hair_feeders_pct_of_herbivores,Consumidores de epidermis y pelos radicales de los herbívoros,%,11.5,reportado,
2,Pina,2,Pina_2,Alonso Chacon ultima fica,porcentajes_ninja,algal_lichen_moss_feeders_pct_of_herbivores,"Consumidores de algas, líquenes y musgos de los herbívoros",%,0.0,reportado,
2,Pina,2,Pina_2,Alonso Chacon ultima fica,porcentajes_ninja,cp_1_pct_of_free_living,c-p 1 de vida libre,%,53.4,reportado,
2,Pina,2,Pina_2,Alonso Chacon ultima fica,porcentajes_ninja,cp_2_pct_of_free_living,c-p 2 de vida libre,%,36.2,reportado,
2,Pina,2,Pina_2,Alonso Chacon ultima fica,porcentajes_ninja,cp_3_pct_of_free_living,c-p 3 de vida libre,%,6.9,reportado,
2,Pina,2,Pina_2,Alonso Chacon ultima fica,porcentajes_ninja,cp_4_pct_of_free_living,c-p 4 de vida libre,%,3.4,reportado,
2,Pina,2,Pina_2,Alonso Chacon ultima fica,porcentajes_ninja,cp_5_pct_of_free_living,c-p 5 de vida libre,%,0.0,reportado,
2,Pina,2,Pina_2,Alonso Chacon ultima fica,porcentajes_ninja,pp_2_pct_of_herbivores,p-p 2 de los herbívoros,%,11.5,reportado,
2,Pina,2,Pina_2,Alonso Chacon ultima fica,porcentajes_ninja,pp_3_pct_of_herbivores,p-p 3 de los herbívoros,%,88.5,reportado,
2,Pina,2,Pina_2,Alonso Chacon ultima fica,porcentajes_ninja,pp_4_pct_of_herbivores,p-p 4 de los herbívoros,%,0.0,reportado,
2,Pina,2,Pina_2,Alonso Chacon ultima fica,porcentajes_ninja,pp_5_pct_of_herbivores,p-p 5 de los herbívoros,%,0.0,reportado,
2,Pina,2,Pina_2,Alonso Chacon ultima fica,taxones_abundancia,alaimus,Alaimus,individuos/100 cm³ de suelo,2.819548872180451,reportado,Bacterivores · c-p 4 · p-p 0 · masa 0.561 µg
2,Pina,2,Pina_2,Alonso Chacon ultima fica,taxones_composicion,alaimus,Alaimus,% de la abundancia total,0.3759398496240601,reportado,Bacterivores · c-p 4 · p-p 0 · masa 0.561 µg
2,Pina,2,Pina_2,Alonso Chacon ultima fica,taxones_conteos,alaimus,Alaimus,individuos contados para identificación,1.0,reportado,Bacterivores · c-p 4 · p-p 0 · masa 0.561 µg
2,Pina,2,Pina_2,Alonso Chacon ultima fica,taxones_abundancia,aglenchus,Aglenchus,individuos/100 cm³ de suelo,59.21052631578948,reportado,Herbivores - epidermal/root hair feeders · c-p 0 · p-p 2 · masa 0.082 µg
2,Pina,2,Pina_2,Alonso Chacon ultima fica,taxones_composicion,aglenchus,Aglenchus,% de la abundancia total,7.894736842105263,reportado,Herbivores - epidermal/root hair feeders · c-p 0 · p-p 2 · masa 0.082 µg
2,Pina,2,Pina_2,Alonso Chacon ultima fica,taxones_conteos,aglenchus,Aglenchus,individuos contados para identificación,21.0,reportado,Herbivores - epidermal/root hair feeders · c-p 0 · p-p 2 · masa 0.082 µg
2,Pina,2,Pina_2,Alonso Chacon ultima fica,taxones_abundancia,aphelenchoides,Aphelenchoides,individuos/100 cm³ de suelo,0.0,reportado,Fungivores · c-p 2 · p-p 0 · masa 0.151 µg
2,Pina,2,Pina_2,Alonso Chacon ultima fica,taxones_composicion,aphelenchoides,Aphelenchoides,% de la abundancia total,0.0,reportado,Fungivores · c-p 2 · p-p 0 · masa 0.151 µg
2,Pina,2,Pina_2,Alonso Chacon ultima fica,taxones_conteos,aphelenchoides,Aphelenchoides,individuos contados para identificación,0.0,reportado,Fungivores · c-p 2 · p-p 0 · masa 0.151 µg
2,Pina,2,Pina_2,Alonso Chacon ultima fica,taxones_abundancia,aporcelaimellus,Aporcelaimellus,individuos/100 cm³ de suelo,0.0,reportado,Omnivores · c-p 5 · p-p 0 · masa 9.048 µg
2,Pina,2,Pina_2,Alonso Chacon ultima fica,taxones_composicion,aporcelaimellus,Aporcelaimellus,% de la abundancia total,0.0,reportado,Omnivores · c-p 5 · p-p 0 · masa 9.048 µg
2,Pina,2,Pina_2,Alonso Chacon ultima fica,taxones_conteos,aporcelaimellus,Aporcelaimellus,individuos contados para identificación,0.0,reportado,Omnivores · c-p 5 · p-p 0 · masa 9.048 µg
2,Pina,2,Pina_2,Alonso Chacon ultima fica,taxones_abundancia,aphelenchus,Aphelenchus,individuos/100 cm³ de suelo,16.91729323308271,reportado,Fungivores · c-p 2 · p-p 0 · masa 0.218 µg
2,Pina,2,Pina_2,Alonso Chacon ultima fica,taxones_composicion,aphelenchus,Aphelenchus,% de la abundancia total,2.2556390977443606,reportado,Fungivores · c-p 2 · p-p 0 · masa 0.218 µg
2,Pina,2,Pina_2,Alonso Chacon ultima fica,taxones_conteos,aphelenchus,Aphelenchus,individuos contados para identificación,6.0,reportado,Fungivores · c-p 2 · p-p 0 · masa 0.218 µg
2,Pina,2,Pina_2,Alonso Chacon ultima fica,taxones_abundancia,cribronema,Cribronema,individuos/100 cm³ de suelo,0.0,reportado,Bacterivores · c-p 2 · p-p 0 · masa 0.039 µg
2,Pina,2,Pina_2,Alonso Chacon ultima fica,taxones_composicion,cribronema,Cribronema,% de la abundancia total,0.0,reportado,Bacterivores · c-p 2 · p-p 0 · masa 0.039 µg
2,Pina,2,Pina_2,Alonso Chacon ultima fica,taxones_conteos,cribronema,Cribronema,individuos contados para identificación,0.0,reportado,Bacterivores · c-p 2 · p-p 0 · masa 0.039 µg
2,Pina,2,Pina_2,Alonso Chacon ultima fica,taxones_abundancia,criconematidae,Criconematidae,individuos/100 cm³ de suelo,39.473684210526315,reportado,Herbivores - ectoparasites · c-p 0 · p-p 3 · masa 0.567 µg
2,Pina,2,Pina_2,Alonso Chacon ultima fica,taxones_composicion,criconematidae,Criconematidae,% de la abundancia total,5.263157894736841,reportado,Herbivores - ectoparasites · c-p 0 · p-p 3 · masa 0.567 µg
2,Pina,2,Pina_2,Alonso Chacon ultima fica,taxones_conteos,criconematidae,Criconematidae,individuos contados para identificación,14.0,reportado,Herbivores - ectoparasites · c-p 0 · p-p 3 · masa 0.567 µg
2,Pina,2,Pina_2,Alonso Chacon ultima fica,taxones_abundancia,chronogaster,Chronogaster,individuos/100 cm³ de suelo,5.639097744360902,reportado,Bacterivores · c-p 3 · p-p 0 · masa 0.335 µg
2,Pina,2,Pina_2,Alonso Chacon ultima fica,taxones_composicion,chronogaster,Chronogaster,% de la abundancia total,0.7518796992481201,reportado,Bacterivores · c-p 3 · p-p 0 · masa 0.335 µg
2,Pina,2,Pina_2,Alonso Chacon ultima fica,taxones_conteos,chronogaster,Chronogaster,individuos contados para identificación,2.0,reportado,Bacterivores · c-p 3 · p-p 0 · masa 0.335 µg
2,Pina,2,Pina_2,Alonso Chacon ultima fica,taxones_abundancia,cephalobus,Cephalobus,individuos/100 cm³ de suelo,0.0,reportado,Bacterivores · c-p 2 · p-p 0 · masa 0.266 µg
2,Pina,2,Pina_2,Alonso Chacon ultima fica,taxones_composicion,cephalobus,Cephalobus,% de la abundancia total,0.0,reportado,Bacterivores · c-p 2 · p-p 0 · masa 0.266 µg
2,Pina,2,Pina_2,Alonso Chacon ultima fica,taxones_conteos,cephalobus,Cephalobus,individuos contados para identificación,0.0,reportado,Bacterivores · c-p 2 · p-p 0 · masa 0.266 µg
2,Pina,2,Pina_2,Alonso Chacon ultima fica,taxones_abundancia,clarkus,Clarkus,individuos/100 cm³ de suelo,0.0,reportado,Predators · c-p 4 · p-p 0 · masa 3.897 µg
2,Pina,2,Pina_2,Alonso Chacon ultima fica,taxones_composicion,clarkus,Clarkus,% de la abundancia total,0.0,reportado,Predators · c-p 4 · p-p 0 · masa 3.897 µg
2,Pina,2,Pina_2,Alonso Chacon ultima fica,taxones_conteos,clarkus,Clarkus,individuos contados para identificación,0.0,reportado,Predators · c-p 4 · p-p 0 · masa 3.897 µg
2,Pina,2,Pina_2,Alonso Chacon ultima fica,taxones_abundancia,diplogaster,Diplogaster,individuos/100 cm³ de suelo,0.0,reportado,Bacterivores · c-p 1 · p-p 0 · masa 1.886 µg
2,Pina,2,Pina_2,Alonso Chacon ultima fica,taxones_composicion,diplogaster,Diplogaster,% de la abundancia total,0.0,reportado,Bacterivores · c-p 1 · p-p 0 · masa 1.886 µg
2,Pina,2,Pina_2,Alonso Chacon ultima fica,taxones_conteos,diplogaster,Diplogaster,individuos contados para identificación,0.0,reportado,Bacterivores · c-p 1 · p-p 0 · masa 1.886 µg
2,Pina,2,Pina_2,Alonso Chacon ultima fica,taxones_abundancia,diphtherophora,Diphtherophora,individuos/100 cm³ de suelo,0.0,reportado,Fungivores · c-p 3 · p-p 0 · masa 0.504 µg
2,Pina,2,Pina_2,Alonso Chacon ultima fica,taxones_composicion,diphtherophora,Diphtherophora,% de la abundancia total,0.0,reportado,Fungivores · c-p 3 · p-p 0 · masa 0.504 µg
2,Pina,2,Pina_2,Alonso Chacon ultima fica,taxones_conteos,diphtherophora,Diphtherophora,individuos contados para identificación,0.0,reportado,Fungivores · c-p 3 · p-p 0 · masa 0.504 µg
2,Pina,2,Pina_2,Alonso Chacon ultima fica,taxones_abundancia,discocriconemella,Discocriconemella,individuos/100 cm³ de suelo,0.0,reportado,Herbivores - ectoparasites · c-p 0 · p-p 3 · masa 0.338 µg
2,Pina,2,Pina_2,Alonso Chacon ultima fica,taxones_composicion,discocriconemella,Discocriconemella,% de la abundancia total,0.0,reportado,Herbivores - ectoparasites · c-p 0 · p-p 3 · masa 0.338 µg
2,Pina,2,Pina_2,Alonso Chacon ultima fica,taxones_conteos,discocriconemella,Discocriconemella,individuos contados para identificación,0.0,reportado,Herbivores - ectoparasites · c-p 0 · p-p 3 · masa 0.338 µg
2,Pina,2,Pina_2,Alonso Chacon ultima fica,taxones_abundancia,eucephalobus,Eucephalobus,individuos/100 cm³ de suelo,0.0,reportado,Bacterivores · c-p 2 · p-p 0 · masa 0.236 µg
2,Pina,2,Pina_2,Alonso Chacon ultima fica,taxones_composicion,eucephalobus,Eucephalobus,% de la abundancia total,0.0,reportado,Bacterivores · c-p 2 · p-p 0 · masa 0.236 µg
2,Pina,2,Pina_2,Alonso Chacon ultima fica,taxones_conteos,eucephalobus,Eucephalobus,individuos contados para identificación,0.0,reportado,Bacterivores · c-p 2 · p-p 0 · masa 0.236 µg
2,Pina,2,Pina_2,Alonso Chacon ultima fica,taxones_abundancia,ecphyadophora,Ecphyadophora,individuos/100 cm³ de suelo,2.819548872180451,reportado,Herbivores - epidermal/root hair feeders · c-p 0 · p-p 2 · masa 0.02 µg
2,Pina,2,Pina_2,Alonso Chacon ultima fica,taxones_composicion,ecphyadophora,Ecphyadophora,% de la abundancia total,0.3759398496240601,reportado,Herbivores - epidermal/root hair feeders · c-p 0 · p-p 2 · masa 0.02 µg
2,Pina,2,Pina_2,Alonso Chacon ultima fica,taxones_conteos,ecphyadophora,Ecphyadophora,individuos contados para identificación,1.0,reportado,Herbivores - epidermal/root hair feeders · c-p 0 · p-p 2 · masa 0.02 µg
2,Pina,2,Pina_2,Alonso Chacon ultima fica,taxones_abundancia,filenchus,Filenchus,individuos/100 cm³ de suelo,2.819548872180451,reportado,Fungivores · c-p 2 · p-p 0 · masa 0.099 µg
2,Pina,2,Pina_2,Alonso Chacon ultima fica,taxones_composicion,filenchus,Filenchus,% de la abundancia total,0.3759398496240601,reportado,Fungivores · c-p 2 · p-p 0 · masa 0.099 µg
2,Pina,2,Pina_2,Alonso Chacon ultima fica,taxones_conteos,filenchus,Filenchus,individuos contados para identificación,1.0,reportado,Fungivores · c-p 2 · p-p 0 · masa 0.099 µg
2,Pina,2,Pina_2,Alonso Chacon ultima fica,taxones_abundancia,helicotylenchus,Helicotylenchus,individuos/100 cm³ de suelo,431.3909774436091,reportado,Herbivores - semi-endoparasites · c-p 0 · p-p 3 · masa 0.294 µg
2,Pina,2,Pina_2,Alonso Chacon ultima fica,taxones_composicion,helicotylenchus,Helicotylenchus,% de la abundancia total,57.5187969924812,reportado,Herbivores - semi-endoparasites · c-p 0 · p-p 3 · masa 0.294 µg
2,Pina,2,Pina_2,Alonso Chacon ultima fica,taxones_conteos,helicotylenchus,Helicotylenchus,individuos contados para identificación,153.0,reportado,Herbivores - semi-endoparasites · c-p 0 · p-p 3 · masa 0.294 µg
2,Pina,2,Pina_2,Alonso Chacon ultima fica,taxones_abundancia,ironus,Ironus,individuos/100 cm³ de suelo,0.0,reportado,Predators · c-p 4 · p-p 0 · masa 4.188 µg
2,Pina,2,Pina_2,Alonso Chacon ultima fica,taxones_composicion,ironus,Ironus,% de la abundancia total,0.0,reportado,Predators · c-p 4 · p-p 0 · masa 4.188 µg
2,Pina,2,Pina_2,Alonso Chacon ultima fica,taxones_conteos,ironus,Ironus,individuos contados para identificación,0.0,reportado,Predators · c-p 4 · p-p 0 · masa 4.188 µg
2,Pina,2,Pina_2,Alonso Chacon ultima fica,taxones_abundancia,meloidogyne,Meloidogyne,individuos/100 cm³ de suelo,0.0,reportado,Herbivores - sedentary parasites · c-p 0 · p-p 3 · masa 86.985 µg
2,Pina,2,Pina_2,Alonso Chacon ultima fica,taxones_composicion,meloidogyne,Meloidogyne,% de la abundancia total,0.0,reportado,Herbivores - sedentary parasites · c-p 0 · p-p 3 · masa 86.985 µg
2,Pina,2,Pina_2,Alonso Chacon ultima fica,taxones_conteos,meloidogyne,Meloidogyne,individuos contados para identificación,0.0,reportado,Herbivores - sedentary parasites · c-p 0 · p-p 3 · masa 86.985 µg
2,Pina,2,Pina_2,Alonso Chacon ultima fica,taxones_abundancia,metateratocephalus,Metateratocephalus,individuos/100 cm³ de suelo,2.819548872180451,reportado,Bacterivores · c-p 3 · p-p 0 · masa 0.073 µg
2,Pina,2,Pina_2,Alonso Chacon ultima fica,taxones_composicion,metateratocephalus,Metateratocephalus,% de la abundancia total,0.3759398496240601,reportado,Bacterivores · c-p 3 · p-p 0 · masa 0.073 µg
2,Pina,2,Pina_2,Alonso Chacon ultima fica,taxones_conteos,metateratocephalus,Metateratocephalus,individuos contados para identificación,1.0,reportado,Bacterivores · c-p 3 · p-p 0 · masa 0.073 µg
2,Pina,2,Pina_2,Alonso Chacon ultima fica,taxones_abundancia,mesorhabditis,Mesorhabditis,individuos/100 cm³ de suelo,16.91729323308271,reportado,Bacterivores · c-p 1 · p-p 0 · masa 0.568 µg
2,Pina,2,Pina_2,Alonso Chacon ultima fica,taxones_composicion,mesorhabditis,Mesorhabditis,% de la abundancia total,2.2556390977443606,reportado,Bacterivores · c-p 1 · p-p 0 · masa 0.568 µg
2,Pina,2,Pina_2,Alonso Chacon ultima fica,taxones_conteos,mesorhabditis,Mesorhabditis,individuos contados para identificación,6.0,reportado,Bacterivores · c-p 1 · p-p 0 · masa 0.568 µg
2,Pina,2,Pina_2,Alonso Chacon ultima fica,taxones_abundancia,mesodorylaimus,Mesodorylaimus,individuos/100 cm³ de suelo,0.0,reportado,Omnivores · c-p 4 · p-p 0 · masa 1.277 µg
2,Pina,2,Pina_2,Alonso Chacon ultima fica,taxones_composicion,mesodorylaimus,Mesodorylaimus,% de la abundancia total,0.0,reportado,Omnivores · c-p 4 · p-p 0 · masa 1.277 µg
2,Pina,2,Pina_2,Alonso Chacon ultima fica,taxones_conteos,mesodorylaimus,Mesodorylaimus,individuos contados para identificación,0.0,reportado,Omnivores · c-p 4 · p-p 0 · masa 1.277 µg
2,Pina,2,Pina_2,Alonso Chacon ultima fica,taxones_abundancia,mesocriconema,Mesocriconema,individuos/100 cm³ de suelo,14.097744360902256,reportado,Herbivores - ectoparasites · c-p 0 · p-p 3 · masa 0.504 µg
2,Pina,2,Pina_2,Alonso Chacon ultima fica,taxones_composicion,mesocriconema,Mesocriconema,% de la abundancia total,1.8796992481203008,reportado,Herbivores - ectoparasites · c-p 0 · p-p 3 · masa 0.504 µg
2,Pina,2,Pina_2,Alonso Chacon ultima fica,taxones_conteos,mesocriconema,Mesocriconema,individuos contados para identificación,5.0,reportado,Herbivores - ectoparasites · c-p 0 · p-p 3 · masa 0.504 µg
2,Pina,2,Pina_2,Alonso Chacon ultima fica,taxones_abundancia,protorhabditis,Protorhabditis,individuos/100 cm³ de suelo,70.48872180451127,reportado,Bacterivores · c-p 1 · p-p 0 · masa 0.264 µg
2,Pina,2,Pina_2,Alonso Chacon ultima fica,taxones_composicion,protorhabditis,Protorhabditis,% de la abundancia total,9.398496240601501,reportado,Bacterivores · c-p 1 · p-p 0 · masa 0.264 µg
2,Pina,2,Pina_2,Alonso Chacon ultima fica,taxones_conteos,protorhabditis,Protorhabditis,individuos contados para identificación,25.0,reportado,Bacterivores · c-p 1 · p-p 0 · masa 0.264 µg
2,Pina,2,Pina_2,Alonso Chacon ultima fica,taxones_abundancia,pseudacrobeles,Pseudacrobeles,individuos/100 cm³ de suelo,28.195488721804512,reportado,Bacterivores · c-p 2 · p-p 0 · masa 0.217 µg
2,Pina,2,Pina_2,Alonso Chacon ultima fica,taxones_composicion,pseudacrobeles,Pseudacrobeles,% de la abundancia total,3.7593984962406015,reportado,Bacterivores · c-p 2 · p-p 0 · masa 0.217 µg
2,Pina,2,Pina_2,Alonso Chacon ultima fica,taxones_conteos,pseudacrobeles,Pseudacrobeles,individuos contados para identificación,10.0,reportado,Bacterivores · c-p 2 · p-p 0 · masa 0.217 µg
2,Pina,2,Pina_2,Alonso Chacon ultima fica,taxones_abundancia,plectus,Plectus,individuos/100 cm³ de suelo,2.819548872180451,reportado,Bacterivores · c-p 2 · p-p 0 · masa 0.858 µg
2,Pina,2,Pina_2,Alonso Chacon ultima fica,taxones_composicion,plectus,Plectus,% de la abundancia total,0.3759398496240601,reportado,Bacterivores · c-p 2 · p-p 0 · masa 0.858 µg
2,Pina,2,Pina_2,Alonso Chacon ultima fica,taxones_conteos,plectus,Plectus,individuos contados para identificación,1.0,reportado,Bacterivores · c-p 2 · p-p 0 · masa 0.858 µg
2,Pina,2,Pina_2,Alonso Chacon ultima fica,taxones_abundancia,pratylenchus,Pratylenchus,individuos/100 cm³ de suelo,33.83458646616542,reportado,Herbivores - migratory endoparasites · c-p 0 · p-p 3 · masa 0.144 µg
2,Pina,2,Pina_2,Alonso Chacon ultima fica,taxones_composicion,pratylenchus,Pratylenchus,% de la abundancia total,4.511278195488721,reportado,Herbivores - migratory endoparasites · c-p 0 · p-p 3 · masa 0.144 µg
2,Pina,2,Pina_2,Alonso Chacon ultima fica,taxones_conteos,pratylenchus,Pratylenchus,individuos contados para identificación,12.0,reportado,Herbivores - migratory endoparasites · c-p 0 · p-p 3 · masa 0.144 µg
2,Pina,2,Pina_2,Alonso Chacon ultima fica,taxones_abundancia,prodorylaimus,Prodorylaimus,individuos/100 cm³ de suelo,2.819548872180451,reportado,Omnivores · c-p 4 · p-p 0 · masa 5.631 µg
2,Pina,2,Pina_2,Alonso Chacon ultima fica,taxones_composicion,prodorylaimus,Prodorylaimus,% de la abundancia total,0.3759398496240601,reportado,Omnivores · c-p 4 · p-p 0 · masa 5.631 µg
2,Pina,2,Pina_2,Alonso Chacon ultima fica,taxones_conteos,prodorylaimus,Prodorylaimus,individuos contados para identificación,1.0,reportado,Omnivores · c-p 4 · p-p 0 · masa 5.631 µg
2,Pina,2,Pina_2,Alonso Chacon ultima fica,taxones_abundancia,rhabditis,Rhabditis,individuos/100 cm³ de suelo,0.0,reportado,Bacterivores · c-p 1 · p-p 0 · masa 7.5 µg
2,Pina,2,Pina_2,Alonso Chacon ultima fica,taxones_composicion,rhabditis,Rhabditis,% de la abundancia total,0.0,reportado,Bacterivores · c-p 1 · p-p 0 · masa 7.5 µg
2,Pina,2,Pina_2,Alonso Chacon ultima fica,taxones_conteos,rhabditis,Rhabditis,individuos contados para identificación,0.0,reportado,Bacterivores · c-p 1 · p-p 0 · masa 7.5 µg
2,Pina,2,Pina_2,Alonso Chacon ultima fica,taxones_abundancia,rotylenchulus,Rotylenchulus,individuos/100 cm³ de suelo,0.0,reportado,Herbivores - sedentary parasites · c-p 0 · p-p 3 · masa 1.77 µg
2,Pina,2,Pina_2,Alonso Chacon ultima fica,taxones_composicion,rotylenchulus,Rotylenchulus,% de la abundancia total,0.0,reportado,Herbivores - sedentary parasites · c-p 0 · p-p 3 · masa 1.77 µg
2,Pina,2,Pina_2,Alonso Chacon ultima fica,taxones_conteos,rotylenchulus,Rotylenchulus,individuos contados para identificación,0.0,reportado,Herbivores - sedentary parasites · c-p 0 · p-p 3 · masa 1.77 µg
2,Pina,2,Pina_2,Alonso Chacon ultima fica,taxones_abundancia,stegelletina,Stegelletina,individuos/100 cm³ de suelo,8.458646616541355,reportado,Bacterivores · c-p 2 · p-p 0 · masa 0.073 µg
2,Pina,2,Pina_2,Alonso Chacon ultima fica,taxones_composicion,stegelletina,Stegelletina,% de la abundancia total,1.1278195488721803,reportado,Bacterivores · c-p 2 · p-p 0 · masa 0.073 µg
2,Pina,2,Pina_2,Alonso Chacon ultima fica,taxones_conteos,stegelletina,Stegelletina,individuos contados para identificación,3.0,reportado,Bacterivores · c-p 2 · p-p 0 · masa 0.073 µg
2,Pina,2,Pina_2,Alonso Chacon ultima fica,taxones_abundancia,teratocephalus,Teratocephalus,individuos/100 cm³ de suelo,2.819548872180451,reportado,Bacterivores · c-p 3 · p-p 0 · masa 0.084 µg
2,Pina,2,Pina_2,Alonso Chacon ultima fica,taxones_composicion,teratocephalus,Teratocephalus,% de la abundancia total,0.3759398496240601,reportado,Bacterivores · c-p 3 · p-p 0 · masa 0.084 µg
2,Pina,2,Pina_2,Alonso Chacon ultima fica,taxones_conteos,teratocephalus,Teratocephalus,individuos contados para identificación,1.0,reportado,Bacterivores · c-p 3 · p-p 0 · masa 0.084 µg
2,Pina,2,Pina_2,Alonso Chacon ultima fica,taxones_abundancia,trophurus,Trophurus,individuos/100 cm³ de suelo,0.0,reportado,Herbivores - ectoparasites · c-p 0 · p-p 3 · masa 0.278 µg
2,Pina,2,Pina_2,Alonso Chacon ultima fica,taxones_composicion,trophurus,Trophurus,% de la abundancia total,0.0,reportado,Herbivores - ectoparasites · c-p 0 · p-p 3 · masa 0.278 µg
2,Pina,2,Pina_2,Alonso Chacon ultima fica,taxones_conteos,trophurus,Trophurus,individuos contados para identificación,0.0,reportado,Herbivores - ectoparasites · c-p 0 · p-p 3 · masa 0.278 µg
2,Pina,2,Pina_2,Alonso Chacon ultima fica,taxones_abundancia,tylenchus,Tylenchus,individuos/100 cm³ de suelo,5.639097744360902,reportado,Herbivores - epidermal/root hair feeders · c-p 0 · p-p 2 · masa 0.36 µg
2,Pina,2,Pina_2,Alonso Chacon ultima fica,taxones_composicion,tylenchus,Tylenchus,% de la abundancia total,0.7518796992481201,reportado,Herbivores - epidermal/root hair feeders · c-p 0 · p-p 2 · masa 0.36 µg
2,Pina,2,Pina_2,Alonso Chacon ultima fica,taxones_conteos,tylenchus,Tylenchus,individuos contados para identificación,2.0,reportado,Herbivores - epidermal/root hair feeders · c-p 0 · p-p 2 · masa 0.36 µg
2,Pina,2,Pina_2,Alonso Chacon ultima fica,taxones_abundancia,xiphinema,Xiphinema,individuos/100 cm³ de suelo,0.0,reportado,Herbivores - ectoparasites · c-p 0 · p-p 5 · masa 5.395 µg
2,Pina,2,Pina_2,Alonso Chacon ultima fica,taxones_composicion,xiphinema,Xiphinema,% de la abundancia total,0.0,reportado,Herbivores - ectoparasites · c-p 0 · p-p 5 · masa 5.395 µg
2,Pina,2,Pina_2,Alonso Chacon ultima fica,taxones_conteos,xiphinema,Xiphinema,individuos contados para identificación,0.0,reportado,Herbivores - ectoparasites · c-p 0 · p-p 5 · masa 5.395 µg
2,Pina,2,Pina_2,Alonso Chacon ultima fica,grupos_abundancia,herbivoros,Herbívoros,individuos/100 cm³ de suelo,586.466165413534,reportado,
2,Pina,2,Pina_2,Alonso Chacon ultima fica,grupos_composicion,herbivoros,Herbívoros,% de la abundancia total,78.19548872180452,reportado,
2,Pina,2,Pina_2,Alonso Chacon ultima fica,grupos_abundancia,fungivoros,Fungívoros,individuos/100 cm³ de suelo,19.73684210526316,reportado,
2,Pina,2,Pina_2,Alonso Chacon ultima fica,grupos_composicion,fungivoros,Fungívoros,% de la abundancia total,2.631578947368421,reportado,
2,Pina,2,Pina_2,Alonso Chacon ultima fica,grupos_abundancia,bacterivoros,Bacterívoros,individuos/100 cm³ de suelo,140.97744360902257,reportado,
2,Pina,2,Pina_2,Alonso Chacon ultima fica,grupos_composicion,bacterivoros,Bacterívoros,% de la abundancia total,18.796992481203006,reportado,
2,Pina,2,Pina_2,Alonso Chacon ultima fica,grupos_abundancia,depredadores,Depredadores,individuos/100 cm³ de suelo,0.0,reportado,
2,Pina,2,Pina_2,Alonso Chacon ultima fica,grupos_composicion,depredadores,Depredadores,% de la abundancia total,0.0,reportado,
2,Pina,2,Pina_2,Alonso Chacon ultima fica,grupos_abundancia,omnivoros,Omnívoros,individuos/100 cm³ de suelo,2.819548872180451,reportado,
2,Pina,2,Pina_2,Alonso Chacon ultima fica,grupos_composicion,omnivoros,Omnívoros,% de la abundancia total,0.3759398496240601,reportado,
3,Bosque,2,Bosque_2,Misael Rojas Solis,indicadores,abundancia_total,Abundancia total,individuos/100 cm³ de suelo,800.0,reportado,
3,Bosque,2,Bosque_2,Misael Rojas Solis,indicadores,riqueza_taxones,Riqueza observada,taxones con abundancia mayor que cero,17.0,reportado,
3,Bosque,2,Bosque_2,Misael Rojas Solis,parametros_muestra,abundancia_en_1_ml,Abundancia observada en 1 ml,individuos/mL,80.0,reportado,
3,Bosque,2,Bosque_2,Misael Rojas Solis,parametros_muestra,volumen_contado_abundancia_ml,Volumen contado para abundancia,mL,1.0,reportado,
3,Bosque,2,Bosque_2,Misael Rojas Solis,parametros_muestra,volumen_agregado_identificacion_ml,Volumen agregado para identificación,mL,4.0,reportado,
3,Bosque,2,Bosque_2,Misael Rojas Solis,parametros_muestra,total_individuos_identificados,Total de individuos identificados,individuos,202.0,reportado,
3,Bosque,2,Bosque_2,Misael Rojas Solis,parametros_muestra,abundancia_total_ninja,Abundancia total usada por NINJA,individuos/100 cm³ de suelo,800.0,reportado,
3,Bosque,2,Bosque_2,Misael Rojas Solis,indices_ninja,mi,Índice de madurez (MI),índice,1.77,reportado,
3,Bosque,2,Bosque_2,Misael Rojas Solis,indices_ninja,mi2_5,Índice de madurez 2–5 (MI2-5),índice,2.09,reportado,
3,Bosque,2,Bosque_2,Misael Rojas Solis,indices_ninja,smi,Índice SMI,índice,2.37,reportado,
3,Bosque,2,Bosque_2,Misael Rojas Solis,indices_ninja,ppi,Índice de parásitos de plantas (PPI),índice,2.78,reportado,
3,Bosque,2,Bosque_2,Misael Rojas Solis,indices_ninja,ci,Índice de canal (CI),índice 0–100,13.51,reportado,
3,Bosque,2,Bosque_2,Misael Rojas Solis,indices_ninja,bi,Índice basal (BI),índice 0–100,31.12,reportado,
3,Bosque,2,Bosque_2,Misael Rojas Solis,indices_ninja,ei,Índice de enriquecimiento (EI),índice 0–100,66.87,reportado,
3,Bosque,2,Bosque_2,Misael Rojas Solis,indices_ninja,si,Índice de estructura (SI),índice 0–100,16.35,reportado,
3,Bosque,2,Bosque_2,Misael Rojas Solis,huellas_ninja,total_biomass_mg,Biomasa total,mg,0.28,reportado,
3,Bosque,2,Bosque_2,Misael Rojas Solis,huellas_ninja,cft,CFT (NINJA),unidad no indicada en la fuente,105.14,reportado,
3,Bosque,2,Bosque_2,Misael Rojas Solis,huellas_ninja,eft,EFT (NINJA),unidad no indicada en la fuente,26.39,reportado,
3,Bosque,2,Bosque_2,Misael Rojas Solis,huellas_ninja,sft,SFT (NINJA),unidad no indicada en la fuente,7.59,reportado,
3,Bosque,2,Bosque_2,Misael Rojas Solis,huellas_ninja,heft,HeFT (NINJA),unidad no indicada en la fuente,65.18,reportado,
3,Bosque,2,Bosque_2,Misael Rojas Solis,huellas_ninja,fuft,FuFT (NINJA),unidad no indicada en la fuente,4.04,reportado,
3,Bosque,2,Bosque_2,Misael Rojas Solis,huellas_ninja,baft,BaFT (NINJA),unidad no indicada en la fuente,29.55,reportado,
3,Bosque,2,Bosque_2,Misael Rojas Solis,huellas_ninja,prft,PrFT (NINJA),unidad no indicada en la fuente,0.0,reportado,
3,Bosque,2,Bosque_2,Misael Rojas Solis,huellas_ninja,unicellular_eucaryote_feeder_footprint,Huella de consumidores de eucariotas unicelulares,unidad no indicada en la fuente,0.0,reportado,
3,Bosque,2,Bosque_2,Misael Rojas Solis,huellas_ninja,omnivore_footprint,Huella de omnívoros,unidad no indicada en la fuente,6.36,reportado,
3,Bosque,2,Bosque_2,Misael Rojas Solis,huellas_ninja,total_number_ind,Número total de individuos (NINJA),individuos/100 cm³ de suelo,800.0,reportado,
3,Bosque,2,Bosque_2,Misael Rojas Solis,porcentajes_ninja,herbivores_pct_of_total,Herbívoros del total,%,59.4,reportado,
3,Bosque,2,Bosque_2,Misael Rojas Solis,porcentajes_ninja,fungivores_pct_of_total,Fungívoros del total,%,7.9,reportado,
3,Bosque,2,Bosque_2,Misael Rojas Solis,porcentajes_ninja,fungivores_pct_of_free_living,Fungívoros de vida libre,%,19.5,reportado,
3,Bosque,2,Bosque_2,Misael Rojas Solis,porcentajes_ninja,bacterivores_pct_of_total,Bacterívoros del total,%,32.2,reportado,
3,Bosque,2,Bosque_2,Misael Rojas Solis,porcentajes_ninja,bacterivores_pct_of_free_living,Bacterívoros de vida libre,%,79.3,reportado,
3,Bosque,2,Bosque_2,Misael Rojas Solis,porcentajes_ninja,predators_pct_of_total,Depredadores del total,%,0.0,reportado,
3,Bosque,2,Bosque_2,Misael Rojas Solis,porcentajes_ninja,predators_pct_of_free_living,Depredadores de vida libre,%,0.0,reportado,
3,Bosque,2,Bosque_2,Misael Rojas Solis,porcentajes_ninja,unicellular_eucaryote_feeders_pct_of_total,Consumidores de eucariotas unicelulares del total,%,0.0,reportado,
3,Bosque,2,Bosque_2,Misael Rojas Solis,porcentajes_ninja,unicellular_eucaryote_feeders_pct_of_free_living,Consumidores de eucariotas unicelulares de vida libre,%,0.0,reportado,
3,Bosque,2,Bosque_2,Misael Rojas Solis,porcentajes_ninja,omnivores_pct_of_total,Omnívoros del total,%,0.5,reportado,
3,Bosque,2,Bosque_2,Misael Rojas Solis,porcentajes_ninja,omnivores_pct_of_free_living,Omnívoros de vida libre,%,1.2,reportado,
3,Bosque,2,Bosque_2,Misael Rojas Solis,porcentajes_ninja,sedentary_parasites_pct_of_herbivores,Parásitos sedentarios de los herbívoros,%,0.0,reportado,
3,Bosque,2,Bosque_2,Misael Rojas Solis,porcentajes_ninja,migratory_endoparasites_pct_of_herbivores,Endoparásitos migratorios de los herbívoros,%,0.0,reportado,
3,Bosque,2,Bosque_2,Misael Rojas Solis,porcentajes_ninja,semi_endoparasites_pct_of_herbivores,Semiendoparásitos de los herbívoros,%,2.5,reportado,
3,Bosque,2,Bosque_2,Misael Rojas Solis,porcentajes_ninja,ectoparasites_pct_of_herbivores,Ectoparásitos de los herbívoros,%,75.0,reportado,
3,Bosque,2,Bosque_2,Misael Rojas Solis,porcentajes_ninja,epidermal_root_hair_feeders_pct_of_herbivores,Consumidores de epidermis y pelos radicales de los herbívoros,%,22.5,reportado,
3,Bosque,2,Bosque_2,Misael Rojas Solis,porcentajes_ninja,algal_lichen_moss_feeders_pct_of_herbivores,"Consumidores de algas, líquenes y musgos de los herbívoros",%,0.0,reportado,
3,Bosque,2,Bosque_2,Misael Rojas Solis,porcentajes_ninja,cp_1_pct_of_free_living,c-p 1 de vida libre,%,29.3,reportado,
3,Bosque,2,Bosque_2,Misael Rojas Solis,porcentajes_ninja,cp_2_pct_of_free_living,c-p 2 de vida libre,%,67.1,reportado,
3,Bosque,2,Bosque_2,Misael Rojas Solis,porcentajes_ninja,cp_3_pct_of_free_living,c-p 3 de vida libre,%,2.4,reportado,
3,Bosque,2,Bosque_2,Misael Rojas Solis,porcentajes_ninja,cp_4_pct_of_free_living,c-p 4 de vida libre,%,0.0,reportado,
3,Bosque,2,Bosque_2,Misael Rojas Solis,porcentajes_ninja,cp_5_pct_of_free_living,c-p 5 de vida libre,%,1.2,reportado,
3,Bosque,2,Bosque_2,Misael Rojas Solis,porcentajes_ninja,pp_2_pct_of_herbivores,p-p 2 de los herbívoros,%,22.5,reportado,
3,Bosque,2,Bosque_2,Misael Rojas Solis,porcentajes_ninja,pp_3_pct_of_herbivores,p-p 3 de los herbívoros,%,77.5,reportado,
3,Bosque,2,Bosque_2,Misael Rojas Solis,porcentajes_ninja,pp_4_pct_of_herbivores,p-p 4 de los herbívoros,%,0.0,reportado,
3,Bosque,2,Bosque_2,Misael Rojas Solis,porcentajes_ninja,pp_5_pct_of_herbivores,p-p 5 de los herbívoros,%,0.0,reportado,
3,Bosque,2,Bosque_2,Misael Rojas Solis,taxones_abundancia,alaimus,Alaimus,individuos/100 cm³ de suelo,0.0,reportado,Bacterivores · c-p 4 · p-p 0 · masa 0.561 µg
3,Bosque,2,Bosque_2,Misael Rojas Solis,taxones_composicion,alaimus,Alaimus,% de la abundancia total,0.0,reportado,Bacterivores · c-p 4 · p-p 0 · masa 0.561 µg
3,Bosque,2,Bosque_2,Misael Rojas Solis,taxones_conteos,alaimus,Alaimus,individuos contados para identificación,0.0,reportado,Bacterivores · c-p 4 · p-p 0 · masa 0.561 µg
3,Bosque,2,Bosque_2,Misael Rojas Solis,taxones_abundancia,aglenchus,Aglenchus,individuos/100 cm³ de suelo,3.9603960396039604,reportado,Herbivores - epidermal/root hair feeders · c-p 0 · p-p 2 · masa 0.082 µg
3,Bosque,2,Bosque_2,Misael Rojas Solis,taxones_composicion,aglenchus,Aglenchus,% de la abundancia total,0.49504950495049505,reportado,Herbivores - epidermal/root hair feeders · c-p 0 · p-p 2 · masa 0.082 µg
3,Bosque,2,Bosque_2,Misael Rojas Solis,taxones_conteos,aglenchus,Aglenchus,individuos contados para identificación,1.0,reportado,Herbivores - epidermal/root hair feeders · c-p 0 · p-p 2 · masa 0.082 µg
3,Bosque,2,Bosque_2,Misael Rojas Solis,taxones_abundancia,aphelenchoides,Aphelenchoides,individuos/100 cm³ de suelo,7.920792079207921,reportado,Fungivores · c-p 2 · p-p 0 · masa 0.151 µg
3,Bosque,2,Bosque_2,Misael Rojas Solis,taxones_composicion,aphelenchoides,Aphelenchoides,% de la abundancia total,0.9900990099009901,reportado,Fungivores · c-p 2 · p-p 0 · masa 0.151 µg
3,Bosque,2,Bosque_2,Misael Rojas Solis,taxones_conteos,aphelenchoides,Aphelenchoides,individuos contados para identificación,2.0,reportado,Fungivores · c-p 2 · p-p 0 · masa 0.151 µg
3,Bosque,2,Bosque_2,Misael Rojas Solis,taxones_abundancia,aporcelaimellus,Aporcelaimellus,individuos/100 cm³ de suelo,3.9603960396039604,reportado,Omnivores · c-p 5 · p-p 0 · masa 9.048 µg
3,Bosque,2,Bosque_2,Misael Rojas Solis,taxones_composicion,aporcelaimellus,Aporcelaimellus,% de la abundancia total,0.49504950495049505,reportado,Omnivores · c-p 5 · p-p 0 · masa 9.048 µg
3,Bosque,2,Bosque_2,Misael Rojas Solis,taxones_conteos,aporcelaimellus,Aporcelaimellus,individuos contados para identificación,1.0,reportado,Omnivores · c-p 5 · p-p 0 · masa 9.048 µg
3,Bosque,2,Bosque_2,Misael Rojas Solis,taxones_abundancia,aphelenchus,Aphelenchus,individuos/100 cm³ de suelo,0.0,reportado,Fungivores · c-p 2 · p-p 0 · masa 0.218 µg
3,Bosque,2,Bosque_2,Misael Rojas Solis,taxones_composicion,aphelenchus,Aphelenchus,% de la abundancia total,0.0,reportado,Fungivores · c-p 2 · p-p 0 · masa 0.218 µg
3,Bosque,2,Bosque_2,Misael Rojas Solis,taxones_conteos,aphelenchus,Aphelenchus,individuos contados para identificación,0.0,reportado,Fungivores · c-p 2 · p-p 0 · masa 0.218 µg
3,Bosque,2,Bosque_2,Misael Rojas Solis,taxones_abundancia,cribronema,Cribronema,individuos/100 cm³ de suelo,134.65346534653466,reportado,Bacterivores · c-p 2 · p-p 0 · masa 0.039 µg
3,Bosque,2,Bosque_2,Misael Rojas Solis,taxones_composicion,cribronema,Cribronema,% de la abundancia total,16.831683168316832,reportado,Bacterivores · c-p 2 · p-p 0 · masa 0.039 µg
3,Bosque,2,Bosque_2,Misael Rojas Solis,taxones_conteos,cribronema,Cribronema,individuos contados para identificación,34.0,reportado,Bacterivores · c-p 2 · p-p 0 · masa 0.039 µg
3,Bosque,2,Bosque_2,Misael Rojas Solis,taxones_abundancia,criconematidae,Criconematidae,individuos/100 cm³ de suelo,0.0,reportado,Herbivores - ectoparasites · c-p 0 · p-p 3 · masa 0.567 µg
3,Bosque,2,Bosque_2,Misael Rojas Solis,taxones_composicion,criconematidae,Criconematidae,% de la abundancia total,0.0,reportado,Herbivores - ectoparasites · c-p 0 · p-p 3 · masa 0.567 µg
3,Bosque,2,Bosque_2,Misael Rojas Solis,taxones_conteos,criconematidae,Criconematidae,individuos contados para identificación,0.0,reportado,Herbivores - ectoparasites · c-p 0 · p-p 3 · masa 0.567 µg
3,Bosque,2,Bosque_2,Misael Rojas Solis,taxones_abundancia,chronogaster,Chronogaster,individuos/100 cm³ de suelo,3.9603960396039604,reportado,Bacterivores · c-p 3 · p-p 0 · masa 0.335 µg
3,Bosque,2,Bosque_2,Misael Rojas Solis,taxones_composicion,chronogaster,Chronogaster,% de la abundancia total,0.49504950495049505,reportado,Bacterivores · c-p 3 · p-p 0 · masa 0.335 µg
3,Bosque,2,Bosque_2,Misael Rojas Solis,taxones_conteos,chronogaster,Chronogaster,individuos contados para identificación,1.0,reportado,Bacterivores · c-p 3 · p-p 0 · masa 0.335 µg
3,Bosque,2,Bosque_2,Misael Rojas Solis,taxones_abundancia,cephalobus,Cephalobus,individuos/100 cm³ de suelo,3.9603960396039604,reportado,Bacterivores · c-p 2 · p-p 0 · masa 0.266 µg
3,Bosque,2,Bosque_2,Misael Rojas Solis,taxones_composicion,cephalobus,Cephalobus,% de la abundancia total,0.49504950495049505,reportado,Bacterivores · c-p 2 · p-p 0 · masa 0.266 µg
3,Bosque,2,Bosque_2,Misael Rojas Solis,taxones_conteos,cephalobus,Cephalobus,individuos contados para identificación,1.0,reportado,Bacterivores · c-p 2 · p-p 0 · masa 0.266 µg
3,Bosque,2,Bosque_2,Misael Rojas Solis,taxones_abundancia,clarkus,Clarkus,individuos/100 cm³ de suelo,0.0,reportado,Predators · c-p 4 · p-p 0 · masa 3.897 µg · conteo no reportado; la fuente lo trató como cero
3,Bosque,2,Bosque_2,Misael Rojas Solis,taxones_composicion,clarkus,Clarkus,% de la abundancia total,0.0,reportado,Predators · c-p 4 · p-p 0 · masa 3.897 µg · conteo no reportado; la fuente lo trató como cero
3,Bosque,2,Bosque_2,Misael Rojas Solis,taxones_conteos,clarkus,Clarkus,individuos contados para identificación,,no_reportado,Predators · c-p 4 · p-p 0 · masa 3.897 µg · conteo no reportado; la fuente lo trató como cero
3,Bosque,2,Bosque_2,Misael Rojas Solis,taxones_abundancia,diplogaster,Diplogaster,individuos/100 cm³ de suelo,3.9603960396039604,reportado,Bacterivores · c-p 1 · p-p 0 · masa 1.886 µg
3,Bosque,2,Bosque_2,Misael Rojas Solis,taxones_composicion,diplogaster,Diplogaster,% de la abundancia total,0.49504950495049505,reportado,Bacterivores · c-p 1 · p-p 0 · masa 1.886 µg
3,Bosque,2,Bosque_2,Misael Rojas Solis,taxones_conteos,diplogaster,Diplogaster,individuos contados para identificación,1.0,reportado,Bacterivores · c-p 1 · p-p 0 · masa 1.886 µg
3,Bosque,2,Bosque_2,Misael Rojas Solis,taxones_abundancia,diphtherophora,Diphtherophora,individuos/100 cm³ de suelo,3.9603960396039604,reportado,Fungivores · c-p 3 · p-p 0 · masa 0.504 µg
3,Bosque,2,Bosque_2,Misael Rojas Solis,taxones_composicion,diphtherophora,Diphtherophora,% de la abundancia total,0.49504950495049505,reportado,Fungivores · c-p 3 · p-p 0 · masa 0.504 µg
3,Bosque,2,Bosque_2,Misael Rojas Solis,taxones_conteos,diphtherophora,Diphtherophora,individuos contados para identificación,1.0,reportado,Fungivores · c-p 3 · p-p 0 · masa 0.504 µg
3,Bosque,2,Bosque_2,Misael Rojas Solis,taxones_abundancia,discocriconemella,Discocriconemella,individuos/100 cm³ de suelo,324.7524752475248,reportado,Herbivores - ectoparasites · c-p 0 · p-p 3 · masa 0.338 µg
3,Bosque,2,Bosque_2,Misael Rojas Solis,taxones_composicion,discocriconemella,Discocriconemella,% de la abundancia total,40.5940594059406,reportado,Herbivores - ectoparasites · c-p 0 · p-p 3 · masa 0.338 µg
3,Bosque,2,Bosque_2,Misael Rojas Solis,taxones_conteos,discocriconemella,Discocriconemella,individuos contados para identificación,82.0,reportado,Herbivores - ectoparasites · c-p 0 · p-p 3 · masa 0.338 µg
3,Bosque,2,Bosque_2,Misael Rojas Solis,taxones_abundancia,eucephalobus,Eucephalobus,individuos/100 cm³ de suelo,11.881188118811881,reportado,Bacterivores · c-p 2 · p-p 0 · masa 0.236 µg
3,Bosque,2,Bosque_2,Misael Rojas Solis,taxones_composicion,eucephalobus,Eucephalobus,% de la abundancia total,1.4851485148514851,reportado,Bacterivores · c-p 2 · p-p 0 · masa 0.236 µg
3,Bosque,2,Bosque_2,Misael Rojas Solis,taxones_conteos,eucephalobus,Eucephalobus,individuos contados para identificación,3.0,reportado,Bacterivores · c-p 2 · p-p 0 · masa 0.236 µg
3,Bosque,2,Bosque_2,Misael Rojas Solis,taxones_abundancia,ecphyadophora,Ecphyadophora,individuos/100 cm³ de suelo,0.0,reportado,Herbivores - epidermal/root hair feeders · c-p 0 · p-p 2 · masa 0.02 µg
3,Bosque,2,Bosque_2,Misael Rojas Solis,taxones_composicion,ecphyadophora,Ecphyadophora,% de la abundancia total,0.0,reportado,Herbivores - epidermal/root hair feeders · c-p 0 · p-p 2 · masa 0.02 µg
3,Bosque,2,Bosque_2,Misael Rojas Solis,taxones_conteos,ecphyadophora,Ecphyadophora,individuos contados para identificación,0.0,reportado,Herbivores - epidermal/root hair feeders · c-p 0 · p-p 2 · masa 0.02 µg
3,Bosque,2,Bosque_2,Misael Rojas Solis,taxones_abundancia,filenchus,Filenchus,individuos/100 cm³ de suelo,51.48514851485149,reportado,Fungivores · c-p 2 · p-p 0 · masa 0.099 µg
3,Bosque,2,Bosque_2,Misael Rojas Solis,taxones_composicion,filenchus,Filenchus,% de la abundancia total,6.435643564356436,reportado,Fungivores · c-p 2 · p-p 0 · masa 0.099 µg
3,Bosque,2,Bosque_2,Misael Rojas Solis,taxones_conteos,filenchus,Filenchus,individuos contados para identificación,13.0,reportado,Fungivores · c-p 2 · p-p 0 · masa 0.099 µg
3,Bosque,2,Bosque_2,Misael Rojas Solis,taxones_abundancia,helicotylenchus,Helicotylenchus,individuos/100 cm³ de suelo,11.881188118811881,reportado,Herbivores - semi-endoparasites · c-p 0 · p-p 3 · masa 0.294 µg
3,Bosque,2,Bosque_2,Misael Rojas Solis,taxones_composicion,helicotylenchus,Helicotylenchus,% de la abundancia total,1.4851485148514851,reportado,Herbivores - semi-endoparasites · c-p 0 · p-p 3 · masa 0.294 µg
3,Bosque,2,Bosque_2,Misael Rojas Solis,taxones_conteos,helicotylenchus,Helicotylenchus,individuos contados para identificación,3.0,reportado,Herbivores - semi-endoparasites · c-p 0 · p-p 3 · masa 0.294 µg
3,Bosque,2,Bosque_2,Misael Rojas Solis,taxones_abundancia,ironus,Ironus,individuos/100 cm³ de suelo,0.0,reportado,Predators · c-p 4 · p-p 0 · masa 4.188 µg
3,Bosque,2,Bosque_2,Misael Rojas Solis,taxones_composicion,ironus,Ironus,% de la abundancia total,0.0,reportado,Predators · c-p 4 · p-p 0 · masa 4.188 µg
3,Bosque,2,Bosque_2,Misael Rojas Solis,taxones_conteos,ironus,Ironus,individuos contados para identificación,0.0,reportado,Predators · c-p 4 · p-p 0 · masa 4.188 µg
3,Bosque,2,Bosque_2,Misael Rojas Solis,taxones_abundancia,meloidogyne,Meloidogyne,individuos/100 cm³ de suelo,0.0,reportado,Herbivores - sedentary parasites · c-p 0 · p-p 3 · masa 86.985 µg
3,Bosque,2,Bosque_2,Misael Rojas Solis,taxones_composicion,meloidogyne,Meloidogyne,% de la abundancia total,0.0,reportado,Herbivores - sedentary parasites · c-p 0 · p-p 3 · masa 86.985 µg
3,Bosque,2,Bosque_2,Misael Rojas Solis,taxones_conteos,meloidogyne,Meloidogyne,individuos contados para identificación,0.0,reportado,Herbivores - sedentary parasites · c-p 0 · p-p 3 · masa 86.985 µg
3,Bosque,2,Bosque_2,Misael Rojas Solis,taxones_abundancia,metateratocephalus,Metateratocephalus,individuos/100 cm³ de suelo,0.0,reportado,Bacterivores · c-p 3 · p-p 0 · masa 0.073 µg
3,Bosque,2,Bosque_2,Misael Rojas Solis,taxones_composicion,metateratocephalus,Metateratocephalus,% de la abundancia total,0.0,reportado,Bacterivores · c-p 3 · p-p 0 · masa 0.073 µg
3,Bosque,2,Bosque_2,Misael Rojas Solis,taxones_conteos,metateratocephalus,Metateratocephalus,individuos contados para identificación,0.0,reportado,Bacterivores · c-p 3 · p-p 0 · masa 0.073 µg
3,Bosque,2,Bosque_2,Misael Rojas Solis,taxones_abundancia,mesorhabditis,Mesorhabditis,individuos/100 cm³ de suelo,83.16831683168317,reportado,Bacterivores · c-p 1 · p-p 0 · masa 0.568 µg
3,Bosque,2,Bosque_2,Misael Rojas Solis,taxones_composicion,mesorhabditis,Mesorhabditis,% de la abundancia total,10.396039603960396,reportado,Bacterivores · c-p 1 · p-p 0 · masa 0.568 µg
3,Bosque,2,Bosque_2,Misael Rojas Solis,taxones_conteos,mesorhabditis,Mesorhabditis,individuos contados para identificación,21.0,reportado,Bacterivores · c-p 1 · p-p 0 · masa 0.568 µg
3,Bosque,2,Bosque_2,Misael Rojas Solis,taxones_abundancia,mesodorylaimus,Mesodorylaimus,individuos/100 cm³ de suelo,0.0,reportado,Omnivores · c-p 4 · p-p 0 · masa 1.277 µg
3,Bosque,2,Bosque_2,Misael Rojas Solis,taxones_composicion,mesodorylaimus,Mesodorylaimus,% de la abundancia total,0.0,reportado,Omnivores · c-p 4 · p-p 0 · masa 1.277 µg
3,Bosque,2,Bosque_2,Misael Rojas Solis,taxones_conteos,mesodorylaimus,Mesodorylaimus,individuos contados para identificación,0.0,reportado,Omnivores · c-p 4 · p-p 0 · masa 1.277 µg
3,Bosque,2,Bosque_2,Misael Rojas Solis,taxones_abundancia,mesocriconema,Mesocriconema,individuos/100 cm³ de suelo,31.683168316831683,reportado,Herbivores - ectoparasites · c-p 0 · p-p 3 · masa 0.504 µg
3,Bosque,2,Bosque_2,Misael Rojas Solis,taxones_composicion,mesocriconema,Mesocriconema,% de la abundancia total,3.9603960396039604,reportado,Herbivores - ectoparasites · c-p 0 · p-p 3 · masa 0.504 µg
3,Bosque,2,Bosque_2,Misael Rojas Solis,taxones_conteos,mesocriconema,Mesocriconema,individuos contados para identificación,8.0,reportado,Herbivores - ectoparasites · c-p 0 · p-p 3 · masa 0.504 µg
3,Bosque,2,Bosque_2,Misael Rojas Solis,taxones_abundancia,protorhabditis,Protorhabditis,individuos/100 cm³ de suelo,7.920792079207921,reportado,Bacterivores · c-p 1 · p-p 0 · masa 0.264 µg
3,Bosque,2,Bosque_2,Misael Rojas Solis,taxones_composicion,protorhabditis,Protorhabditis,% de la abundancia total,0.9900990099009901,reportado,Bacterivores · c-p 1 · p-p 0 · masa 0.264 µg
3,Bosque,2,Bosque_2,Misael Rojas Solis,taxones_conteos,protorhabditis,Protorhabditis,individuos contados para identificación,2.0,reportado,Bacterivores · c-p 1 · p-p 0 · masa 0.264 µg
3,Bosque,2,Bosque_2,Misael Rojas Solis,taxones_abundancia,pseudacrobeles,Pseudacrobeles,individuos/100 cm³ de suelo,7.920792079207921,reportado,Bacterivores · c-p 2 · p-p 0 · masa 0.217 µg
3,Bosque,2,Bosque_2,Misael Rojas Solis,taxones_composicion,pseudacrobeles,Pseudacrobeles,% de la abundancia total,0.9900990099009901,reportado,Bacterivores · c-p 2 · p-p 0 · masa 0.217 µg
3,Bosque,2,Bosque_2,Misael Rojas Solis,taxones_conteos,pseudacrobeles,Pseudacrobeles,individuos contados para identificación,2.0,reportado,Bacterivores · c-p 2 · p-p 0 · masa 0.217 µg
3,Bosque,2,Bosque_2,Misael Rojas Solis,taxones_abundancia,plectus,Plectus,individuos/100 cm³ de suelo,0.0,reportado,Bacterivores · c-p 2 · p-p 0 · masa 0.858 µg
3,Bosque,2,Bosque_2,Misael Rojas Solis,taxones_composicion,plectus,Plectus,% de la abundancia total,0.0,reportado,Bacterivores · c-p 2 · p-p 0 · masa 0.858 µg
3,Bosque,2,Bosque_2,Misael Rojas Solis,taxones_conteos,plectus,Plectus,individuos contados para identificación,0.0,reportado,Bacterivores · c-p 2 · p-p 0 · masa 0.858 µg
3,Bosque,2,Bosque_2,Misael Rojas Solis,taxones_abundancia,pratylenchus,Pratylenchus,individuos/100 cm³ de suelo,0.0,reportado,Herbivores - migratory endoparasites · c-p 0 · p-p 3 · masa 0.144 µg
3,Bosque,2,Bosque_2,Misael Rojas Solis,taxones_composicion,pratylenchus,Pratylenchus,% de la abundancia total,0.0,reportado,Herbivores - migratory endoparasites · c-p 0 · p-p 3 · masa 0.144 µg
3,Bosque,2,Bosque_2,Misael Rojas Solis,taxones_conteos,pratylenchus,Pratylenchus,individuos contados para identificación,0.0,reportado,Herbivores - migratory endoparasites · c-p 0 · p-p 3 · masa 0.144 µg
3,Bosque,2,Bosque_2,Misael Rojas Solis,taxones_abundancia,prodorylaimus,Prodorylaimus,individuos/100 cm³ de suelo,0.0,reportado,Omnivores · c-p 4 · p-p 0 · masa 5.631 µg
3,Bosque,2,Bosque_2,Misael Rojas Solis,taxones_composicion,prodorylaimus,Prodorylaimus,% de la abundancia total,0.0,reportado,Omnivores · c-p 4 · p-p 0 · masa 5.631 µg
3,Bosque,2,Bosque_2,Misael Rojas Solis,taxones_conteos,prodorylaimus,Prodorylaimus,individuos contados para identificación,0.0,reportado,Omnivores · c-p 4 · p-p 0 · masa 5.631 µg
3,Bosque,2,Bosque_2,Misael Rojas Solis,taxones_abundancia,rhabditis,Rhabditis,individuos/100 cm³ de suelo,0.0,reportado,Bacterivores · c-p 1 · p-p 0 · masa 7.5 µg
3,Bosque,2,Bosque_2,Misael Rojas Solis,taxones_composicion,rhabditis,Rhabditis,% de la abundancia total,0.0,reportado,Bacterivores · c-p 1 · p-p 0 · masa 7.5 µg
3,Bosque,2,Bosque_2,Misael Rojas Solis,taxones_conteos,rhabditis,Rhabditis,individuos contados para identificación,0.0,reportado,Bacterivores · c-p 1 · p-p 0 · masa 7.5 µg
3,Bosque,2,Bosque_2,Misael Rojas Solis,taxones_abundancia,rotylenchulus,Rotylenchulus,individuos/100 cm³ de suelo,0.0,reportado,Herbivores - sedentary parasites · c-p 0 · p-p 3 · masa 1.77 µg
3,Bosque,2,Bosque_2,Misael Rojas Solis,taxones_composicion,rotylenchulus,Rotylenchulus,% de la abundancia total,0.0,reportado,Herbivores - sedentary parasites · c-p 0 · p-p 3 · masa 1.77 µg
3,Bosque,2,Bosque_2,Misael Rojas Solis,taxones_conteos,rotylenchulus,Rotylenchulus,individuos contados para identificación,0.0,reportado,Herbivores - sedentary parasites · c-p 0 · p-p 3 · masa 1.77 µg
3,Bosque,2,Bosque_2,Misael Rojas Solis,taxones_abundancia,stegelletina,Stegelletina,individuos/100 cm³ de suelo,0.0,reportado,Bacterivores · c-p 2 · p-p 0 · masa 0.073 µg
3,Bosque,2,Bosque_2,Misael Rojas Solis,taxones_composicion,stegelletina,Stegelletina,% de la abundancia total,0.0,reportado,Bacterivores · c-p 2 · p-p 0 · masa 0.073 µg
3,Bosque,2,Bosque_2,Misael Rojas Solis,taxones_conteos,stegelletina,Stegelletina,individuos contados para identificación,0.0,reportado,Bacterivores · c-p 2 · p-p 0 · masa 0.073 µg
3,Bosque,2,Bosque_2,Misael Rojas Solis,taxones_abundancia,teratocephalus,Teratocephalus,individuos/100 cm³ de suelo,0.0,reportado,Bacterivores · c-p 3 · p-p 0 · masa 0.084 µg
3,Bosque,2,Bosque_2,Misael Rojas Solis,taxones_composicion,teratocephalus,Teratocephalus,% de la abundancia total,0.0,reportado,Bacterivores · c-p 3 · p-p 0 · masa 0.084 µg
3,Bosque,2,Bosque_2,Misael Rojas Solis,taxones_conteos,teratocephalus,Teratocephalus,individuos contados para identificación,0.0,reportado,Bacterivores · c-p 3 · p-p 0 · masa 0.084 µg
3,Bosque,2,Bosque_2,Misael Rojas Solis,taxones_abundancia,trophurus,Trophurus,individuos/100 cm³ de suelo,0.0,reportado,Herbivores - ectoparasites · c-p 0 · p-p 3 · masa 0.278 µg
3,Bosque,2,Bosque_2,Misael Rojas Solis,taxones_composicion,trophurus,Trophurus,% de la abundancia total,0.0,reportado,Herbivores - ectoparasites · c-p 0 · p-p 3 · masa 0.278 µg
3,Bosque,2,Bosque_2,Misael Rojas Solis,taxones_conteos,trophurus,Trophurus,individuos contados para identificación,0.0,reportado,Herbivores - ectoparasites · c-p 0 · p-p 3 · masa 0.278 µg
3,Bosque,2,Bosque_2,Misael Rojas Solis,taxones_abundancia,tylenchus,Tylenchus,individuos/100 cm³ de suelo,102.97029702970298,reportado,Herbivores - epidermal/root hair feeders · c-p 0 · p-p 2 · masa 0.36 µg
3,Bosque,2,Bosque_2,Misael Rojas Solis,taxones_composicion,tylenchus,Tylenchus,% de la abundancia total,12.871287128712872,reportado,Herbivores - epidermal/root hair feeders · c-p 0 · p-p 2 · masa 0.36 µg
3,Bosque,2,Bosque_2,Misael Rojas Solis,taxones_conteos,tylenchus,Tylenchus,individuos contados para identificación,26.0,reportado,Herbivores - epidermal/root hair feeders · c-p 0 · p-p 2 · masa 0.36 µg
3,Bosque,2,Bosque_2,Misael Rojas Solis,taxones_abundancia,xiphinema,Xiphinema,individuos/100 cm³ de suelo,0.0,reportado,Herbivores - ectoparasites · c-p 0 · p-p 5 · masa 5.395 µg
3,Bosque,2,Bosque_2,Misael Rojas Solis,taxones_composicion,xiphinema,Xiphinema,% de la abundancia total,0.0,reportado,Herbivores - ectoparasites · c-p 0 · p-p 5 · masa 5.395 µg
3,Bosque,2,Bosque_2,Misael Rojas Solis,taxones_conteos,xiphinema,Xiphinema,individuos contados para identificación,0.0,reportado,Herbivores - ectoparasites · c-p 0 · p-p 5 · masa 5.395 µg
3,Bosque,2,Bosque_2,Misael Rojas Solis,grupos_abundancia,herbivoros,Herbívoros,individuos/100 cm³ de suelo,475.2475247524753,reportado,
3,Bosque,2,Bosque_2,Misael Rojas Solis,grupos_composicion,herbivoros,Herbívoros,% de la abundancia total,59.405940594059416,reportado,
3,Bosque,2,Bosque_2,Misael Rojas Solis,grupos_abundancia,fungivoros,Fungívoros,individuos/100 cm³ de suelo,63.366336633663366,reportado,
3,Bosque,2,Bosque_2,Misael Rojas Solis,grupos_composicion,fungivoros,Fungívoros,% de la abundancia total,7.920792079207921,reportado,
3,Bosque,2,Bosque_2,Misael Rojas Solis,grupos_abundancia,bacterivoros,Bacterívoros,individuos/100 cm³ de suelo,257.4257425742574,reportado,
3,Bosque,2,Bosque_2,Misael Rojas Solis,grupos_composicion,bacterivoros,Bacterívoros,% de la abundancia total,32.17821782178218,reportado,
3,Bosque,2,Bosque_2,Misael Rojas Solis,grupos_abundancia,depredadores,Depredadores,individuos/100 cm³ de suelo,0.0,reportado,
3,Bosque,2,Bosque_2,Misael Rojas Solis,grupos_composicion,depredadores,Depredadores,% de la abundancia total,0.0,reportado,
3,Bosque,2,Bosque_2,Misael Rojas Solis,grupos_abundancia,omnivoros,Omnívoros,individuos/100 cm³ de suelo,3.9603960396039604,reportado,
3,Bosque,2,Bosque_2,Misael Rojas Solis,grupos_composicion,omnivoros,Omnívoros,% de la abundancia total,0.49504950495049505,reportado,
3,Pina,3,Pina_3,Misael Rojas Solis,indicadores,abundancia_total,Abundancia total,individuos/100 cm³ de suelo,1190.0,reportado,
3,Pina,3,Pina_3,Misael Rojas Solis,indicadores,riqueza_taxones,Riqueza observada,taxones con abundancia mayor que cero,12.0,reportado,
3,Pina,3,Pina_3,Misael Rojas Solis,parametros_muestra,abundancia_en_1_ml,Abundancia observada en 1 ml,individuos/mL,119.0,reportado,
3,Pina,3,Pina_3,Misael Rojas Solis,parametros_muestra,volumen_contado_abundancia_ml,Volumen contado para abundancia,mL,1.0,reportado,
3,Pina,3,Pina_3,Misael Rojas Solis,parametros_muestra,volumen_agregado_identificacion_ml,Volumen agregado para identificación,mL,2.0,reportado,
3,Pina,3,Pina_3,Misael Rojas Solis,parametros_muestra,total_individuos_identificados,Total de individuos identificados,individuos,201.0,reportado,
3,Pina,3,Pina_3,Misael Rojas Solis,parametros_muestra,abundancia_total_ninja,Abundancia total usada por NINJA,individuos/100 cm³ de suelo,1190.0,reportado,
3,Pina,3,Pina_3,Misael Rojas Solis,indices_ninja,mi,Índice de madurez (MI),índice,2.0,reportado,
3,Pina,3,Pina_3,Misael Rojas Solis,indices_ninja,mi2_5,Índice de madurez 2–5 (MI2-5),índice,2.07,reportado,
3,Pina,3,Pina_3,Misael Rojas Solis,indices_ninja,smi,Índice SMI,índice,2.74,reportado,
3,Pina,3,Pina_3,Misael Rojas Solis,indices_ninja,ppi,Índice de parásitos de plantas (PPI),índice,2.97,reportado,
3,Pina,3,Pina_3,Misael Rojas Solis,indices_ninja,ci,Índice de canal (CI),índice 0–100,75.0,reportado,
3,Pina,3,Pina_3,Misael Rojas Solis,indices_ninja,bi,Índice basal (BI),índice 0–100,43.64,reportado,
3,Pina,3,Pina_3,Misael Rojas Solis,indices_ninja,ei,Índice de enriquecimiento (EI),índice 0–100,53.33,reportado,
3,Pina,3,Pina_3,Misael Rojas Solis,indices_ninja,si,Índice de estructura (SI),índice 0–100,12.95,reportado,
3,Pina,3,Pina_3,Misael Rojas Solis,huellas_ninja,total_biomass_mg,Biomasa total,mg,0.38,reportado,
3,Pina,3,Pina_3,Misael Rojas Solis,huellas_ninja,cft,CFT (NINJA),unidad no indicada en la fuente,145.97,reportado,
3,Pina,3,Pina_3,Misael Rojas Solis,huellas_ninja,eft,EFT (NINJA),unidad no indicada en la fuente,20.47,reportado,
3,Pina,3,Pina_3,Misael Rojas Solis,huellas_ninja,sft,SFT (NINJA),unidad no indicada en la fuente,6.42,reportado,
3,Pina,3,Pina_3,Misael Rojas Solis,huellas_ninja,heft,HeFT (NINJA),unidad no indicada en la fuente,114.5,reportado,
3,Pina,3,Pina_3,Misael Rojas Solis,huellas_ninja,fuft,FuFT (NINJA),unidad no indicada en la fuente,17.36,reportado,
3,Pina,3,Pina_3,Misael Rojas Solis,huellas_ninja,baft,BaFT (NINJA),unidad no indicada en la fuente,8.76,reportado,
3,Pina,3,Pina_3,Misael Rojas Solis,huellas_ninja,prft,PrFT (NINJA),unidad no indicada en la fuente,5.35,reportado,
3,Pina,3,Pina_3,Misael Rojas Solis,huellas_ninja,unicellular_eucaryote_feeder_footprint,Huella de consumidores de eucariotas unicelulares,unidad no indicada en la fuente,0.0,reportado,
3,Pina,3,Pina_3,Misael Rojas Solis,huellas_ninja,omnivore_footprint,Huella de omnívoros,unidad no indicada en la fuente,0.0,reportado,
3,Pina,3,Pina_3,Misael Rojas Solis,huellas_ninja,total_number_ind,Número total de individuos (NINJA),individuos/100 cm³ de suelo,1190.0,reportado,
3,Pina,3,Pina_3,Misael Rojas Solis,porcentajes_ninja,herbivores_pct_of_total,Herbívoros del total,%,76.6,reportado,
3,Pina,3,Pina_3,Misael Rojas Solis,porcentajes_ninja,fungivores_pct_of_total,Fungívoros del total,%,18.4,reportado,
3,Pina,3,Pina_3,Misael Rojas Solis,porcentajes_ninja,fungivores_pct_of_free_living,Fungívoros de vida libre,%,78.7,reportado,
3,Pina,3,Pina_3,Misael Rojas Solis,porcentajes_ninja,bacterivores_pct_of_total,Bacterívoros del total,%,4.5,reportado,
3,Pina,3,Pina_3,Misael Rojas Solis,porcentajes_ninja,bacterivores_pct_of_free_living,Bacterívoros de vida libre,%,19.1,reportado,
3,Pina,3,Pina_3,Misael Rojas Solis,porcentajes_ninja,predators_pct_of_total,Depredadores del total,%,0.5,reportado,
3,Pina,3,Pina_3,Misael Rojas Solis,porcentajes_ninja,predators_pct_of_free_living,Depredadores de vida libre,%,2.1,reportado,
3,Pina,3,Pina_3,Misael Rojas Solis,porcentajes_ninja,unicellular_eucaryote_feeders_pct_of_total,Consumidores de eucariotas unicelulares del total,%,0.0,reportado,
3,Pina,3,Pina_3,Misael Rojas Solis,porcentajes_ninja,unicellular_eucaryote_feeders_pct_of_free_living,Consumidores de eucariotas unicelulares de vida libre,%,0.0,reportado,
3,Pina,3,Pina_3,Misael Rojas Solis,porcentajes_ninja,omnivores_pct_of_total,Omnívoros del total,%,0.0,reportado,
3,Pina,3,Pina_3,Misael Rojas Solis,porcentajes_ninja,omnivores_pct_of_free_living,Omnívoros de vida libre,%,0.0,reportado,
3,Pina,3,Pina_3,Misael Rojas Solis,porcentajes_ninja,sedentary_parasites_pct_of_herbivores,Parásitos sedentarios de los herbívoros,%,0.0,reportado,
3,Pina,3,Pina_3,Misael Rojas Solis,porcentajes_ninja,migratory_endoparasites_pct_of_herbivores,Endoparásitos migratorios de los herbívoros,%,11.0,reportado,
3,Pina,3,Pina_3,Misael Rojas Solis,porcentajes_ninja,semi_endoparasites_pct_of_herbivores,Semiendoparásitos de los herbívoros,%,61.0,reportado,
3,Pina,3,Pina_3,Misael Rojas Solis,porcentajes_ninja,ectoparasites_pct_of_herbivores,Ectoparásitos de los herbívoros,%,24.7,reportado,
3,Pina,3,Pina_3,Misael Rojas Solis,porcentajes_ninja,epidermal_root_hair_feeders_pct_of_herbivores,Consumidores de epidermis y pelos radicales de los herbívoros,%,3.2,reportado,
3,Pina,3,Pina_3,Misael Rojas Solis,porcentajes_ninja,algal_lichen_moss_feeders_pct_of_herbivores,"Consumidores de algas, líquenes y musgos de los herbívoros",%,0.0,reportado,
3,Pina,3,Pina_3,Misael Rojas Solis,porcentajes_ninja,cp_1_pct_of_free_living,c-p 1 de vida libre,%,6.4,reportado,
3,Pina,3,Pina_3,Misael Rojas Solis,porcentajes_ninja,cp_2_pct_of_free_living,c-p 2 de vida libre,%,89.4,reportado,
3,Pina,3,Pina_3,Misael Rojas Solis,porcentajes_ninja,cp_3_pct_of_free_living,c-p 3 de vida libre,%,2.1,reportado,
3,Pina,3,Pina_3,Misael Rojas Solis,porcentajes_ninja,cp_4_pct_of_free_living,c-p 4 de vida libre,%,2.1,reportado,
3,Pina,3,Pina_3,Misael Rojas Solis,porcentajes_ninja,cp_5_pct_of_free_living,c-p 5 de vida libre,%,0.0,reportado,
3,Pina,3,Pina_3,Misael Rojas Solis,porcentajes_ninja,pp_2_pct_of_herbivores,p-p 2 de los herbívoros,%,3.2,reportado,
3,Pina,3,Pina_3,Misael Rojas Solis,porcentajes_ninja,pp_3_pct_of_herbivores,p-p 3 de los herbívoros,%,96.8,reportado,
3,Pina,3,Pina_3,Misael Rojas Solis,porcentajes_ninja,pp_4_pct_of_herbivores,p-p 4 de los herbívoros,%,0.0,reportado,
3,Pina,3,Pina_3,Misael Rojas Solis,porcentajes_ninja,pp_5_pct_of_herbivores,p-p 5 de los herbívoros,%,0.0,reportado,
3,Pina,3,Pina_3,Misael Rojas Solis,taxones_abundancia,alaimus,Alaimus,individuos/100 cm³ de suelo,0.0,reportado,Bacterivores · c-p 4 · p-p 0 · masa 0.561 µg
3,Pina,3,Pina_3,Misael Rojas Solis,taxones_composicion,alaimus,Alaimus,% de la abundancia total,0.0,reportado,Bacterivores · c-p 4 · p-p 0 · masa 0.561 µg
3,Pina,3,Pina_3,Misael Rojas Solis,taxones_conteos,alaimus,Alaimus,individuos contados para identificación,0.0,reportado,Bacterivores · c-p 4 · p-p 0 · masa 0.561 µg
3,Pina,3,Pina_3,Misael Rojas Solis,taxones_abundancia,aglenchus,Aglenchus,individuos/100 cm³ de suelo,17.761194029850746,reportado,Herbivores - epidermal/root hair feeders · c-p 0 · p-p 2 · masa 0.082 µg
3,Pina,3,Pina_3,Misael Rojas Solis,taxones_composicion,aglenchus,Aglenchus,% de la abundancia total,1.4925373134328357,reportado,Herbivores - epidermal/root hair feeders · c-p 0 · p-p 2 · masa 0.082 µg
3,Pina,3,Pina_3,Misael Rojas Solis,taxones_conteos,aglenchus,Aglenchus,individuos contados para identificación,3.0,reportado,Herbivores - epidermal/root hair feeders · c-p 0 · p-p 2 · masa 0.082 µg
3,Pina,3,Pina_3,Misael Rojas Solis,taxones_abundancia,aphelenchoides,Aphelenchoides,individuos/100 cm³ de suelo,189.45273631840794,reportado,Fungivores · c-p 2 · p-p 0 · masa 0.151 µg
3,Pina,3,Pina_3,Misael Rojas Solis,taxones_composicion,aphelenchoides,Aphelenchoides,% de la abundancia total,15.92039800995025,reportado,Fungivores · c-p 2 · p-p 0 · masa 0.151 µg
3,Pina,3,Pina_3,Misael Rojas Solis,taxones_conteos,aphelenchoides,Aphelenchoides,individuos contados para identificación,32.0,reportado,Fungivores · c-p 2 · p-p 0 · masa 0.151 µg
3,Pina,3,Pina_3,Misael Rojas Solis,taxones_abundancia,aporcelaimellus,Aporcelaimellus,individuos/100 cm³ de suelo,0.0,reportado,Omnivores · c-p 5 · p-p 0 · masa 9.048 µg
3,Pina,3,Pina_3,Misael Rojas Solis,taxones_composicion,aporcelaimellus,Aporcelaimellus,% de la abundancia total,0.0,reportado,Omnivores · c-p 5 · p-p 0 · masa 9.048 µg
3,Pina,3,Pina_3,Misael Rojas Solis,taxones_conteos,aporcelaimellus,Aporcelaimellus,individuos contados para identificación,0.0,reportado,Omnivores · c-p 5 · p-p 0 · masa 9.048 µg
3,Pina,3,Pina_3,Misael Rojas Solis,taxones_abundancia,aphelenchus,Aphelenchus,individuos/100 cm³ de suelo,23.681592039800993,reportado,Fungivores · c-p 2 · p-p 0 · masa 0.218 µg
3,Pina,3,Pina_3,Misael Rojas Solis,taxones_composicion,aphelenchus,Aphelenchus,% de la abundancia total,1.9900497512437811,reportado,Fungivores · c-p 2 · p-p 0 · masa 0.218 µg
3,Pina,3,Pina_3,Misael Rojas Solis,taxones_conteos,aphelenchus,Aphelenchus,individuos contados para identificación,4.0,reportado,Fungivores · c-p 2 · p-p 0 · masa 0.218 µg
3,Pina,3,Pina_3,Misael Rojas Solis,taxones_abundancia,cribronema,Cribronema,individuos/100 cm³ de suelo,0.0,reportado,Bacterivores · c-p 2 · p-p 0 · masa 0.039 µg
3,Pina,3,Pina_3,Misael Rojas Solis,taxones_composicion,cribronema,Cribronema,% de la abundancia total,0.0,reportado,Bacterivores · c-p 2 · p-p 0 · masa 0.039 µg
3,Pina,3,Pina_3,Misael Rojas Solis,taxones_conteos,cribronema,Cribronema,individuos contados para identificación,0.0,reportado,Bacterivores · c-p 2 · p-p 0 · masa 0.039 µg
3,Pina,3,Pina_3,Misael Rojas Solis,taxones_abundancia,criconematidae,Criconematidae,individuos/100 cm³ de suelo,0.0,reportado,Herbivores - ectoparasites · c-p 0 · p-p 3 · masa 0.567 µg
3,Pina,3,Pina_3,Misael Rojas Solis,taxones_composicion,criconematidae,Criconematidae,% de la abundancia total,0.0,reportado,Herbivores - ectoparasites · c-p 0 · p-p 3 · masa 0.567 µg
3,Pina,3,Pina_3,Misael Rojas Solis,taxones_conteos,criconematidae,Criconematidae,individuos contados para identificación,0.0,reportado,Herbivores - ectoparasites · c-p 0 · p-p 3 · masa 0.567 µg
3,Pina,3,Pina_3,Misael Rojas Solis,taxones_abundancia,chronogaster,Chronogaster,individuos/100 cm³ de suelo,0.0,reportado,Bacterivores · c-p 3 · p-p 0 · masa 0.335 µg
3,Pina,3,Pina_3,Misael Rojas Solis,taxones_composicion,chronogaster,Chronogaster,% de la abundancia total,0.0,reportado,Bacterivores · c-p 3 · p-p 0 · masa 0.335 µg
3,Pina,3,Pina_3,Misael Rojas Solis,taxones_conteos,chronogaster,Chronogaster,individuos contados para identificación,0.0,reportado,Bacterivores · c-p 3 · p-p 0 · masa 0.335 µg
3,Pina,3,Pina_3,Misael Rojas Solis,taxones_abundancia,cephalobus,Cephalobus,individuos/100 cm³ de suelo,0.0,reportado,Bacterivores · c-p 2 · p-p 0 · masa 0.266 µg
3,Pina,3,Pina_3,Misael Rojas Solis,taxones_composicion,cephalobus,Cephalobus,% de la abundancia total,0.0,reportado,Bacterivores · c-p 2 · p-p 0 · masa 0.266 µg
3,Pina,3,Pina_3,Misael Rojas Solis,taxones_conteos,cephalobus,Cephalobus,individuos contados para identificación,0.0,reportado,Bacterivores · c-p 2 · p-p 0 · masa 0.266 µg
3,Pina,3,Pina_3,Misael Rojas Solis,taxones_abundancia,clarkus,Clarkus,individuos/100 cm³ de suelo,0.0,reportado,Predators · c-p 4 · p-p 0 · masa 3.897 µg
3,Pina,3,Pina_3,Misael Rojas Solis,taxones_composicion,clarkus,Clarkus,% de la abundancia total,0.0,reportado,Predators · c-p 4 · p-p 0 · masa 3.897 µg
3,Pina,3,Pina_3,Misael Rojas Solis,taxones_conteos,clarkus,Clarkus,individuos contados para identificación,0.0,reportado,Predators · c-p 4 · p-p 0 · masa 3.897 µg
3,Pina,3,Pina_3,Misael Rojas Solis,taxones_abundancia,diplogaster,Diplogaster,individuos/100 cm³ de suelo,0.0,reportado,Bacterivores · c-p 1 · p-p 0 · masa 1.886 µg
3,Pina,3,Pina_3,Misael Rojas Solis,taxones_composicion,diplogaster,Diplogaster,% de la abundancia total,0.0,reportado,Bacterivores · c-p 1 · p-p 0 · masa 1.886 µg
3,Pina,3,Pina_3,Misael Rojas Solis,taxones_conteos,diplogaster,Diplogaster,individuos contados para identificación,0.0,reportado,Bacterivores · c-p 1 · p-p 0 · masa 1.886 µg
3,Pina,3,Pina_3,Misael Rojas Solis,taxones_abundancia,diphtherophora,Diphtherophora,individuos/100 cm³ de suelo,5.920398009950248,reportado,Fungivores · c-p 3 · p-p 0 · masa 0.504 µg
3,Pina,3,Pina_3,Misael Rojas Solis,taxones_composicion,diphtherophora,Diphtherophora,% de la abundancia total,0.4975124378109453,reportado,Fungivores · c-p 3 · p-p 0 · masa 0.504 µg
3,Pina,3,Pina_3,Misael Rojas Solis,taxones_conteos,diphtherophora,Diphtherophora,individuos contados para identificación,1.0,reportado,Fungivores · c-p 3 · p-p 0 · masa 0.504 µg
3,Pina,3,Pina_3,Misael Rojas Solis,taxones_abundancia,discocriconemella,Discocriconemella,individuos/100 cm³ de suelo,0.0,reportado,Herbivores - ectoparasites · c-p 0 · p-p 3 · masa 0.338 µg
3,Pina,3,Pina_3,Misael Rojas Solis,taxones_composicion,discocriconemella,Discocriconemella,% de la abundancia total,0.0,reportado,Herbivores - ectoparasites · c-p 0 · p-p 3 · masa 0.338 µg
3,Pina,3,Pina_3,Misael Rojas Solis,taxones_conteos,discocriconemella,Discocriconemella,individuos contados para identificación,0.0,reportado,Herbivores - ectoparasites · c-p 0 · p-p 3 · masa 0.338 µg
3,Pina,3,Pina_3,Misael Rojas Solis,taxones_abundancia,eucephalobus,Eucephalobus,individuos/100 cm³ de suelo,0.0,reportado,Bacterivores · c-p 2 · p-p 0 · masa 0.236 µg
3,Pina,3,Pina_3,Misael Rojas Solis,taxones_composicion,eucephalobus,Eucephalobus,% de la abundancia total,0.0,reportado,Bacterivores · c-p 2 · p-p 0 · masa 0.236 µg
3,Pina,3,Pina_3,Misael Rojas Solis,taxones_conteos,eucephalobus,Eucephalobus,individuos contados para identificación,0.0,reportado,Bacterivores · c-p 2 · p-p 0 · masa 0.236 µg
3,Pina,3,Pina_3,Misael Rojas Solis,taxones_abundancia,ecphyadophora,Ecphyadophora,individuos/100 cm³ de suelo,11.840796019900496,reportado,Herbivores - epidermal/root hair feeders · c-p 0 · p-p 2 · masa 0.02 µg
3,Pina,3,Pina_3,Misael Rojas Solis,taxones_composicion,ecphyadophora,Ecphyadophora,% de la abundancia total,0.9950248756218906,reportado,Herbivores - epidermal/root hair feeders · c-p 0 · p-p 2 · masa 0.02 µg
3,Pina,3,Pina_3,Misael Rojas Solis,taxones_conteos,ecphyadophora,Ecphyadophora,individuos contados para identificación,2.0,reportado,Herbivores - epidermal/root hair feeders · c-p 0 · p-p 2 · masa 0.02 µg
3,Pina,3,Pina_3,Misael Rojas Solis,taxones_abundancia,filenchus,Filenchus,individuos/100 cm³ de suelo,0.0,reportado,Fungivores · c-p 2 · p-p 0 · masa 0.099 µg
3,Pina,3,Pina_3,Misael Rojas Solis,taxones_composicion,filenchus,Filenchus,% de la abundancia total,0.0,reportado,Fungivores · c-p 2 · p-p 0 · masa 0.099 µg
3,Pina,3,Pina_3,Misael Rojas Solis,taxones_conteos,filenchus,Filenchus,individuos contados para identificación,0.0,reportado,Fungivores · c-p 2 · p-p 0 · masa 0.099 µg
3,Pina,3,Pina_3,Misael Rojas Solis,taxones_abundancia,helicotylenchus,Helicotylenchus,individuos/100 cm³ de suelo,556.5174129353234,reportado,Herbivores - semi-endoparasites · c-p 0 · p-p 3 · masa 0.294 µg
3,Pina,3,Pina_3,Misael Rojas Solis,taxones_composicion,helicotylenchus,Helicotylenchus,% de la abundancia total,46.766169154228855,reportado,Herbivores - semi-endoparasites · c-p 0 · p-p 3 · masa 0.294 µg
3,Pina,3,Pina_3,Misael Rojas Solis,taxones_conteos,helicotylenchus,Helicotylenchus,individuos contados para identificación,94.0,reportado,Herbivores - semi-endoparasites · c-p 0 · p-p 3 · masa 0.294 µg
3,Pina,3,Pina_3,Misael Rojas Solis,taxones_abundancia,ironus,Ironus,individuos/100 cm³ de suelo,5.920398009950248,reportado,Predators · c-p 4 · p-p 0 · masa 4.188 µg
3,Pina,3,Pina_3,Misael Rojas Solis,taxones_composicion,ironus,Ironus,% de la abundancia total,0.4975124378109453,reportado,Predators · c-p 4 · p-p 0 · masa 4.188 µg
3,Pina,3,Pina_3,Misael Rojas Solis,taxones_conteos,ironus,Ironus,individuos contados para identificación,1.0,reportado,Predators · c-p 4 · p-p 0 · masa 4.188 µg
3,Pina,3,Pina_3,Misael Rojas Solis,taxones_abundancia,meloidogyne,Meloidogyne,individuos/100 cm³ de suelo,0.0,reportado,Herbivores - sedentary parasites · c-p 0 · p-p 3 · masa 86.985 µg
3,Pina,3,Pina_3,Misael Rojas Solis,taxones_composicion,meloidogyne,Meloidogyne,% de la abundancia total,0.0,reportado,Herbivores - sedentary parasites · c-p 0 · p-p 3 · masa 86.985 µg
3,Pina,3,Pina_3,Misael Rojas Solis,taxones_conteos,meloidogyne,Meloidogyne,individuos contados para identificación,0.0,reportado,Herbivores - sedentary parasites · c-p 0 · p-p 3 · masa 86.985 µg
3,Pina,3,Pina_3,Misael Rojas Solis,taxones_abundancia,metateratocephalus,Metateratocephalus,individuos/100 cm³ de suelo,0.0,reportado,Bacterivores · c-p 3 · p-p 0 · masa 0.073 µg
3,Pina,3,Pina_3,Misael Rojas Solis,taxones_composicion,metateratocephalus,Metateratocephalus,% de la abundancia total,0.0,reportado,Bacterivores · c-p 3 · p-p 0 · masa 0.073 µg
3,Pina,3,Pina_3,Misael Rojas Solis,taxones_conteos,metateratocephalus,Metateratocephalus,individuos contados para identificación,0.0,reportado,Bacterivores · c-p 3 · p-p 0 · masa 0.073 µg
3,Pina,3,Pina_3,Misael Rojas Solis,taxones_abundancia,mesorhabditis,Mesorhabditis,individuos/100 cm³ de suelo,17.761194029850746,reportado,Bacterivores · c-p 1 · p-p 0 · masa 0.568 µg
3,Pina,3,Pina_3,Misael Rojas Solis,taxones_composicion,mesorhabditis,Mesorhabditis,% de la abundancia total,1.4925373134328357,reportado,Bacterivores · c-p 1 · p-p 0 · masa 0.568 µg
3,Pina,3,Pina_3,Misael Rojas Solis,taxones_conteos,mesorhabditis,Mesorhabditis,individuos contados para identificación,3.0,reportado,Bacterivores · c-p 1 · p-p 0 · masa 0.568 µg
3,Pina,3,Pina_3,Misael Rojas Solis,taxones_abundancia,mesodorylaimus,Mesodorylaimus,individuos/100 cm³ de suelo,0.0,reportado,Omnivores · c-p 4 · p-p 0 · masa 1.277 µg
3,Pina,3,Pina_3,Misael Rojas Solis,taxones_composicion,mesodorylaimus,Mesodorylaimus,% de la abundancia total,0.0,reportado,Omnivores · c-p 4 · p-p 0 · masa 1.277 µg
3,Pina,3,Pina_3,Misael Rojas Solis,taxones_conteos,mesodorylaimus,Mesodorylaimus,individuos contados para identificación,0.0,reportado,Omnivores · c-p 4 · p-p 0 · masa 1.277 µg
3,Pina,3,Pina_3,Misael Rojas Solis,taxones_abundancia,mesocriconema,Mesocriconema,individuos/100 cm³ de suelo,224.97512437810946,reportado,Herbivores - ectoparasites · c-p 0 · p-p 3 · masa 0.504 µg
3,Pina,3,Pina_3,Misael Rojas Solis,taxones_composicion,mesocriconema,Mesocriconema,% de la abundancia total,18.90547263681592,reportado,Herbivores - ectoparasites · c-p 0 · p-p 3 · masa 0.504 µg
3,Pina,3,Pina_3,Misael Rojas Solis,taxones_conteos,mesocriconema,Mesocriconema,individuos contados para identificación,38.0,reportado,Herbivores - ectoparasites · c-p 0 · p-p 3 · masa 0.504 µg
3,Pina,3,Pina_3,Misael Rojas Solis,taxones_abundancia,protorhabditis,Protorhabditis,individuos/100 cm³ de suelo,0.0,reportado,Bacterivores · c-p 1 · p-p 0 · masa 0.264 µg
3,Pina,3,Pina_3,Misael Rojas Solis,taxones_composicion,protorhabditis,Protorhabditis,% de la abundancia total,0.0,reportado,Bacterivores · c-p 1 · p-p 0 · masa 0.264 µg
3,Pina,3,Pina_3,Misael Rojas Solis,taxones_conteos,protorhabditis,Protorhabditis,individuos contados para identificación,0.0,reportado,Bacterivores · c-p 1 · p-p 0 · masa 0.264 µg
3,Pina,3,Pina_3,Misael Rojas Solis,taxones_abundancia,pseudacrobeles,Pseudacrobeles,individuos/100 cm³ de suelo,29.601990049751244,reportado,Bacterivores · c-p 2 · p-p 0 · masa 0.217 µg
3,Pina,3,Pina_3,Misael Rojas Solis,taxones_composicion,pseudacrobeles,Pseudacrobeles,% de la abundancia total,2.4875621890547266,reportado,Bacterivores · c-p 2 · p-p 0 · masa 0.217 µg
3,Pina,3,Pina_3,Misael Rojas Solis,taxones_conteos,pseudacrobeles,Pseudacrobeles,individuos contados para identificación,5.0,reportado,Bacterivores · c-p 2 · p-p 0 · masa 0.217 µg
3,Pina,3,Pina_3,Misael Rojas Solis,taxones_abundancia,plectus,Plectus,individuos/100 cm³ de suelo,5.920398009950248,reportado,Bacterivores · c-p 2 · p-p 0 · masa 0.858 µg
3,Pina,3,Pina_3,Misael Rojas Solis,taxones_composicion,plectus,Plectus,% de la abundancia total,0.4975124378109453,reportado,Bacterivores · c-p 2 · p-p 0 · masa 0.858 µg
3,Pina,3,Pina_3,Misael Rojas Solis,taxones_conteos,plectus,Plectus,individuos contados para identificación,1.0,reportado,Bacterivores · c-p 2 · p-p 0 · masa 0.858 µg
3,Pina,3,Pina_3,Misael Rojas Solis,taxones_abundancia,pratylenchus,Pratylenchus,individuos/100 cm³ de suelo,100.64676616915423,reportado,Herbivores - migratory endoparasites · c-p 0 · p-p 3 · masa 0.144 µg
3,Pina,3,Pina_3,Misael Rojas Solis,taxones_composicion,pratylenchus,Pratylenchus,% de la abundancia total,8.45771144278607,reportado,Herbivores - migratory endoparasites · c-p 0 · p-p 3 · masa 0.144 µg
3,Pina,3,Pina_3,Misael Rojas Solis,taxones_conteos,pratylenchus,Pratylenchus,individuos contados para identificación,17.0,reportado,Herbivores - migratory endoparasites · c-p 0 · p-p 3 · masa 0.144 µg
3,Pina,3,Pina_3,Misael Rojas Solis,taxones_abundancia,prodorylaimus,Prodorylaimus,individuos/100 cm³ de suelo,0.0,reportado,Omnivores · c-p 4 · p-p 0 · masa 5.631 µg
3,Pina,3,Pina_3,Misael Rojas Solis,taxones_composicion,prodorylaimus,Prodorylaimus,% de la abundancia total,0.0,reportado,Omnivores · c-p 4 · p-p 0 · masa 5.631 µg
3,Pina,3,Pina_3,Misael Rojas Solis,taxones_conteos,prodorylaimus,Prodorylaimus,individuos contados para identificación,0.0,reportado,Omnivores · c-p 4 · p-p 0 · masa 5.631 µg
3,Pina,3,Pina_3,Misael Rojas Solis,taxones_abundancia,rhabditis,Rhabditis,individuos/100 cm³ de suelo,0.0,reportado,Bacterivores · c-p 1 · p-p 0 · masa 7.5 µg
3,Pina,3,Pina_3,Misael Rojas Solis,taxones_composicion,rhabditis,Rhabditis,% de la abundancia total,0.0,reportado,Bacterivores · c-p 1 · p-p 0 · masa 7.5 µg
3,Pina,3,Pina_3,Misael Rojas Solis,taxones_conteos,rhabditis,Rhabditis,individuos contados para identificación,0.0,reportado,Bacterivores · c-p 1 · p-p 0 · masa 7.5 µg
3,Pina,3,Pina_3,Misael Rojas Solis,taxones_abundancia,rotylenchulus,Rotylenchulus,individuos/100 cm³ de suelo,0.0,reportado,Herbivores - sedentary parasites · c-p 0 · p-p 3 · masa 1.77 µg
3,Pina,3,Pina_3,Misael Rojas Solis,taxones_composicion,rotylenchulus,Rotylenchulus,% de la abundancia total,0.0,reportado,Herbivores - sedentary parasites · c-p 0 · p-p 3 · masa 1.77 µg
3,Pina,3,Pina_3,Misael Rojas Solis,taxones_conteos,rotylenchulus,Rotylenchulus,individuos contados para identificación,0.0,reportado,Herbivores - sedentary parasites · c-p 0 · p-p 3 · masa 1.77 µg
3,Pina,3,Pina_3,Misael Rojas Solis,taxones_abundancia,stegelletina,Stegelletina,individuos/100 cm³ de suelo,0.0,reportado,Bacterivores · c-p 2 · p-p 0 · masa 0.073 µg
3,Pina,3,Pina_3,Misael Rojas Solis,taxones_composicion,stegelletina,Stegelletina,% de la abundancia total,0.0,reportado,Bacterivores · c-p 2 · p-p 0 · masa 0.073 µg
3,Pina,3,Pina_3,Misael Rojas Solis,taxones_conteos,stegelletina,Stegelletina,individuos contados para identificación,0.0,reportado,Bacterivores · c-p 2 · p-p 0 · masa 0.073 µg
3,Pina,3,Pina_3,Misael Rojas Solis,taxones_abundancia,teratocephalus,Teratocephalus,individuos/100 cm³ de suelo,0.0,reportado,Bacterivores · c-p 3 · p-p 0 · masa 0.084 µg
3,Pina,3,Pina_3,Misael Rojas Solis,taxones_composicion,teratocephalus,Teratocephalus,% de la abundancia total,0.0,reportado,Bacterivores · c-p 3 · p-p 0 · masa 0.084 µg
3,Pina,3,Pina_3,Misael Rojas Solis,taxones_conteos,teratocephalus,Teratocephalus,individuos contados para identificación,0.0,reportado,Bacterivores · c-p 3 · p-p 0 · masa 0.084 µg
3,Pina,3,Pina_3,Misael Rojas Solis,taxones_abundancia,trophurus,Trophurus,individuos/100 cm³ de suelo,0.0,reportado,Herbivores - ectoparasites · c-p 0 · p-p 3 · masa 0.278 µg
3,Pina,3,Pina_3,Misael Rojas Solis,taxones_composicion,trophurus,Trophurus,% de la abundancia total,0.0,reportado,Herbivores - ectoparasites · c-p 0 · p-p 3 · masa 0.278 µg
3,Pina,3,Pina_3,Misael Rojas Solis,taxones_conteos,trophurus,Trophurus,individuos contados para identificación,0.0,reportado,Herbivores - ectoparasites · c-p 0 · p-p 3 · masa 0.278 µg
3,Pina,3,Pina_3,Misael Rojas Solis,taxones_abundancia,tylenchus,Tylenchus,individuos/100 cm³ de suelo,0.0,reportado,Herbivores - epidermal/root hair feeders · c-p 0 · p-p 2 · masa 0.36 µg
3,Pina,3,Pina_3,Misael Rojas Solis,taxones_composicion,tylenchus,Tylenchus,% de la abundancia total,0.0,reportado,Herbivores - epidermal/root hair feeders · c-p 0 · p-p 2 · masa 0.36 µg
3,Pina,3,Pina_3,Misael Rojas Solis,taxones_conteos,tylenchus,Tylenchus,individuos contados para identificación,0.0,reportado,Herbivores - epidermal/root hair feeders · c-p 0 · p-p 2 · masa 0.36 µg
3,Pina,3,Pina_3,Misael Rojas Solis,taxones_abundancia,xiphinema,Xiphinema,individuos/100 cm³ de suelo,0.0,reportado,Herbivores - ectoparasites · c-p 0 · p-p 5 · masa 5.395 µg
3,Pina,3,Pina_3,Misael Rojas Solis,taxones_composicion,xiphinema,Xiphinema,% de la abundancia total,0.0,reportado,Herbivores - ectoparasites · c-p 0 · p-p 5 · masa 5.395 µg
3,Pina,3,Pina_3,Misael Rojas Solis,taxones_conteos,xiphinema,Xiphinema,individuos contados para identificación,0.0,reportado,Herbivores - ectoparasites · c-p 0 · p-p 5 · masa 5.395 µg
3,Pina,3,Pina_3,Misael Rojas Solis,grupos_abundancia,herbivoros,Herbívoros,individuos/100 cm³ de suelo,911.7412935323384,reportado,
3,Pina,3,Pina_3,Misael Rojas Solis,grupos_composicion,herbivoros,Herbívoros,% de la abundancia total,76.61691542288558,reportado,
3,Pina,3,Pina_3,Misael Rojas Solis,grupos_abundancia,fungivoros,Fungívoros,individuos/100 cm³ de suelo,219.05472636815918,reportado,
3,Pina,3,Pina_3,Misael Rojas Solis,grupos_composicion,fungivoros,Fungívoros,% de la abundancia total,18.40796019900497,reportado,
3,Pina,3,Pina_3,Misael Rojas Solis,grupos_abundancia,bacterivoros,Bacterívoros,individuos/100 cm³ de suelo,53.28358208955224,reportado,
3,Pina,3,Pina_3,Misael Rojas Solis,grupos_composicion,bacterivoros,Bacterívoros,% de la abundancia total,4.477611940298508,reportado,
3,Pina,3,Pina_3,Misael Rojas Solis,grupos_abundancia,depredadores,Depredadores,individuos/100 cm³ de suelo,5.920398009950248,reportado,
3,Pina,3,Pina_3,Misael Rojas Solis,grupos_composicion,depredadores,Depredadores,% de la abundancia total,0.4975124378109453,reportado,
3,Pina,3,Pina_3,Misael Rojas Solis,grupos_abundancia,omnivoros,Omnívoros,individuos/100 cm³ de suelo,0.0,reportado,
3,Pina,3,Pina_3,Misael Rojas Solis,grupos_composicion,omnivoros,Omnívoros,% de la abundancia total,0.0,reportado,
4,Bosque,3,Bosque_3,Sergio Rojas Murillo,indicadores,abundancia_total,Abundancia total,individuos/100 cm³ de suelo,1679.9999999999998,reportado,
4,Bosque,3,Bosque_3,Sergio Rojas Murillo,indicadores,riqueza_taxones,Riqueza observada,taxones con abundancia mayor que cero,13.0,reportado,
4,Bosque,3,Bosque_3,Sergio Rojas Murillo,parametros_muestra,abundancia_en_1_ml,Abundancia observada en 1 ml,individuos/mL,168.0,reportado,
4,Bosque,3,Bosque_3,Sergio Rojas Murillo,parametros_muestra,volumen_contado_abundancia_ml,Volumen contado para abundancia,mL,1.0,reportado,
4,Bosque,3,Bosque_3,Sergio Rojas Murillo,parametros_muestra,volumen_agregado_identificacion_ml,Volumen agregado para identificación,mL,1.0,reportado,
4,Bosque,3,Bosque_3,Sergio Rojas Murillo,parametros_muestra,total_individuos_identificados,Total de individuos identificados,individuos,200.0,reportado,
4,Bosque,3,Bosque_3,Sergio Rojas Murillo,parametros_muestra,abundancia_total_ninja,Abundancia total usada por NINJA,individuos/100 cm³ de suelo,1679.9999999999998,reportado,
4,Bosque,3,Bosque_3,Sergio Rojas Murillo,indices_ninja,mi,Índice de madurez (MI),índice,1.78,reportado,
4,Bosque,3,Bosque_3,Sergio Rojas Murillo,indices_ninja,mi2_5,Índice de madurez 2–5 (MI2-5),índice,2.0,reportado,
4,Bosque,3,Bosque_3,Sergio Rojas Murillo,indices_ninja,smi,Índice SMI,índice,2.88,reportado,
4,Bosque,3,Bosque_3,Sergio Rojas Murillo,indices_ninja,ppi,Índice de parásitos de plantas (PPI),índice,2.98,reportado,
4,Bosque,3,Bosque_3,Sergio Rojas Murillo,indices_ninja,ci,Índice de canal (CI),índice 0–100,40.74,reportado,
4,Bosque,3,Bosque_3,Sergio Rojas Murillo,indices_ninja,bi,Índice basal (BI),índice 0–100,34.15,reportado,
4,Bosque,3,Bosque_3,Sergio Rojas Murillo,indices_ninja,ei,Índice de enriquecimiento (EI),índice 0–100,65.85,reportado,
4,Bosque,3,Bosque_3,Sergio Rojas Murillo,indices_ninja,si,Índice de estructura (SI),índice 0–100,0.0,reportado,
4,Bosque,3,Bosque_3,Sergio Rojas Murillo,huellas_ninja,total_biomass_mg,Biomasa total,mg,0.56,reportado,
4,Bosque,3,Bosque_3,Sergio Rojas Murillo,huellas_ninja,cft,CFT (NINJA),unidad no indicada en la fuente,219.87,reportado,
4,Bosque,3,Bosque_3,Sergio Rojas Murillo,huellas_ninja,eft,EFT (NINJA),unidad no indicada en la fuente,12.25,reportado,
4,Bosque,3,Bosque_3,Sergio Rojas Murillo,huellas_ninja,sft,SFT (NINJA),unidad no indicada en la fuente,0.0,reportado,
4,Bosque,3,Bosque_3,Sergio Rojas Murillo,huellas_ninja,heft,HeFT (NINJA),unidad no indicada en la fuente,204.88,reportado,
4,Bosque,3,Bosque_3,Sergio Rojas Murillo,huellas_ninja,fuft,FuFT (NINJA),unidad no indicada en la fuente,6.16,reportado,
4,Bosque,3,Bosque_3,Sergio Rojas Murillo,huellas_ninja,baft,BaFT (NINJA),unidad no indicada en la fuente,8.83,reportado,
4,Bosque,3,Bosque_3,Sergio Rojas Murillo,huellas_ninja,prft,PrFT (NINJA),unidad no indicada en la fuente,0.0,reportado,
4,Bosque,3,Bosque_3,Sergio Rojas Murillo,huellas_ninja,unicellular_eucaryote_feeder_footprint,Huella de consumidores de eucariotas unicelulares,unidad no indicada en la fuente,0.0,reportado,
4,Bosque,3,Bosque_3,Sergio Rojas Murillo,huellas_ninja,omnivore_footprint,Huella de omnívoros,unidad no indicada en la fuente,0.0,reportado,
4,Bosque,3,Bosque_3,Sergio Rojas Murillo,huellas_ninja,total_number_ind,Número total de individuos (NINJA),individuos/100 cm³ de suelo,1680.0,reportado,
4,Bosque,3,Bosque_3,Sergio Rojas Murillo,porcentajes_ninja,herbivores_pct_of_total,Herbívoros del total,%,91.0,reportado,
4,Bosque,3,Bosque_3,Sergio Rojas Murillo,porcentajes_ninja,fungivores_pct_of_total,Fungívoros del total,%,5.5,reportado,
4,Bosque,3,Bosque_3,Sergio Rojas Murillo,porcentajes_ninja,fungivores_pct_of_free_living,Fungívoros de vida libre,%,61.1,reportado,
4,Bosque,3,Bosque_3,Sergio Rojas Murillo,porcentajes_ninja,bacterivores_pct_of_total,Bacterívoros del total,%,3.5,reportado,
4,Bosque,3,Bosque_3,Sergio Rojas Murillo,porcentajes_ninja,bacterivores_pct_of_free_living,Bacterívoros de vida libre,%,38.9,reportado,
4,Bosque,3,Bosque_3,Sergio Rojas Murillo,porcentajes_ninja,predators_pct_of_total,Depredadores del total,%,0.0,reportado,
4,Bosque,3,Bosque_3,Sergio Rojas Murillo,porcentajes_ninja,predators_pct_of_free_living,Depredadores de vida libre,%,0.0,reportado,
4,Bosque,3,Bosque_3,Sergio Rojas Murillo,porcentajes_ninja,unicellular_eucaryote_feeders_pct_of_total,Consumidores de eucariotas unicelulares del total,%,0.0,reportado,
4,Bosque,3,Bosque_3,Sergio Rojas Murillo,porcentajes_ninja,unicellular_eucaryote_feeders_pct_of_free_living,Consumidores de eucariotas unicelulares de vida libre,%,0.0,reportado,
4,Bosque,3,Bosque_3,Sergio Rojas Murillo,porcentajes_ninja,omnivores_pct_of_total,Omnívoros del total,%,0.0,reportado,
4,Bosque,3,Bosque_3,Sergio Rojas Murillo,porcentajes_ninja,omnivores_pct_of_free_living,Omnívoros de vida libre,%,0.0,reportado,
4,Bosque,3,Bosque_3,Sergio Rojas Murillo,porcentajes_ninja,sedentary_parasites_pct_of_herbivores,Parásitos sedentarios de los herbívoros,%,0.5,reportado,
4,Bosque,3,Bosque_3,Sergio Rojas Murillo,porcentajes_ninja,migratory_endoparasites_pct_of_herbivores,Endoparásitos migratorios de los herbívoros,%,0.0,reportado,
4,Bosque,3,Bosque_3,Sergio Rojas Murillo,porcentajes_ninja,semi_endoparasites_pct_of_herbivores,Semiendoparásitos de los herbívoros,%,3.8,reportado,
4,Bosque,3,Bosque_3,Sergio Rojas Murillo,porcentajes_ninja,ectoparasites_pct_of_herbivores,Ectoparásitos de los herbívoros,%,94.0,reportado,
4,Bosque,3,Bosque_3,Sergio Rojas Murillo,porcentajes_ninja,epidermal_root_hair_feeders_pct_of_herbivores,Consumidores de epidermis y pelos radicales de los herbívoros,%,1.6,reportado,
4,Bosque,3,Bosque_3,Sergio Rojas Murillo,porcentajes_ninja,algal_lichen_moss_feeders_pct_of_herbivores,"Consumidores de algas, líquenes y musgos de los herbívoros",%,0.0,reportado,
4,Bosque,3,Bosque_3,Sergio Rojas Murillo,porcentajes_ninja,cp_1_pct_of_free_living,c-p 1 de vida libre,%,22.2,reportado,
4,Bosque,3,Bosque_3,Sergio Rojas Murillo,porcentajes_ninja,cp_2_pct_of_free_living,c-p 2 de vida libre,%,77.8,reportado,
4,Bosque,3,Bosque_3,Sergio Rojas Murillo,porcentajes_ninja,cp_3_pct_of_free_living,c-p 3 de vida libre,%,0.0,reportado,
4,Bosque,3,Bosque_3,Sergio Rojas Murillo,porcentajes_ninja,cp_4_pct_of_free_living,c-p 4 de vida libre,%,0.0,reportado,
4,Bosque,3,Bosque_3,Sergio Rojas Murillo,porcentajes_ninja,cp_5_pct_of_free_living,c-p 5 de vida libre,%,0.0,reportado,
4,Bosque,3,Bosque_3,Sergio Rojas Murillo,porcentajes_ninja,pp_2_pct_of_herbivores,p-p 2 de los herbívoros,%,1.6,reportado,
4,Bosque,3,Bosque_3,Sergio Rojas Murillo,porcentajes_ninja,pp_3_pct_of_herbivores,p-p 3 de los herbívoros,%,98.4,reportado,
4,Bosque,3,Bosque_3,Sergio Rojas Murillo,porcentajes_ninja,pp_4_pct_of_herbivores,p-p 4 de los herbívoros,%,0.0,reportado,
4,Bosque,3,Bosque_3,Sergio Rojas Murillo,porcentajes_ninja,pp_5_pct_of_herbivores,p-p 5 de los herbívoros,%,0.0,reportado,
4,Bosque,3,Bosque_3,Sergio Rojas Murillo,taxones_abundancia,alaimus,Alaimus,individuos/100 cm³ de suelo,0.0,reportado,Bacterivores · c-p 4 · p-p 0 · masa 0.561 µg
4,Bosque,3,Bosque_3,Sergio Rojas Murillo,taxones_composicion,alaimus,Alaimus,% de la abundancia total,0.0,reportado,Bacterivores · c-p 4 · p-p 0 · masa 0.561 µg
4,Bosque,3,Bosque_3,Sergio Rojas Murillo,taxones_conteos,alaimus,Alaimus,individuos contados para identificación,0.0,reportado,Bacterivores · c-p 4 · p-p 0 · masa 0.561 µg
4,Bosque,3,Bosque_3,Sergio Rojas Murillo,taxones_abundancia,aglenchus,Aglenchus,individuos/100 cm³ de suelo,25.2,reportado,Herbivores - epidermal/root hair feeders · c-p 0 · p-p 2 · masa 0.082 µg
4,Bosque,3,Bosque_3,Sergio Rojas Murillo,taxones_composicion,aglenchus,Aglenchus,% de la abundancia total,1.5000000000000002,reportado,Herbivores - epidermal/root hair feeders · c-p 0 · p-p 2 · masa 0.082 µg
4,Bosque,3,Bosque_3,Sergio Rojas Murillo,taxones_conteos,aglenchus,Aglenchus,individuos contados para identificación,3.0,reportado,Herbivores - epidermal/root hair feeders · c-p 0 · p-p 2 · masa 0.082 µg
4,Bosque,3,Bosque_3,Sergio Rojas Murillo,taxones_abundancia,aphelenchoides,Aphelenchoides,individuos/100 cm³ de suelo,42.0,reportado,Fungivores · c-p 2 · p-p 0 · masa 0.151 µg
4,Bosque,3,Bosque_3,Sergio Rojas Murillo,taxones_composicion,aphelenchoides,Aphelenchoides,% de la abundancia total,2.5000000000000004,reportado,Fungivores · c-p 2 · p-p 0 · masa 0.151 µg
4,Bosque,3,Bosque_3,Sergio Rojas Murillo,taxones_conteos,aphelenchoides,Aphelenchoides,individuos contados para identificación,5.0,reportado,Fungivores · c-p 2 · p-p 0 · masa 0.151 µg
4,Bosque,3,Bosque_3,Sergio Rojas Murillo,taxones_abundancia,aporcelaimellus,Aporcelaimellus,individuos/100 cm³ de suelo,0.0,reportado,Omnivores · c-p 5 · p-p 0 · masa 9.048 µg
4,Bosque,3,Bosque_3,Sergio Rojas Murillo,taxones_composicion,aporcelaimellus,Aporcelaimellus,% de la abundancia total,0.0,reportado,Omnivores · c-p 5 · p-p 0 · masa 9.048 µg
4,Bosque,3,Bosque_3,Sergio Rojas Murillo,taxones_conteos,aporcelaimellus,Aporcelaimellus,individuos contados para identificación,0.0,reportado,Omnivores · c-p 5 · p-p 0 · masa 9.048 µg
4,Bosque,3,Bosque_3,Sergio Rojas Murillo,taxones_abundancia,aphelenchus,Aphelenchus,individuos/100 cm³ de suelo,8.4,reportado,Fungivores · c-p 2 · p-p 0 · masa 0.218 µg
4,Bosque,3,Bosque_3,Sergio Rojas Murillo,taxones_composicion,aphelenchus,Aphelenchus,% de la abundancia total,0.5000000000000001,reportado,Fungivores · c-p 2 · p-p 0 · masa 0.218 µg
4,Bosque,3,Bosque_3,Sergio Rojas Murillo,taxones_conteos,aphelenchus,Aphelenchus,individuos contados para identificación,1.0,reportado,Fungivores · c-p 2 · p-p 0 · masa 0.218 µg
4,Bosque,3,Bosque_3,Sergio Rojas Murillo,taxones_abundancia,cribronema,Cribronema,individuos/100 cm³ de suelo,0.0,reportado,Bacterivores · c-p 2 · p-p 0 · masa 0.039 µg
4,Bosque,3,Bosque_3,Sergio Rojas Murillo,taxones_composicion,cribronema,Cribronema,% de la abundancia total,0.0,reportado,Bacterivores · c-p 2 · p-p 0 · masa 0.039 µg
4,Bosque,3,Bosque_3,Sergio Rojas Murillo,taxones_conteos,cribronema,Cribronema,individuos contados para identificación,0.0,reportado,Bacterivores · c-p 2 · p-p 0 · masa 0.039 µg
4,Bosque,3,Bosque_3,Sergio Rojas Murillo,taxones_abundancia,criconematidae,Criconematidae,individuos/100 cm³ de suelo,0.0,reportado,Herbivores - ectoparasites · c-p 0 · p-p 3 · masa 0.567 µg
4,Bosque,3,Bosque_3,Sergio Rojas Murillo,taxones_composicion,criconematidae,Criconematidae,% de la abundancia total,0.0,reportado,Herbivores - ectoparasites · c-p 0 · p-p 3 · masa 0.567 µg
4,Bosque,3,Bosque_3,Sergio Rojas Murillo,taxones_conteos,criconematidae,Criconematidae,individuos contados para identificación,0.0,reportado,Herbivores - ectoparasites · c-p 0 · p-p 3 · masa 0.567 µg
4,Bosque,3,Bosque_3,Sergio Rojas Murillo,taxones_abundancia,chronogaster,Chronogaster,individuos/100 cm³ de suelo,0.0,reportado,Bacterivores · c-p 3 · p-p 0 · masa 0.335 µg
4,Bosque,3,Bosque_3,Sergio Rojas Murillo,taxones_composicion,chronogaster,Chronogaster,% de la abundancia total,0.0,reportado,Bacterivores · c-p 3 · p-p 0 · masa 0.335 µg
4,Bosque,3,Bosque_3,Sergio Rojas Murillo,taxones_conteos,chronogaster,Chronogaster,individuos contados para identificación,0.0,reportado,Bacterivores · c-p 3 · p-p 0 · masa 0.335 µg
4,Bosque,3,Bosque_3,Sergio Rojas Murillo,taxones_abundancia,cephalobus,Cephalobus,individuos/100 cm³ de suelo,16.8,reportado,Bacterivores · c-p 2 · p-p 0 · masa 0.266 µg
4,Bosque,3,Bosque_3,Sergio Rojas Murillo,taxones_composicion,cephalobus,Cephalobus,% de la abundancia total,1.0000000000000002,reportado,Bacterivores · c-p 2 · p-p 0 · masa 0.266 µg
4,Bosque,3,Bosque_3,Sergio Rojas Murillo,taxones_conteos,cephalobus,Cephalobus,individuos contados para identificación,2.0,reportado,Bacterivores · c-p 2 · p-p 0 · masa 0.266 µg
4,Bosque,3,Bosque_3,Sergio Rojas Murillo,taxones_abundancia,clarkus,Clarkus,individuos/100 cm³ de suelo,0.0,reportado,Predators · c-p 4 · p-p 0 · masa 3.897 µg · conteo no reportado; la fuente lo trató como cero
4,Bosque,3,Bosque_3,Sergio Rojas Murillo,taxones_composicion,clarkus,Clarkus,% de la abundancia total,0.0,reportado,Predators · c-p 4 · p-p 0 · masa 3.897 µg · conteo no reportado; la fuente lo trató como cero
4,Bosque,3,Bosque_3,Sergio Rojas Murillo,taxones_conteos,clarkus,Clarkus,individuos contados para identificación,,no_reportado,Predators · c-p 4 · p-p 0 · masa 3.897 µg · conteo no reportado; la fuente lo trató como cero
4,Bosque,3,Bosque_3,Sergio Rojas Murillo,taxones_abundancia,diplogaster,Diplogaster,individuos/100 cm³ de suelo,0.0,reportado,Bacterivores · c-p 1 · p-p 0 · masa 1.886 µg
4,Bosque,3,Bosque_3,Sergio Rojas Murillo,taxones_composicion,diplogaster,Diplogaster,% de la abundancia total,0.0,reportado,Bacterivores · c-p 1 · p-p 0 · masa 1.886 µg
4,Bosque,3,Bosque_3,Sergio Rojas Murillo,taxones_conteos,diplogaster,Diplogaster,individuos contados para identificación,0.0,reportado,Bacterivores · c-p 1 · p-p 0 · masa 1.886 µg
4,Bosque,3,Bosque_3,Sergio Rojas Murillo,taxones_abundancia,diphtherophora,Diphtherophora,individuos/100 cm³ de suelo,0.0,reportado,Fungivores · c-p 3 · p-p 0 · masa 0.504 µg
4,Bosque,3,Bosque_3,Sergio Rojas Murillo,taxones_composicion,diphtherophora,Diphtherophora,% de la abundancia total,0.0,reportado,Fungivores · c-p 3 · p-p 0 · masa 0.504 µg
4,Bosque,3,Bosque_3,Sergio Rojas Murillo,taxones_conteos,diphtherophora,Diphtherophora,individuos contados para identificación,0.0,reportado,Fungivores · c-p 3 · p-p 0 · masa 0.504 µg
4,Bosque,3,Bosque_3,Sergio Rojas Murillo,taxones_abundancia,discocriconemella,Discocriconemella,individuos/100 cm³ de suelo,1369.1999999999998,reportado,Herbivores - ectoparasites · c-p 0 · p-p 3 · masa 0.338 µg
4,Bosque,3,Bosque_3,Sergio Rojas Murillo,taxones_composicion,discocriconemella,Discocriconemella,% de la abundancia total,81.5,reportado,Herbivores - ectoparasites · c-p 0 · p-p 3 · masa 0.338 µg
4,Bosque,3,Bosque_3,Sergio Rojas Murillo,taxones_conteos,discocriconemella,Discocriconemella,individuos contados para identificación,163.0,reportado,Herbivores - ectoparasites · c-p 0 · p-p 3 · masa 0.338 µg
4,Bosque,3,Bosque_3,Sergio Rojas Murillo,taxones_abundancia,eucephalobus,Eucephalobus,individuos/100 cm³ de suelo,0.0,reportado,Bacterivores · c-p 2 · p-p 0 · masa 0.236 µg
4,Bosque,3,Bosque_3,Sergio Rojas Murillo,taxones_composicion,eucephalobus,Eucephalobus,% de la abundancia total,0.0,reportado,Bacterivores · c-p 2 · p-p 0 · masa 0.236 µg
4,Bosque,3,Bosque_3,Sergio Rojas Murillo,taxones_conteos,eucephalobus,Eucephalobus,individuos contados para identificación,0.0,reportado,Bacterivores · c-p 2 · p-p 0 · masa 0.236 µg
4,Bosque,3,Bosque_3,Sergio Rojas Murillo,taxones_abundancia,ecphyadophora,Ecphyadophora,individuos/100 cm³ de suelo,0.0,reportado,Herbivores - epidermal/root hair feeders · c-p 0 · p-p 2 · masa 0.02 µg
4,Bosque,3,Bosque_3,Sergio Rojas Murillo,taxones_composicion,ecphyadophora,Ecphyadophora,% de la abundancia total,0.0,reportado,Herbivores - epidermal/root hair feeders · c-p 0 · p-p 2 · masa 0.02 µg
4,Bosque,3,Bosque_3,Sergio Rojas Murillo,taxones_conteos,ecphyadophora,Ecphyadophora,individuos contados para identificación,0.0,reportado,Herbivores - epidermal/root hair feeders · c-p 0 · p-p 2 · masa 0.02 µg
4,Bosque,3,Bosque_3,Sergio Rojas Murillo,taxones_abundancia,filenchus,Filenchus,individuos/100 cm³ de suelo,42.0,reportado,Fungivores · c-p 2 · p-p 0 · masa 0.099 µg
4,Bosque,3,Bosque_3,Sergio Rojas Murillo,taxones_composicion,filenchus,Filenchus,% de la abundancia total,2.5000000000000004,reportado,Fungivores · c-p 2 · p-p 0 · masa 0.099 µg
4,Bosque,3,Bosque_3,Sergio Rojas Murillo,taxones_conteos,filenchus,Filenchus,individuos contados para identificación,5.0,reportado,Fungivores · c-p 2 · p-p 0 · masa 0.099 µg
4,Bosque,3,Bosque_3,Sergio Rojas Murillo,taxones_abundancia,helicotylenchus,Helicotylenchus,individuos/100 cm³ de suelo,58.80000000000001,reportado,Herbivores - semi-endoparasites · c-p 0 · p-p 3 · masa 0.294 µg
4,Bosque,3,Bosque_3,Sergio Rojas Murillo,taxones_composicion,helicotylenchus,Helicotylenchus,% de la abundancia total,3.500000000000001,reportado,Herbivores - semi-endoparasites · c-p 0 · p-p 3 · masa 0.294 µg
4,Bosque,3,Bosque_3,Sergio Rojas Murillo,taxones_conteos,helicotylenchus,Helicotylenchus,individuos contados para identificación,7.0,reportado,Herbivores - semi-endoparasites · c-p 0 · p-p 3 · masa 0.294 µg
4,Bosque,3,Bosque_3,Sergio Rojas Murillo,taxones_abundancia,ironus,Ironus,individuos/100 cm³ de suelo,0.0,reportado,Predators · c-p 4 · p-p 0 · masa 4.188 µg
4,Bosque,3,Bosque_3,Sergio Rojas Murillo,taxones_composicion,ironus,Ironus,% de la abundancia total,0.0,reportado,Predators · c-p 4 · p-p 0 · masa 4.188 µg
4,Bosque,3,Bosque_3,Sergio Rojas Murillo,taxones_conteos,ironus,Ironus,individuos contados para identificación,0.0,reportado,Predators · c-p 4 · p-p 0 · masa 4.188 µg
4,Bosque,3,Bosque_3,Sergio Rojas Murillo,taxones_abundancia,meloidogyne,Meloidogyne,individuos/100 cm³ de suelo,0.0,reportado,Herbivores - sedentary parasites · c-p 0 · p-p 3 · masa 86.985 µg
4,Bosque,3,Bosque_3,Sergio Rojas Murillo,taxones_composicion,meloidogyne,Meloidogyne,% de la abundancia total,0.0,reportado,Herbivores - sedentary parasites · c-p 0 · p-p 3 · masa 86.985 µg
4,Bosque,3,Bosque_3,Sergio Rojas Murillo,taxones_conteos,meloidogyne,Meloidogyne,individuos contados para identificación,0.0,reportado,Herbivores - sedentary parasites · c-p 0 · p-p 3 · masa 86.985 µg
4,Bosque,3,Bosque_3,Sergio Rojas Murillo,taxones_abundancia,metateratocephalus,Metateratocephalus,individuos/100 cm³ de suelo,0.0,reportado,Bacterivores · c-p 3 · p-p 0 · masa 0.073 µg
4,Bosque,3,Bosque_3,Sergio Rojas Murillo,taxones_composicion,metateratocephalus,Metateratocephalus,% de la abundancia total,0.0,reportado,Bacterivores · c-p 3 · p-p 0 · masa 0.073 µg
4,Bosque,3,Bosque_3,Sergio Rojas Murillo,taxones_conteos,metateratocephalus,Metateratocephalus,individuos contados para identificación,0.0,reportado,Bacterivores · c-p 3 · p-p 0 · masa 0.073 µg
4,Bosque,3,Bosque_3,Sergio Rojas Murillo,taxones_abundancia,mesorhabditis,Mesorhabditis,individuos/100 cm³ de suelo,16.8,reportado,Bacterivores · c-p 1 · p-p 0 · masa 0.568 µg
4,Bosque,3,Bosque_3,Sergio Rojas Murillo,taxones_composicion,mesorhabditis,Mesorhabditis,% de la abundancia total,1.0000000000000002,reportado,Bacterivores · c-p 1 · p-p 0 · masa 0.568 µg
4,Bosque,3,Bosque_3,Sergio Rojas Murillo,taxones_conteos,mesorhabditis,Mesorhabditis,individuos contados para identificación,2.0,reportado,Bacterivores · c-p 1 · p-p 0 · masa 0.568 µg
4,Bosque,3,Bosque_3,Sergio Rojas Murillo,taxones_abundancia,mesodorylaimus,Mesodorylaimus,individuos/100 cm³ de suelo,0.0,reportado,Omnivores · c-p 4 · p-p 0 · masa 1.277 µg
4,Bosque,3,Bosque_3,Sergio Rojas Murillo,taxones_composicion,mesodorylaimus,Mesodorylaimus,% de la abundancia total,0.0,reportado,Omnivores · c-p 4 · p-p 0 · masa 1.277 µg
4,Bosque,3,Bosque_3,Sergio Rojas Murillo,taxones_conteos,mesodorylaimus,Mesodorylaimus,individuos contados para identificación,0.0,reportado,Omnivores · c-p 4 · p-p 0 · masa 1.277 µg
4,Bosque,3,Bosque_3,Sergio Rojas Murillo,taxones_abundancia,mesocriconema,Mesocriconema,individuos/100 cm³ de suelo,58.80000000000001,reportado,Herbivores - ectoparasites · c-p 0 · p-p 3 · masa 0.504 µg
4,Bosque,3,Bosque_3,Sergio Rojas Murillo,taxones_composicion,mesocriconema,Mesocriconema,% de la abundancia total,3.500000000000001,reportado,Herbivores - ectoparasites · c-p 0 · p-p 3 · masa 0.504 µg
4,Bosque,3,Bosque_3,Sergio Rojas Murillo,taxones_conteos,mesocriconema,Mesocriconema,individuos contados para identificación,7.0,reportado,Herbivores - ectoparasites · c-p 0 · p-p 3 · masa 0.504 µg
4,Bosque,3,Bosque_3,Sergio Rojas Murillo,taxones_abundancia,protorhabditis,Protorhabditis,individuos/100 cm³ de suelo,16.8,reportado,Bacterivores · c-p 1 · p-p 0 · masa 0.264 µg
4,Bosque,3,Bosque_3,Sergio Rojas Murillo,taxones_composicion,protorhabditis,Protorhabditis,% de la abundancia total,1.0000000000000002,reportado,Bacterivores · c-p 1 · p-p 0 · masa 0.264 µg
4,Bosque,3,Bosque_3,Sergio Rojas Murillo,taxones_conteos,protorhabditis,Protorhabditis,individuos contados para identificación,2.0,reportado,Bacterivores · c-p 1 · p-p 0 · masa 0.264 µg
4,Bosque,3,Bosque_3,Sergio Rojas Murillo,taxones_abundancia,pseudacrobeles,Pseudacrobeles,individuos/100 cm³ de suelo,8.4,reportado,Bacterivores · c-p 2 · p-p 0 · masa 0.217 µg
4,Bosque,3,Bosque_3,Sergio Rojas Murillo,taxones_composicion,pseudacrobeles,Pseudacrobeles,% de la abundancia total,0.5000000000000001,reportado,Bacterivores · c-p 2 · p-p 0 · masa 0.217 µg
4,Bosque,3,Bosque_3,Sergio Rojas Murillo,taxones_conteos,pseudacrobeles,Pseudacrobeles,individuos contados para identificación,1.0,reportado,Bacterivores · c-p 2 · p-p 0 · masa 0.217 µg
4,Bosque,3,Bosque_3,Sergio Rojas Murillo,taxones_abundancia,plectus,Plectus,individuos/100 cm³ de suelo,0.0,reportado,Bacterivores · c-p 2 · p-p 0 · masa 0.858 µg
4,Bosque,3,Bosque_3,Sergio Rojas Murillo,taxones_composicion,plectus,Plectus,% de la abundancia total,0.0,reportado,Bacterivores · c-p 2 · p-p 0 · masa 0.858 µg
4,Bosque,3,Bosque_3,Sergio Rojas Murillo,taxones_conteos,plectus,Plectus,individuos contados para identificación,0.0,reportado,Bacterivores · c-p 2 · p-p 0 · masa 0.858 µg
4,Bosque,3,Bosque_3,Sergio Rojas Murillo,taxones_abundancia,pratylenchus,Pratylenchus,individuos/100 cm³ de suelo,0.0,reportado,Herbivores - migratory endoparasites · c-p 0 · p-p 3 · masa 0.144 µg
4,Bosque,3,Bosque_3,Sergio Rojas Murillo,taxones_composicion,pratylenchus,Pratylenchus,% de la abundancia total,0.0,reportado,Herbivores - migratory endoparasites · c-p 0 · p-p 3 · masa 0.144 µg
4,Bosque,3,Bosque_3,Sergio Rojas Murillo,taxones_conteos,pratylenchus,Pratylenchus,individuos contados para identificación,0.0,reportado,Herbivores - migratory endoparasites · c-p 0 · p-p 3 · masa 0.144 µg
4,Bosque,3,Bosque_3,Sergio Rojas Murillo,taxones_abundancia,prodorylaimus,Prodorylaimus,individuos/100 cm³ de suelo,0.0,reportado,Omnivores · c-p 4 · p-p 0 · masa 5.631 µg
4,Bosque,3,Bosque_3,Sergio Rojas Murillo,taxones_composicion,prodorylaimus,Prodorylaimus,% de la abundancia total,0.0,reportado,Omnivores · c-p 4 · p-p 0 · masa 5.631 µg
4,Bosque,3,Bosque_3,Sergio Rojas Murillo,taxones_conteos,prodorylaimus,Prodorylaimus,individuos contados para identificación,0.0,reportado,Omnivores · c-p 4 · p-p 0 · masa 5.631 µg
4,Bosque,3,Bosque_3,Sergio Rojas Murillo,taxones_abundancia,rhabditis,Rhabditis,individuos/100 cm³ de suelo,0.0,reportado,Bacterivores · c-p 1 · p-p 0 · masa 7.5 µg
4,Bosque,3,Bosque_3,Sergio Rojas Murillo,taxones_composicion,rhabditis,Rhabditis,% de la abundancia total,0.0,reportado,Bacterivores · c-p 1 · p-p 0 · masa 7.5 µg
4,Bosque,3,Bosque_3,Sergio Rojas Murillo,taxones_conteos,rhabditis,Rhabditis,individuos contados para identificación,0.0,reportado,Bacterivores · c-p 1 · p-p 0 · masa 7.5 µg
4,Bosque,3,Bosque_3,Sergio Rojas Murillo,taxones_abundancia,rotylenchulus,Rotylenchulus,individuos/100 cm³ de suelo,8.4,reportado,Herbivores - sedentary parasites · c-p 0 · p-p 3 · masa 1.77 µg
4,Bosque,3,Bosque_3,Sergio Rojas Murillo,taxones_composicion,rotylenchulus,Rotylenchulus,% de la abundancia total,0.5000000000000001,reportado,Herbivores - sedentary parasites · c-p 0 · p-p 3 · masa 1.77 µg
4,Bosque,3,Bosque_3,Sergio Rojas Murillo,taxones_conteos,rotylenchulus,Rotylenchulus,individuos contados para identificación,1.0,reportado,Herbivores - sedentary parasites · c-p 0 · p-p 3 · masa 1.77 µg
4,Bosque,3,Bosque_3,Sergio Rojas Murillo,taxones_abundancia,stegelletina,Stegelletina,individuos/100 cm³ de suelo,0.0,reportado,Bacterivores · c-p 2 · p-p 0 · masa 0.073 µg
4,Bosque,3,Bosque_3,Sergio Rojas Murillo,taxones_composicion,stegelletina,Stegelletina,% de la abundancia total,0.0,reportado,Bacterivores · c-p 2 · p-p 0 · masa 0.073 µg
4,Bosque,3,Bosque_3,Sergio Rojas Murillo,taxones_conteos,stegelletina,Stegelletina,individuos contados para identificación,0.0,reportado,Bacterivores · c-p 2 · p-p 0 · masa 0.073 µg
4,Bosque,3,Bosque_3,Sergio Rojas Murillo,taxones_abundancia,teratocephalus,Teratocephalus,individuos/100 cm³ de suelo,0.0,reportado,Bacterivores · c-p 3 · p-p 0 · masa 0.084 µg
4,Bosque,3,Bosque_3,Sergio Rojas Murillo,taxones_composicion,teratocephalus,Teratocephalus,% de la abundancia total,0.0,reportado,Bacterivores · c-p 3 · p-p 0 · masa 0.084 µg
4,Bosque,3,Bosque_3,Sergio Rojas Murillo,taxones_conteos,teratocephalus,Teratocephalus,individuos contados para identificación,0.0,reportado,Bacterivores · c-p 3 · p-p 0 · masa 0.084 µg
4,Bosque,3,Bosque_3,Sergio Rojas Murillo,taxones_abundancia,trophurus,Trophurus,individuos/100 cm³ de suelo,8.4,reportado,Herbivores - ectoparasites · c-p 0 · p-p 3 · masa 0.278 µg
4,Bosque,3,Bosque_3,Sergio Rojas Murillo,taxones_composicion,trophurus,Trophurus,% de la abundancia total,0.5000000000000001,reportado,Herbivores - ectoparasites · c-p 0 · p-p 3 · masa 0.278 µg
4,Bosque,3,Bosque_3,Sergio Rojas Murillo,taxones_conteos,trophurus,Trophurus,individuos contados para identificación,1.0,reportado,Herbivores - ectoparasites · c-p 0 · p-p 3 · masa 0.278 µg
4,Bosque,3,Bosque_3,Sergio Rojas Murillo,taxones_abundancia,tylenchus,Tylenchus,individuos/100 cm³ de suelo,0.0,reportado,Herbivores - epidermal/root hair feeders · c-p 0 · p-p 2 · masa 0.36 µg
4,Bosque,3,Bosque_3,Sergio Rojas Murillo,taxones_composicion,tylenchus,Tylenchus,% de la abundancia total,0.0,reportado,Herbivores - epidermal/root hair feeders · c-p 0 · p-p 2 · masa 0.36 µg
4,Bosque,3,Bosque_3,Sergio Rojas Murillo,taxones_conteos,tylenchus,Tylenchus,individuos contados para identificación,0.0,reportado,Herbivores - epidermal/root hair feeders · c-p 0 · p-p 2 · masa 0.36 µg
4,Bosque,3,Bosque_3,Sergio Rojas Murillo,taxones_abundancia,xiphinema,Xiphinema,individuos/100 cm³ de suelo,0.0,reportado,Herbivores - ectoparasites · c-p 0 · p-p 5 · masa 5.395 µg
4,Bosque,3,Bosque_3,Sergio Rojas Murillo,taxones_composicion,xiphinema,Xiphinema,% de la abundancia total,0.0,reportado,Herbivores - ectoparasites · c-p 0 · p-p 5 · masa 5.395 µg
4,Bosque,3,Bosque_3,Sergio Rojas Murillo,taxones_conteos,xiphinema,Xiphinema,individuos contados para identificación,0.0,reportado,Herbivores - ectoparasites · c-p 0 · p-p 5 · masa 5.395 µg
4,Bosque,3,Bosque_3,Sergio Rojas Murillo,grupos_abundancia,herbivoros,Herbívoros,individuos/100 cm³ de suelo,1528.8,reportado,
4,Bosque,3,Bosque_3,Sergio Rojas Murillo,grupos_composicion,herbivoros,Herbívoros,% de la abundancia total,91.00000000000001,reportado,
4,Bosque,3,Bosque_3,Sergio Rojas Murillo,grupos_abundancia,fungivoros,Fungívoros,individuos/100 cm³ de suelo,92.4,reportado,
4,Bosque,3,Bosque_3,Sergio Rojas Murillo,grupos_composicion,fungivoros,Fungívoros,% de la abundancia total,5.500000000000002,reportado,
4,Bosque,3,Bosque_3,Sergio Rojas Murillo,grupos_abundancia,bacterivoros,Bacterívoros,individuos/100 cm³ de suelo,58.800000000000004,reportado,
4,Bosque,3,Bosque_3,Sergio Rojas Murillo,grupos_composicion,bacterivoros,Bacterívoros,% de la abundancia total,3.500000000000001,reportado,
4,Bosque,3,Bosque_3,Sergio Rojas Murillo,grupos_abundancia,depredadores,Depredadores,individuos/100 cm³ de suelo,0.0,reportado,
4,Bosque,3,Bosque_3,Sergio Rojas Murillo,grupos_composicion,depredadores,Depredadores,% de la abundancia total,0.0,reportado,
4,Bosque,3,Bosque_3,Sergio Rojas Murillo,grupos_abundancia,omnivoros,Omnívoros,individuos/100 cm³ de suelo,0.0,reportado,
4,Bosque,3,Bosque_3,Sergio Rojas Murillo,grupos_composicion,omnivoros,Omnívoros,% de la abundancia total,0.0,reportado,
4,Pina,4,Pina_4,Sergio Rojas Murillo,indicadores,abundancia_total,Abundancia total,individuos/100 cm³ de suelo,900.0,reportado,
4,Pina,4,Pina_4,Sergio Rojas Murillo,indicadores,riqueza_taxones,Riqueza observada,taxones con abundancia mayor que cero,17.0,reportado,
4,Pina,4,Pina_4,Sergio Rojas Murillo,parametros_muestra,abundancia_en_1_ml,Abundancia observada en 1 ml,individuos/mL,90.0,reportado,
4,Pina,4,Pina_4,Sergio Rojas Murillo,parametros_muestra,volumen_contado_abundancia_ml,Volumen contado para abundancia,mL,2.0,reportado,
4,Pina,4,Pina_4,Sergio Rojas Murillo,parametros_muestra,volumen_agregado_identificacion_ml,Volumen agregado para identificación,mL,2.5,reportado,
4,Pina,4,Pina_4,Sergio Rojas Murillo,parametros_muestra,total_individuos_identificados,Total de individuos identificados,individuos,402.0,reportado,
4,Pina,4,Pina_4,Sergio Rojas Murillo,parametros_muestra,abundancia_total_ninja,Abundancia total usada por NINJA,individuos/100 cm³ de suelo,900.0,reportado,
4,Pina,4,Pina_4,Sergio Rojas Murillo,indices_ninja,mi,Índice de madurez (MI),índice,1.98,reportado,
4,Pina,4,Pina_4,Sergio Rojas Murillo,indices_ninja,mi2_5,Índice de madurez 2–5 (MI2-5),índice,2.17,reportado,
4,Pina,4,Pina_4,Sergio Rojas Murillo,indices_ninja,smi,Índice SMI,índice,2.75,reportado,
4,Pina,4,Pina_4,Sergio Rojas Murillo,indices_ninja,ppi,Índice de parásitos de plantas (PPI),índice,2.95,reportado,
4,Pina,4,Pina_4,Sergio Rojas Murillo,indices_ninja,ci,Índice de canal (CI),índice 0–100,50.44,reportado,
4,Pina,4,Pina_4,Sergio Rojas Murillo,indices_ninja,bi,Índice basal (BI),índice 0–100,31.42,reportado,
4,Pina,4,Pina_4,Sergio Rojas Murillo,indices_ninja,ei,Índice de enriquecimiento (EI),índice 0–100,64.2,reportado,
4,Pina,4,Pina_4,Sergio Rojas Murillo,indices_ninja,si,Índice de estructura (SI),índice 0–100,28.0,reportado,
4,Pina,4,Pina_4,Sergio Rojas Murillo,huellas_ninja,total_biomass_mg,Biomasa total,mg,0.49,reportado,
4,Pina,4,Pina_4,Sergio Rojas Murillo,huellas_ninja,cft,CFT (NINJA),unidad no indicada en la fuente,135.88,reportado,
4,Pina,4,Pina_4,Sergio Rojas Murillo,huellas_ninja,eft,EFT (NINJA),unidad no indicada en la fuente,13.98,reportado,
4,Pina,4,Pina_4,Sergio Rojas Murillo,huellas_ninja,sft,SFT (NINJA),unidad no indicada en la fuente,10.32,reportado,
4,Pina,4,Pina_4,Sergio Rojas Murillo,huellas_ninja,heft,HeFT (NINJA),unidad no indicada en la fuente,108.75,reportado,
4,Pina,4,Pina_4,Sergio Rojas Murillo,huellas_ninja,fuft,FuFT (NINJA),unidad no indicada en la fuente,9.75,reportado,
4,Pina,4,Pina_4,Sergio Rojas Murillo,huellas_ninja,baft,BaFT (NINJA),unidad no indicada en la fuente,7.27,reportado,
4,Pina,4,Pina_4,Sergio Rojas Murillo,huellas_ninja,prft,PrFT (NINJA),unidad no indicada en la fuente,10.12,reportado,
4,Pina,4,Pina_4,Sergio Rojas Murillo,huellas_ninja,unicellular_eucaryote_feeder_footprint,Huella de consumidores de eucariotas unicelulares,unidad no indicada en la fuente,0.0,reportado,
4,Pina,4,Pina_4,Sergio Rojas Murillo,huellas_ninja,omnivore_footprint,Huella de omnívoros,unidad no indicada en la fuente,0.0,reportado,
4,Pina,4,Pina_4,Sergio Rojas Murillo,huellas_ninja,total_number_ind,Número total de individuos (NINJA),individuos/100 cm³ de suelo,900.0,reportado,
4,Pina,4,Pina_4,Sergio Rojas Murillo,porcentajes_ninja,herbivores_pct_of_total,Herbívoros del total,%,79.1,reportado,
4,Pina,4,Pina_4,Sergio Rojas Murillo,porcentajes_ninja,fungivores_pct_of_total,Fungívoros del total,%,14.2,reportado,
4,Pina,4,Pina_4,Sergio Rojas Murillo,porcentajes_ninja,fungivores_pct_of_free_living,Fungívoros de vida libre,%,67.9,reportado,
4,Pina,4,Pina_4,Sergio Rojas Murillo,porcentajes_ninja,bacterivores_pct_of_total,Bacterívoros del total,%,5.5,reportado,
4,Pina,4,Pina_4,Sergio Rojas Murillo,porcentajes_ninja,bacterivores_pct_of_free_living,Bacterívoros de vida libre,%,26.2,reportado,
4,Pina,4,Pina_4,Sergio Rojas Murillo,porcentajes_ninja,predators_pct_of_total,Depredadores del total,%,1.2,reportado,
4,Pina,4,Pina_4,Sergio Rojas Murillo,porcentajes_ninja,predators_pct_of_free_living,Depredadores de vida libre,%,6.0,reportado,
4,Pina,4,Pina_4,Sergio Rojas Murillo,porcentajes_ninja,unicellular_eucaryote_feeders_pct_of_total,Consumidores de eucariotas unicelulares del total,%,0.0,reportado,
4,Pina,4,Pina_4,Sergio Rojas Murillo,porcentajes_ninja,unicellular_eucaryote_feeders_pct_of_free_living,Consumidores de eucariotas unicelulares de vida libre,%,0.0,reportado,
4,Pina,4,Pina_4,Sergio Rojas Murillo,porcentajes_ninja,omnivores_pct_of_total,Omnívoros del total,%,0.0,reportado,
4,Pina,4,Pina_4,Sergio Rojas Murillo,porcentajes_ninja,omnivores_pct_of_free_living,Omnívoros de vida libre,%,0.0,reportado,
4,Pina,4,Pina_4,Sergio Rojas Murillo,porcentajes_ninja,sedentary_parasites_pct_of_herbivores,Parásitos sedentarios de los herbívoros,%,0.3,reportado,
4,Pina,4,Pina_4,Sergio Rojas Murillo,porcentajes_ninja,migratory_endoparasites_pct_of_herbivores,Endoparásitos migratorios de los herbívoros,%,10.1,reportado,
4,Pina,4,Pina_4,Sergio Rojas Murillo,porcentajes_ninja,semi_endoparasites_pct_of_herbivores,Semiendoparásitos de los herbívoros,%,70.4,reportado,
4,Pina,4,Pina_4,Sergio Rojas Murillo,porcentajes_ninja,ectoparasites_pct_of_herbivores,Ectoparásitos de los herbívoros,%,14.5,reportado,
4,Pina,4,Pina_4,Sergio Rojas Murillo,porcentajes_ninja,epidermal_root_hair_feeders_pct_of_herbivores,Consumidores de epidermis y pelos radicales de los herbívoros,%,4.7,reportado,
4,Pina,4,Pina_4,Sergio Rojas Murillo,porcentajes_ninja,algal_lichen_moss_feeders_pct_of_herbivores,"Consumidores de algas, líquenes y musgos de los herbívoros",%,0.0,reportado,
4,Pina,4,Pina_4,Sergio Rojas Murillo,porcentajes_ninja,cp_1_pct_of_free_living,c-p 1 de vida libre,%,16.7,reportado,
4,Pina,4,Pina_4,Sergio Rojas Murillo,porcentajes_ninja,cp_2_pct_of_free_living,c-p 2 de vida libre,%,75.0,reportado,
4,Pina,4,Pina_4,Sergio Rojas Murillo,porcentajes_ninja,cp_3_pct_of_free_living,c-p 3 de vida libre,%,2.4,reportado,
4,Pina,4,Pina_4,Sergio Rojas Murillo,porcentajes_ninja,cp_4_pct_of_free_living,c-p 4 de vida libre,%,6.0,reportado,
4,Pina,4,Pina_4,Sergio Rojas Murillo,porcentajes_ninja,cp_5_pct_of_free_living,c-p 5 de vida libre,%,0.0,reportado,
4,Pina,4,Pina_4,Sergio Rojas Murillo,porcentajes_ninja,pp_2_pct_of_herbivores,p-p 2 de los herbívoros,%,4.7,reportado,
4,Pina,4,Pina_4,Sergio Rojas Murillo,porcentajes_ninja,pp_3_pct_of_herbivores,p-p 3 de los herbívoros,%,95.3,reportado,
4,Pina,4,Pina_4,Sergio Rojas Murillo,porcentajes_ninja,pp_4_pct_of_herbivores,p-p 4 de los herbívoros,%,0.0,reportado,
4,Pina,4,Pina_4,Sergio Rojas Murillo,porcentajes_ninja,pp_5_pct_of_herbivores,p-p 5 de los herbívoros,%,0.0,reportado,
4,Pina,4,Pina_4,Sergio Rojas Murillo,taxones_abundancia,alaimus,Alaimus,individuos/100 cm³ de suelo,0.0,reportado,Bacterivores · c-p 4 · p-p 0 · masa 0.561 µg
4,Pina,4,Pina_4,Sergio Rojas Murillo,taxones_composicion,alaimus,Alaimus,% de la abundancia total,0.0,reportado,Bacterivores · c-p 4 · p-p 0 · masa 0.561 µg
4,Pina,4,Pina_4,Sergio Rojas Murillo,taxones_conteos,alaimus,Alaimus,individuos contados para identificación,0.0,reportado,Bacterivores · c-p 4 · p-p 0 · masa 0.561 µg
4,Pina,4,Pina_4,Sergio Rojas Murillo,taxones_abundancia,aglenchus,Aglenchus,individuos/100 cm³ de suelo,24.62686567164179,reportado,Herbivores - epidermal/root hair feeders · c-p 0 · p-p 2 · masa 0.082 µg
4,Pina,4,Pina_4,Sergio Rojas Murillo,taxones_composicion,aglenchus,Aglenchus,% de la abundancia total,2.736318407960199,reportado,Herbivores - epidermal/root hair feeders · c-p 0 · p-p 2 · masa 0.082 µg
4,Pina,4,Pina_4,Sergio Rojas Murillo,taxones_conteos,aglenchus,Aglenchus,individuos contados para identificación,11.0,reportado,Herbivores - epidermal/root hair feeders · c-p 0 · p-p 2 · masa 0.082 µg
4,Pina,4,Pina_4,Sergio Rojas Murillo,taxones_abundancia,aphelenchoides,Aphelenchoides,individuos/100 cm³ de suelo,105.22388059701493,reportado,Fungivores · c-p 2 · p-p 0 · masa 0.151 µg
4,Pina,4,Pina_4,Sergio Rojas Murillo,taxones_composicion,aphelenchoides,Aphelenchoides,% de la abundancia total,11.691542288557214,reportado,Fungivores · c-p 2 · p-p 0 · masa 0.151 µg
4,Pina,4,Pina_4,Sergio Rojas Murillo,taxones_conteos,aphelenchoides,Aphelenchoides,individuos contados para identificación,47.0,reportado,Fungivores · c-p 2 · p-p 0 · masa 0.151 µg
4,Pina,4,Pina_4,Sergio Rojas Murillo,taxones_abundancia,aporcelaimellus,Aporcelaimellus,individuos/100 cm³ de suelo,0.0,reportado,Omnivores · c-p 5 · p-p 0 · masa 9.048 µg
4,Pina,4,Pina_4,Sergio Rojas Murillo,taxones_composicion,aporcelaimellus,Aporcelaimellus,% de la abundancia total,0.0,reportado,Omnivores · c-p 5 · p-p 0 · masa 9.048 µg
4,Pina,4,Pina_4,Sergio Rojas Murillo,taxones_conteos,aporcelaimellus,Aporcelaimellus,individuos contados para identificación,0.0,reportado,Omnivores · c-p 5 · p-p 0 · masa 9.048 µg
4,Pina,4,Pina_4,Sergio Rojas Murillo,taxones_abundancia,aphelenchus,Aphelenchus,individuos/100 cm³ de suelo,17.91044776119403,reportado,Fungivores · c-p 2 · p-p 0 · masa 0.218 µg
4,Pina,4,Pina_4,Sergio Rojas Murillo,taxones_composicion,aphelenchus,Aphelenchus,% de la abundancia total,1.9900497512437811,reportado,Fungivores · c-p 2 · p-p 0 · masa 0.218 µg
4,Pina,4,Pina_4,Sergio Rojas Murillo,taxones_conteos,aphelenchus,Aphelenchus,individuos contados para identificación,8.0,reportado,Fungivores · c-p 2 · p-p 0 · masa 0.218 µg
4,Pina,4,Pina_4,Sergio Rojas Murillo,taxones_abundancia,cribronema,Cribronema,individuos/100 cm³ de suelo,2.2388059701492535,reportado,Bacterivores · c-p 2 · p-p 0 · masa 0.039 µg
4,Pina,4,Pina_4,Sergio Rojas Murillo,taxones_composicion,cribronema,Cribronema,% de la abundancia total,0.24875621890547264,reportado,Bacterivores · c-p 2 · p-p 0 · masa 0.039 µg
4,Pina,4,Pina_4,Sergio Rojas Murillo,taxones_conteos,cribronema,Cribronema,individuos contados para identificación,1.0,reportado,Bacterivores · c-p 2 · p-p 0 · masa 0.039 µg
4,Pina,4,Pina_4,Sergio Rojas Murillo,taxones_abundancia,criconematidae,Criconematidae,individuos/100 cm³ de suelo,0.0,reportado,Herbivores - ectoparasites · c-p 0 · p-p 3 · masa 0.567 µg
4,Pina,4,Pina_4,Sergio Rojas Murillo,taxones_composicion,criconematidae,Criconematidae,% de la abundancia total,0.0,reportado,Herbivores - ectoparasites · c-p 0 · p-p 3 · masa 0.567 µg
4,Pina,4,Pina_4,Sergio Rojas Murillo,taxones_conteos,criconematidae,Criconematidae,individuos contados para identificación,0.0,reportado,Herbivores - ectoparasites · c-p 0 · p-p 3 · masa 0.567 µg
4,Pina,4,Pina_4,Sergio Rojas Murillo,taxones_abundancia,chronogaster,Chronogaster,individuos/100 cm³ de suelo,0.0,reportado,Bacterivores · c-p 3 · p-p 0 · masa 0.335 µg
4,Pina,4,Pina_4,Sergio Rojas Murillo,taxones_composicion,chronogaster,Chronogaster,% de la abundancia total,0.0,reportado,Bacterivores · c-p 3 · p-p 0 · masa 0.335 µg
4,Pina,4,Pina_4,Sergio Rojas Murillo,taxones_conteos,chronogaster,Chronogaster,individuos contados para identificación,0.0,reportado,Bacterivores · c-p 3 · p-p 0 · masa 0.335 µg
4,Pina,4,Pina_4,Sergio Rojas Murillo,taxones_abundancia,cephalobus,Cephalobus,individuos/100 cm³ de suelo,0.0,reportado,Bacterivores · c-p 2 · p-p 0 · masa 0.266 µg
4,Pina,4,Pina_4,Sergio Rojas Murillo,taxones_composicion,cephalobus,Cephalobus,% de la abundancia total,0.0,reportado,Bacterivores · c-p 2 · p-p 0 · masa 0.266 µg
4,Pina,4,Pina_4,Sergio Rojas Murillo,taxones_conteos,cephalobus,Cephalobus,individuos contados para identificación,0.0,reportado,Bacterivores · c-p 2 · p-p 0 · masa 0.266 µg
4,Pina,4,Pina_4,Sergio Rojas Murillo,taxones_abundancia,clarkus,Clarkus,individuos/100 cm³ de suelo,0.0,reportado,Predators · c-p 4 · p-p 0 · masa 3.897 µg
4,Pina,4,Pina_4,Sergio Rojas Murillo,taxones_composicion,clarkus,Clarkus,% de la abundancia total,0.0,reportado,Predators · c-p 4 · p-p 0 · masa 3.897 µg
4,Pina,4,Pina_4,Sergio Rojas Murillo,taxones_conteos,clarkus,Clarkus,individuos contados para identificación,0.0,reportado,Predators · c-p 4 · p-p 0 · masa 3.897 µg
4,Pina,4,Pina_4,Sergio Rojas Murillo,taxones_abundancia,diplogaster,Diplogaster,individuos/100 cm³ de suelo,0.0,reportado,Bacterivores · c-p 1 · p-p 0 · masa 1.886 µg
4,Pina,4,Pina_4,Sergio Rojas Murillo,taxones_composicion,diplogaster,Diplogaster,% de la abundancia total,0.0,reportado,Bacterivores · c-p 1 · p-p 0 · masa 1.886 µg
4,Pina,4,Pina_4,Sergio Rojas Murillo,taxones_conteos,diplogaster,Diplogaster,individuos contados para identificación,0.0,reportado,Bacterivores · c-p 1 · p-p 0 · masa 1.886 µg
4,Pina,4,Pina_4,Sergio Rojas Murillo,taxones_abundancia,diphtherophora,Diphtherophora,individuos/100 cm³ de suelo,0.0,reportado,Fungivores · c-p 3 · p-p 0 · masa 0.504 µg
4,Pina,4,Pina_4,Sergio Rojas Murillo,taxones_composicion,diphtherophora,Diphtherophora,% de la abundancia total,0.0,reportado,Fungivores · c-p 3 · p-p 0 · masa 0.504 µg
4,Pina,4,Pina_4,Sergio Rojas Murillo,taxones_conteos,diphtherophora,Diphtherophora,individuos contados para identificación,0.0,reportado,Fungivores · c-p 3 · p-p 0 · masa 0.504 µg
4,Pina,4,Pina_4,Sergio Rojas Murillo,taxones_abundancia,discocriconemella,Discocriconemella,individuos/100 cm³ de suelo,0.0,reportado,Herbivores - ectoparasites · c-p 0 · p-p 3 · masa 0.338 µg
4,Pina,4,Pina_4,Sergio Rojas Murillo,taxones_composicion,discocriconemella,Discocriconemella,% de la abundancia total,0.0,reportado,Herbivores - ectoparasites · c-p 0 · p-p 3 · masa 0.338 µg
4,Pina,4,Pina_4,Sergio Rojas Murillo,taxones_conteos,discocriconemella,Discocriconemella,individuos contados para identificación,0.0,reportado,Herbivores - ectoparasites · c-p 0 · p-p 3 · masa 0.338 µg
4,Pina,4,Pina_4,Sergio Rojas Murillo,taxones_abundancia,eucephalobus,Eucephalobus,individuos/100 cm³ de suelo,0.0,reportado,Bacterivores · c-p 2 · p-p 0 · masa 0.236 µg
4,Pina,4,Pina_4,Sergio Rojas Murillo,taxones_composicion,eucephalobus,Eucephalobus,% de la abundancia total,0.0,reportado,Bacterivores · c-p 2 · p-p 0 · masa 0.236 µg
4,Pina,4,Pina_4,Sergio Rojas Murillo,taxones_conteos,eucephalobus,Eucephalobus,individuos contados para identificación,0.0,reportado,Bacterivores · c-p 2 · p-p 0 · masa 0.236 µg
4,Pina,4,Pina_4,Sergio Rojas Murillo,taxones_abundancia,ecphyadophora,Ecphyadophora,individuos/100 cm³ de suelo,4.477611940298507,reportado,Herbivores - epidermal/root hair feeders · c-p 0 · p-p 2 · masa 0.02 µg
4,Pina,4,Pina_4,Sergio Rojas Murillo,taxones_composicion,ecphyadophora,Ecphyadophora,% de la abundancia total,0.4975124378109453,reportado,Herbivores - epidermal/root hair feeders · c-p 0 · p-p 2 · masa 0.02 µg
4,Pina,4,Pina_4,Sergio Rojas Murillo,taxones_conteos,ecphyadophora,Ecphyadophora,individuos contados para identificación,2.0,reportado,Herbivores - epidermal/root hair feeders · c-p 0 · p-p 2 · masa 0.02 µg
4,Pina,4,Pina_4,Sergio Rojas Murillo,taxones_abundancia,filenchus,Filenchus,individuos/100 cm³ de suelo,4.477611940298507,reportado,Fungivores · c-p 2 · p-p 0 · masa 0.099 µg
4,Pina,4,Pina_4,Sergio Rojas Murillo,taxones_composicion,filenchus,Filenchus,% de la abundancia total,0.4975124378109453,reportado,Fungivores · c-p 2 · p-p 0 · masa 0.099 µg
4,Pina,4,Pina_4,Sergio Rojas Murillo,taxones_conteos,filenchus,Filenchus,individuos contados para identificación,2.0,reportado,Fungivores · c-p 2 · p-p 0 · masa 0.099 µg
4,Pina,4,Pina_4,Sergio Rojas Murillo,taxones_abundancia,helicotylenchus,Helicotylenchus,individuos/100 cm³ de suelo,501.4925373134329,reportado,Herbivores - semi-endoparasites · c-p 0 · p-p 3 · masa 0.294 µg
4,Pina,4,Pina_4,Sergio Rojas Murillo,taxones_composicion,helicotylenchus,Helicotylenchus,% de la abundancia total,55.72139303482587,reportado,Herbivores - semi-endoparasites · c-p 0 · p-p 3 · masa 0.294 µg
4,Pina,4,Pina_4,Sergio Rojas Murillo,taxones_conteos,helicotylenchus,Helicotylenchus,individuos contados para identificación,224.0,reportado,Herbivores - semi-endoparasites · c-p 0 · p-p 3 · masa 0.294 µg
4,Pina,4,Pina_4,Sergio Rojas Murillo,taxones_abundancia,ironus,Ironus,individuos/100 cm³ de suelo,11.194029850746269,reportado,Predators · c-p 4 · p-p 0 · masa 4.188 µg
4,Pina,4,Pina_4,Sergio Rojas Murillo,taxones_composicion,ironus,Ironus,% de la abundancia total,1.2437810945273633,reportado,Predators · c-p 4 · p-p 0 · masa 4.188 µg
4,Pina,4,Pina_4,Sergio Rojas Murillo,taxones_conteos,ironus,Ironus,individuos contados para identificación,5.0,reportado,Predators · c-p 4 · p-p 0 · masa 4.188 µg
4,Pina,4,Pina_4,Sergio Rojas Murillo,taxones_abundancia,meloidogyne,Meloidogyne,individuos/100 cm³ de suelo,2.2388059701492535,reportado,Herbivores - sedentary parasites · c-p 0 · p-p 3 · masa 86.985 µg
4,Pina,4,Pina_4,Sergio Rojas Murillo,taxones_composicion,meloidogyne,Meloidogyne,% de la abundancia total,0.24875621890547264,reportado,Herbivores - sedentary parasites · c-p 0 · p-p 3 · masa 86.985 µg
4,Pina,4,Pina_4,Sergio Rojas Murillo,taxones_conteos,meloidogyne,Meloidogyne,individuos contados para identificación,1.0,reportado,Herbivores - sedentary parasites · c-p 0 · p-p 3 · masa 86.985 µg
4,Pina,4,Pina_4,Sergio Rojas Murillo,taxones_abundancia,metateratocephalus,Metateratocephalus,individuos/100 cm³ de suelo,0.0,reportado,Bacterivores · c-p 3 · p-p 0 · masa 0.073 µg
4,Pina,4,Pina_4,Sergio Rojas Murillo,taxones_composicion,metateratocephalus,Metateratocephalus,% de la abundancia total,0.0,reportado,Bacterivores · c-p 3 · p-p 0 · masa 0.073 µg
4,Pina,4,Pina_4,Sergio Rojas Murillo,taxones_conteos,metateratocephalus,Metateratocephalus,individuos contados para identificación,0.0,reportado,Bacterivores · c-p 3 · p-p 0 · masa 0.073 µg
4,Pina,4,Pina_4,Sergio Rojas Murillo,taxones_abundancia,mesorhabditis,Mesorhabditis,individuos/100 cm³ de suelo,2.2388059701492535,reportado,Bacterivores · c-p 1 · p-p 0 · masa 0.568 µg
4,Pina,4,Pina_4,Sergio Rojas Murillo,taxones_composicion,mesorhabditis,Mesorhabditis,% de la abundancia total,0.24875621890547264,reportado,Bacterivores · c-p 1 · p-p 0 · masa 0.568 µg
4,Pina,4,Pina_4,Sergio Rojas Murillo,taxones_conteos,mesorhabditis,Mesorhabditis,individuos contados para identificación,1.0,reportado,Bacterivores · c-p 1 · p-p 0 · masa 0.568 µg
4,Pina,4,Pina_4,Sergio Rojas Murillo,taxones_abundancia,mesodorylaimus,Mesodorylaimus,individuos/100 cm³ de suelo,0.0,reportado,Omnivores · c-p 4 · p-p 0 · masa 1.277 µg
4,Pina,4,Pina_4,Sergio Rojas Murillo,taxones_composicion,mesodorylaimus,Mesodorylaimus,% de la abundancia total,0.0,reportado,Omnivores · c-p 4 · p-p 0 · masa 1.277 µg
4,Pina,4,Pina_4,Sergio Rojas Murillo,taxones_conteos,mesodorylaimus,Mesodorylaimus,individuos contados para identificación,0.0,reportado,Omnivores · c-p 4 · p-p 0 · masa 1.277 µg
4,Pina,4,Pina_4,Sergio Rojas Murillo,taxones_abundancia,mesocriconema,Mesocriconema,individuos/100 cm³ de suelo,102.98507462686568,reportado,Herbivores - ectoparasites · c-p 0 · p-p 3 · masa 0.504 µg
4,Pina,4,Pina_4,Sergio Rojas Murillo,taxones_composicion,mesocriconema,Mesocriconema,% de la abundancia total,11.442786069651742,reportado,Herbivores - ectoparasites · c-p 0 · p-p 3 · masa 0.504 µg
4,Pina,4,Pina_4,Sergio Rojas Murillo,taxones_conteos,mesocriconema,Mesocriconema,individuos contados para identificación,46.0,reportado,Herbivores - ectoparasites · c-p 0 · p-p 3 · masa 0.504 µg
4,Pina,4,Pina_4,Sergio Rojas Murillo,taxones_abundancia,protorhabditis,Protorhabditis,individuos/100 cm³ de suelo,29.104477611940297,reportado,Bacterivores · c-p 1 · p-p 0 · masa 0.264 µg
4,Pina,4,Pina_4,Sergio Rojas Murillo,taxones_composicion,protorhabditis,Protorhabditis,% de la abundancia total,3.233830845771144,reportado,Bacterivores · c-p 1 · p-p 0 · masa 0.264 µg
4,Pina,4,Pina_4,Sergio Rojas Murillo,taxones_conteos,protorhabditis,Protorhabditis,individuos contados para identificación,13.0,reportado,Bacterivores · c-p 1 · p-p 0 · masa 0.264 µg
4,Pina,4,Pina_4,Sergio Rojas Murillo,taxones_abundancia,pseudacrobeles,Pseudacrobeles,individuos/100 cm³ de suelo,2.2388059701492535,reportado,Bacterivores · c-p 2 · p-p 0 · masa 0.217 µg
4,Pina,4,Pina_4,Sergio Rojas Murillo,taxones_composicion,pseudacrobeles,Pseudacrobeles,% de la abundancia total,0.24875621890547264,reportado,Bacterivores · c-p 2 · p-p 0 · masa 0.217 µg
4,Pina,4,Pina_4,Sergio Rojas Murillo,taxones_conteos,pseudacrobeles,Pseudacrobeles,individuos contados para identificación,1.0,reportado,Bacterivores · c-p 2 · p-p 0 · masa 0.217 µg
4,Pina,4,Pina_4,Sergio Rojas Murillo,taxones_abundancia,plectus,Plectus,individuos/100 cm³ de suelo,8.955223880597014,reportado,Bacterivores · c-p 2 · p-p 0 · masa 0.858 µg
4,Pina,4,Pina_4,Sergio Rojas Murillo,taxones_composicion,plectus,Plectus,% de la abundancia total,0.9950248756218906,reportado,Bacterivores · c-p 2 · p-p 0 · masa 0.858 µg
4,Pina,4,Pina_4,Sergio Rojas Murillo,taxones_conteos,plectus,Plectus,individuos contados para identificación,4.0,reportado,Bacterivores · c-p 2 · p-p 0 · masa 0.858 µg
4,Pina,4,Pina_4,Sergio Rojas Murillo,taxones_abundancia,pratylenchus,Pratylenchus,individuos/100 cm³ de suelo,71.64179104477611,reportado,Herbivores - migratory endoparasites · c-p 0 · p-p 3 · masa 0.144 µg
4,Pina,4,Pina_4,Sergio Rojas Murillo,taxones_composicion,pratylenchus,Pratylenchus,% de la abundancia total,7.960199004975125,reportado,Herbivores - migratory endoparasites · c-p 0 · p-p 3 · masa 0.144 µg
4,Pina,4,Pina_4,Sergio Rojas Murillo,taxones_conteos,pratylenchus,Pratylenchus,individuos contados para identificación,32.0,reportado,Herbivores - migratory endoparasites · c-p 0 · p-p 3 · masa 0.144 µg
4,Pina,4,Pina_4,Sergio Rojas Murillo,taxones_abundancia,prodorylaimus,Prodorylaimus,individuos/100 cm³ de suelo,0.0,reportado,Omnivores · c-p 4 · p-p 0 · masa 5.631 µg
4,Pina,4,Pina_4,Sergio Rojas Murillo,taxones_composicion,prodorylaimus,Prodorylaimus,% de la abundancia total,0.0,reportado,Omnivores · c-p 4 · p-p 0 · masa 5.631 µg
4,Pina,4,Pina_4,Sergio Rojas Murillo,taxones_conteos,prodorylaimus,Prodorylaimus,individuos contados para identificación,0.0,reportado,Omnivores · c-p 4 · p-p 0 · masa 5.631 µg
4,Pina,4,Pina_4,Sergio Rojas Murillo,taxones_abundancia,rhabditis,Rhabditis,individuos/100 cm³ de suelo,0.0,reportado,Bacterivores · c-p 1 · p-p 0 · masa 7.5 µg
4,Pina,4,Pina_4,Sergio Rojas Murillo,taxones_composicion,rhabditis,Rhabditis,% de la abundancia total,0.0,reportado,Bacterivores · c-p 1 · p-p 0 · masa 7.5 µg
4,Pina,4,Pina_4,Sergio Rojas Murillo,taxones_conteos,rhabditis,Rhabditis,individuos contados para identificación,0.0,reportado,Bacterivores · c-p 1 · p-p 0 · masa 7.5 µg
4,Pina,4,Pina_4,Sergio Rojas Murillo,taxones_abundancia,rotylenchulus,Rotylenchulus,individuos/100 cm³ de suelo,0.0,reportado,Herbivores - sedentary parasites · c-p 0 · p-p 3 · masa 1.77 µg
4,Pina,4,Pina_4,Sergio Rojas Murillo,taxones_composicion,rotylenchulus,Rotylenchulus,% de la abundancia total,0.0,reportado,Herbivores - sedentary parasites · c-p 0 · p-p 3 · masa 1.77 µg
4,Pina,4,Pina_4,Sergio Rojas Murillo,taxones_conteos,rotylenchulus,Rotylenchulus,individuos contados para identificación,0.0,reportado,Herbivores - sedentary parasites · c-p 0 · p-p 3 · masa 1.77 µg
4,Pina,4,Pina_4,Sergio Rojas Murillo,taxones_abundancia,stegelletina,Stegelletina,individuos/100 cm³ de suelo,0.0,reportado,Bacterivores · c-p 2 · p-p 0 · masa 0.073 µg
4,Pina,4,Pina_4,Sergio Rojas Murillo,taxones_composicion,stegelletina,Stegelletina,% de la abundancia total,0.0,reportado,Bacterivores · c-p 2 · p-p 0 · masa 0.073 µg
4,Pina,4,Pina_4,Sergio Rojas Murillo,taxones_conteos,stegelletina,Stegelletina,individuos contados para identificación,0.0,reportado,Bacterivores · c-p 2 · p-p 0 · masa 0.073 µg
4,Pina,4,Pina_4,Sergio Rojas Murillo,taxones_abundancia,teratocephalus,Teratocephalus,individuos/100 cm³ de suelo,4.477611940298507,reportado,Bacterivores · c-p 3 · p-p 0 · masa 0.084 µg
4,Pina,4,Pina_4,Sergio Rojas Murillo,taxones_composicion,teratocephalus,Teratocephalus,% de la abundancia total,0.4975124378109453,reportado,Bacterivores · c-p 3 · p-p 0 · masa 0.084 µg
4,Pina,4,Pina_4,Sergio Rojas Murillo,taxones_conteos,teratocephalus,Teratocephalus,individuos contados para identificación,2.0,reportado,Bacterivores · c-p 3 · p-p 0 · masa 0.084 µg
4,Pina,4,Pina_4,Sergio Rojas Murillo,taxones_abundancia,trophurus,Trophurus,individuos/100 cm³ de suelo,0.0,reportado,Herbivores - ectoparasites · c-p 0 · p-p 3 · masa 0.278 µg
4,Pina,4,Pina_4,Sergio Rojas Murillo,taxones_composicion,trophurus,Trophurus,% de la abundancia total,0.0,reportado,Herbivores - ectoparasites · c-p 0 · p-p 3 · masa 0.278 µg
4,Pina,4,Pina_4,Sergio Rojas Murillo,taxones_conteos,trophurus,Trophurus,individuos contados para identificación,0.0,reportado,Herbivores - ectoparasites · c-p 0 · p-p 3 · masa 0.278 µg
4,Pina,4,Pina_4,Sergio Rojas Murillo,taxones_abundancia,tylenchus,Tylenchus,individuos/100 cm³ de suelo,4.477611940298507,reportado,Herbivores - epidermal/root hair feeders · c-p 0 · p-p 2 · masa 0.36 µg
4,Pina,4,Pina_4,Sergio Rojas Murillo,taxones_composicion,tylenchus,Tylenchus,% de la abundancia total,0.4975124378109453,reportado,Herbivores - epidermal/root hair feeders · c-p 0 · p-p 2 · masa 0.36 µg
4,Pina,4,Pina_4,Sergio Rojas Murillo,taxones_conteos,tylenchus,Tylenchus,individuos contados para identificación,2.0,reportado,Herbivores - epidermal/root hair feeders · c-p 0 · p-p 2 · masa 0.36 µg
4,Pina,4,Pina_4,Sergio Rojas Murillo,taxones_abundancia,xiphinema,Xiphinema,individuos/100 cm³ de suelo,0.0,reportado,Herbivores - ectoparasites · c-p 0 · p-p 5 · masa 5.395 µg
4,Pina,4,Pina_4,Sergio Rojas Murillo,taxones_composicion,xiphinema,Xiphinema,% de la abundancia total,0.0,reportado,Herbivores - ectoparasites · c-p 0 · p-p 5 · masa 5.395 µg
4,Pina,4,Pina_4,Sergio Rojas Murillo,taxones_conteos,xiphinema,Xiphinema,individuos contados para identificación,0.0,reportado,Herbivores - ectoparasites · c-p 0 · p-p 5 · masa 5.395 µg
4,Pina,4,Pina_4,Sergio Rojas Murillo,grupos_abundancia,herbivoros,Herbívoros,individuos/100 cm³ de suelo,711.9402985074627,reportado,
4,Pina,4,Pina_4,Sergio Rojas Murillo,grupos_composicion,herbivoros,Herbívoros,% de la abundancia total,79.1044776119403,reportado,
4,Pina,4,Pina_4,Sergio Rojas Murillo,grupos_abundancia,fungivoros,Fungívoros,individuos/100 cm³ de suelo,127.61194029850746,reportado,
4,Pina,4,Pina_4,Sergio Rojas Murillo,grupos_composicion,fungivoros,Fungívoros,% de la abundancia total,14.17910447761194,reportado,
4,Pina,4,Pina_4,Sergio Rojas Murillo,grupos_abundancia,bacterivoros,Bacterívoros,individuos/100 cm³ de suelo,49.25373134328358,reportado,
4,Pina,4,Pina_4,Sergio Rojas Murillo,grupos_composicion,bacterivoros,Bacterívoros,% de la abundancia total,5.472636815920398,reportado,
4,Pina,4,Pina_4,Sergio Rojas Murillo,grupos_abundancia,depredadores,Depredadores,individuos/100 cm³ de suelo,11.194029850746269,reportado,
4,Pina,4,Pina_4,Sergio Rojas Murillo,grupos_composicion,depredadores,Depredadores,% de la abundancia total,1.2437810945273633,reportado,
4,Pina,4,Pina_4,Sergio Rojas Murillo,grupos_abundancia,omnivoros,Omnívoros,individuos/100 cm³ de suelo,0.0,reportado,
4,Pina,4,Pina_4,Sergio Rojas Murillo,grupos_composicion,omnivoros,Omnívoros,% de la abundancia total,0.0,reportado,
5,Bosque,4,Bosque_4,Sergio Rojas Murillo,indicadores,abundancia_total,Abundancia total,individuos/100 cm³ de suelo,1160.0,reportado,
5,Bosque,4,Bosque_4,Sergio Rojas Murillo,indicadores,riqueza_taxones,Riqueza observada,taxones con abundancia mayor que cero,16.0,reportado,
5,Bosque,4,Bosque_4,Sergio Rojas Murillo,parametros_muestra,abundancia_en_1_ml,Abundancia observada en 1 ml,individuos/mL,116.0,reportado,
5,Bosque,4,Bosque_4,Sergio Rojas Murillo,parametros_muestra,volumen_contado_abundancia_ml,Volumen contado para abundancia,mL,1.0,reportado,
5,Bosque,4,Bosque_4,Sergio Rojas Murillo,parametros_muestra,volumen_agregado_identificacion_ml,Volumen agregado para identificación,mL,1.0,reportado,
5,Bosque,4,Bosque_4,Sergio Rojas Murillo,parametros_muestra,total_individuos_identificados,Total de individuos identificados,individuos,205.0,reportado,
5,Bosque,4,Bosque_4,Sergio Rojas Murillo,parametros_muestra,abundancia_total_ninja,Abundancia total usada por NINJA,individuos/100 cm³ de suelo,1160.0,reportado,
5,Bosque,4,Bosque_4,Sergio Rojas Murillo,indices_ninja,mi,Índice de madurez (MI),índice,1.6,reportado,
5,Bosque,4,Bosque_4,Sergio Rojas Murillo,indices_ninja,mi2_5,Índice de madurez 2–5 (MI2-5),índice,2.17,reportado,
5,Bosque,4,Bosque_4,Sergio Rojas Murillo,indices_ninja,smi,Índice SMI,índice,2.63,reportado,
5,Bosque,4,Bosque_4,Sergio Rojas Murillo,indices_ninja,ppi,Índice de parásitos de plantas (PPI),índice,2.84,reportado,
5,Bosque,4,Bosque_4,Sergio Rojas Murillo,indices_ninja,ci,Índice de canal (CI),índice 0–100,8.11,reportado,
5,Bosque,4,Bosque_4,Sergio Rojas Murillo,indices_ninja,bi,Índice basal (BI),índice 0–100,16.62,reportado,
5,Bosque,4,Bosque_4,Sergio Rojas Murillo,indices_ninja,ei,Índice de enriquecimiento (EI),índice 0–100,82.22,reportado,
5,Bosque,4,Bosque_4,Sergio Rojas Murillo,indices_ninja,si,Índice de estructura (SI),índice 0–100,28.09,reportado,
5,Bosque,4,Bosque_4,Sergio Rojas Murillo,huellas_ninja,total_biomass_mg,Biomasa total,mg,0.42,reportado,
5,Bosque,4,Bosque_4,Sergio Rojas Murillo,huellas_ninja,cft,CFT (NINJA),unidad no indicada en la fuente,157.6,reportado,
5,Bosque,4,Bosque_4,Sergio Rojas Murillo,huellas_ninja,eft,EFT (NINJA),unidad no indicada en la fuente,19.03,reportado,
5,Bosque,4,Bosque_4,Sergio Rojas Murillo,huellas_ninja,sft,SFT (NINJA),unidad no indicada en la fuente,6.67,reportado,
5,Bosque,4,Bosque_4,Sergio Rojas Murillo,huellas_ninja,heft,HeFT (NINJA),unidad no indicada en la fuente,125.95,reportado,
5,Bosque,4,Bosque_4,Sergio Rojas Murillo,huellas_ninja,fuft,FuFT (NINJA),unidad no indicada en la fuente,2.53,reportado,
5,Bosque,4,Bosque_4,Sergio Rojas Murillo,huellas_ninja,baft,BaFT (NINJA),unidad no indicada en la fuente,22.67,reportado,
5,Bosque,4,Bosque_4,Sergio Rojas Murillo,huellas_ninja,prft,PrFT (NINJA),unidad no indicada en la fuente,0.0,reportado,
5,Bosque,4,Bosque_4,Sergio Rojas Murillo,huellas_ninja,unicellular_eucaryote_feeder_footprint,Huella de consumidores de eucariotas unicelulares,unidad no indicada en la fuente,0.0,reportado,
5,Bosque,4,Bosque_4,Sergio Rojas Murillo,huellas_ninja,omnivore_footprint,Huella de omnívoros,unidad no indicada en la fuente,6.44,reportado,
5,Bosque,4,Bosque_4,Sergio Rojas Murillo,huellas_ninja,total_number_ind,Número total de individuos (NINJA),individuos/100 cm³ de suelo,1160.0,reportado,
5,Bosque,4,Bosque_4,Sergio Rojas Murillo,porcentajes_ninja,herbivores_pct_of_total,Herbívoros del total,%,82.9,reportado,
5,Bosque,4,Bosque_4,Sergio Rojas Murillo,porcentajes_ninja,fungivores_pct_of_total,Fungívoros del total,%,2.9,reportado,
5,Bosque,4,Bosque_4,Sergio Rojas Murillo,porcentajes_ninja,fungivores_pct_of_free_living,Fungívoros de vida libre,%,17.1,reportado,
5,Bosque,4,Bosque_4,Sergio Rojas Murillo,porcentajes_ninja,bacterivores_pct_of_total,Bacterívoros del total,%,13.7,reportado,
5,Bosque,4,Bosque_4,Sergio Rojas Murillo,porcentajes_ninja,bacterivores_pct_of_free_living,Bacterívoros de vida libre,%,80.0,reportado,
5,Bosque,4,Bosque_4,Sergio Rojas Murillo,porcentajes_ninja,predators_pct_of_total,Depredadores del total,%,0.0,reportado,
5,Bosque,4,Bosque_4,Sergio Rojas Murillo,porcentajes_ninja,predators_pct_of_free_living,Depredadores de vida libre,%,0.0,reportado,
5,Bosque,4,Bosque_4,Sergio Rojas Murillo,porcentajes_ninja,unicellular_eucaryote_feeders_pct_of_total,Consumidores de eucariotas unicelulares del total,%,0.0,reportado,
5,Bosque,4,Bosque_4,Sergio Rojas Murillo,porcentajes_ninja,unicellular_eucaryote_feeders_pct_of_free_living,Consumidores de eucariotas unicelulares de vida libre,%,0.0,reportado,
5,Bosque,4,Bosque_4,Sergio Rojas Murillo,porcentajes_ninja,omnivores_pct_of_total,Omnívoros del total,%,0.5,reportado,
5,Bosque,4,Bosque_4,Sergio Rojas Murillo,porcentajes_ninja,omnivores_pct_of_free_living,Omnívoros de vida libre,%,2.9,reportado,
5,Bosque,4,Bosque_4,Sergio Rojas Murillo,porcentajes_ninja,sedentary_parasites_pct_of_herbivores,Parásitos sedentarios de los herbívoros,%,1.2,reportado,
5,Bosque,4,Bosque_4,Sergio Rojas Murillo,porcentajes_ninja,migratory_endoparasites_pct_of_herbivores,Endoparásitos migratorios de los herbívoros,%,0.0,reportado,
5,Bosque,4,Bosque_4,Sergio Rojas Murillo,porcentajes_ninja,semi_endoparasites_pct_of_herbivores,Semiendoparásitos de los herbívoros,%,18.2,reportado,
5,Bosque,4,Bosque_4,Sergio Rojas Murillo,porcentajes_ninja,ectoparasites_pct_of_herbivores,Ectoparásitos de los herbívoros,%,64.7,reportado,
5,Bosque,4,Bosque_4,Sergio Rojas Murillo,porcentajes_ninja,epidermal_root_hair_feeders_pct_of_herbivores,Consumidores de epidermis y pelos radicales de los herbívoros,%,15.9,reportado,
5,Bosque,4,Bosque_4,Sergio Rojas Murillo,porcentajes_ninja,algal_lichen_moss_feeders_pct_of_herbivores,"Consumidores de algas, líquenes y musgos de los herbívoros",%,0.0,reportado,
5,Bosque,4,Bosque_4,Sergio Rojas Murillo,porcentajes_ninja,cp_1_pct_of_free_living,c-p 1 de vida libre,%,48.6,reportado,
5,Bosque,4,Bosque_4,Sergio Rojas Murillo,porcentajes_ninja,cp_2_pct_of_free_living,c-p 2 de vida libre,%,45.7,reportado,
5,Bosque,4,Bosque_4,Sergio Rojas Murillo,porcentajes_ninja,cp_3_pct_of_free_living,c-p 3 de vida libre,%,2.9,reportado,
5,Bosque,4,Bosque_4,Sergio Rojas Murillo,porcentajes_ninja,cp_4_pct_of_free_living,c-p 4 de vida libre,%,2.9,reportado,
5,Bosque,4,Bosque_4,Sergio Rojas Murillo,porcentajes_ninja,cp_5_pct_of_free_living,c-p 5 de vida libre,%,0.0,reportado,
5,Bosque,4,Bosque_4,Sergio Rojas Murillo,porcentajes_ninja,pp_2_pct_of_herbivores,p-p 2 de los herbívoros,%,15.9,reportado,
5,Bosque,4,Bosque_4,Sergio Rojas Murillo,porcentajes_ninja,pp_3_pct_of_herbivores,p-p 3 de los herbívoros,%,84.1,reportado,
5,Bosque,4,Bosque_4,Sergio Rojas Murillo,porcentajes_ninja,pp_4_pct_of_herbivores,p-p 4 de los herbívoros,%,0.0,reportado,
5,Bosque,4,Bosque_4,Sergio Rojas Murillo,porcentajes_ninja,pp_5_pct_of_herbivores,p-p 5 de los herbívoros,%,0.0,reportado,
5,Bosque,4,Bosque_4,Sergio Rojas Murillo,taxones_abundancia,alaimus,Alaimus,individuos/100 cm³ de suelo,0.0,reportado,Bacterivores · c-p 4 · p-p 0 · masa 0.561 µg
5,Bosque,4,Bosque_4,Sergio Rojas Murillo,taxones_composicion,alaimus,Alaimus,% de la abundancia total,0.0,reportado,Bacterivores · c-p 4 · p-p 0 · masa 0.561 µg
5,Bosque,4,Bosque_4,Sergio Rojas Murillo,taxones_conteos,alaimus,Alaimus,individuos contados para identificación,0.0,reportado,Bacterivores · c-p 4 · p-p 0 · masa 0.561 µg
5,Bosque,4,Bosque_4,Sergio Rojas Murillo,taxones_abundancia,aglenchus,Aglenchus,individuos/100 cm³ de suelo,130.14634146341464,reportado,Herbivores - epidermal/root hair feeders · c-p 0 · p-p 2 · masa 0.082 µg
5,Bosque,4,Bosque_4,Sergio Rojas Murillo,taxones_composicion,aglenchus,Aglenchus,% de la abundancia total,11.219512195121952,reportado,Herbivores - epidermal/root hair feeders · c-p 0 · p-p 2 · masa 0.082 µg
5,Bosque,4,Bosque_4,Sergio Rojas Murillo,taxones_conteos,aglenchus,Aglenchus,individuos contados para identificación,23.0,reportado,Herbivores - epidermal/root hair feeders · c-p 0 · p-p 2 · masa 0.082 µg
5,Bosque,4,Bosque_4,Sergio Rojas Murillo,taxones_abundancia,aphelenchoides,Aphelenchoides,individuos/100 cm³ de suelo,22.634146341463413,reportado,Fungivores · c-p 2 · p-p 0 · masa 0.151 µg
5,Bosque,4,Bosque_4,Sergio Rojas Murillo,taxones_composicion,aphelenchoides,Aphelenchoides,% de la abundancia total,1.951219512195122,reportado,Fungivores · c-p 2 · p-p 0 · masa 0.151 µg
5,Bosque,4,Bosque_4,Sergio Rojas Murillo,taxones_conteos,aphelenchoides,Aphelenchoides,individuos contados para identificación,4.0,reportado,Fungivores · c-p 2 · p-p 0 · masa 0.151 µg
5,Bosque,4,Bosque_4,Sergio Rojas Murillo,taxones_abundancia,aporcelaimellus,Aporcelaimellus,individuos/100 cm³ de suelo,0.0,reportado,Omnivores · c-p 5 · p-p 0 · masa 9.048 µg
5,Bosque,4,Bosque_4,Sergio Rojas Murillo,taxones_composicion,aporcelaimellus,Aporcelaimellus,% de la abundancia total,0.0,reportado,Omnivores · c-p 5 · p-p 0 · masa 9.048 µg
5,Bosque,4,Bosque_4,Sergio Rojas Murillo,taxones_conteos,aporcelaimellus,Aporcelaimellus,individuos contados para identificación,0.0,reportado,Omnivores · c-p 5 · p-p 0 · masa 9.048 µg
5,Bosque,4,Bosque_4,Sergio Rojas Murillo,taxones_abundancia,aphelenchus,Aphelenchus,individuos/100 cm³ de suelo,5.658536585365853,reportado,Fungivores · c-p 2 · p-p 0 · masa 0.218 µg
5,Bosque,4,Bosque_4,Sergio Rojas Murillo,taxones_composicion,aphelenchus,Aphelenchus,% de la abundancia total,0.4878048780487805,reportado,Fungivores · c-p 2 · p-p 0 · masa 0.218 µg
5,Bosque,4,Bosque_4,Sergio Rojas Murillo,taxones_conteos,aphelenchus,Aphelenchus,individuos contados para identificación,1.0,reportado,Fungivores · c-p 2 · p-p 0 · masa 0.218 µg
5,Bosque,4,Bosque_4,Sergio Rojas Murillo,taxones_abundancia,cribronema,Cribronema,individuos/100 cm³ de suelo,0.0,reportado,Bacterivores · c-p 2 · p-p 0 · masa 0.039 µg
5,Bosque,4,Bosque_4,Sergio Rojas Murillo,taxones_composicion,cribronema,Cribronema,% de la abundancia total,0.0,reportado,Bacterivores · c-p 2 · p-p 0 · masa 0.039 µg
5,Bosque,4,Bosque_4,Sergio Rojas Murillo,taxones_conteos,cribronema,Cribronema,individuos contados para identificación,0.0,reportado,Bacterivores · c-p 2 · p-p 0 · masa 0.039 µg
5,Bosque,4,Bosque_4,Sergio Rojas Murillo,taxones_abundancia,criconematidae,Criconematidae,individuos/100 cm³ de suelo,0.0,reportado,Herbivores - ectoparasites · c-p 0 · p-p 3 · masa 0.567 µg
5,Bosque,4,Bosque_4,Sergio Rojas Murillo,taxones_composicion,criconematidae,Criconematidae,% de la abundancia total,0.0,reportado,Herbivores - ectoparasites · c-p 0 · p-p 3 · masa 0.567 µg
5,Bosque,4,Bosque_4,Sergio Rojas Murillo,taxones_conteos,criconematidae,Criconematidae,individuos contados para identificación,0.0,reportado,Herbivores - ectoparasites · c-p 0 · p-p 3 · masa 0.567 µg
5,Bosque,4,Bosque_4,Sergio Rojas Murillo,taxones_abundancia,chronogaster,Chronogaster,individuos/100 cm³ de suelo,0.0,reportado,Bacterivores · c-p 3 · p-p 0 · masa 0.335 µg
5,Bosque,4,Bosque_4,Sergio Rojas Murillo,taxones_composicion,chronogaster,Chronogaster,% de la abundancia total,0.0,reportado,Bacterivores · c-p 3 · p-p 0 · masa 0.335 µg
5,Bosque,4,Bosque_4,Sergio Rojas Murillo,taxones_conteos,chronogaster,Chronogaster,individuos contados para identificación,0.0,reportado,Bacterivores · c-p 3 · p-p 0 · masa 0.335 µg
5,Bosque,4,Bosque_4,Sergio Rojas Murillo,taxones_abundancia,cephalobus,Cephalobus,individuos/100 cm³ de suelo,11.317073170731707,reportado,Bacterivores · c-p 2 · p-p 0 · masa 0.266 µg
5,Bosque,4,Bosque_4,Sergio Rojas Murillo,taxones_composicion,cephalobus,Cephalobus,% de la abundancia total,0.975609756097561,reportado,Bacterivores · c-p 2 · p-p 0 · masa 0.266 µg
5,Bosque,4,Bosque_4,Sergio Rojas Murillo,taxones_conteos,cephalobus,Cephalobus,individuos contados para identificación,2.0,reportado,Bacterivores · c-p 2 · p-p 0 · masa 0.266 µg
5,Bosque,4,Bosque_4,Sergio Rojas Murillo,taxones_abundancia,clarkus,Clarkus,individuos/100 cm³ de suelo,0.0,reportado,Predators · c-p 4 · p-p 0 · masa 3.897 µg
5,Bosque,4,Bosque_4,Sergio Rojas Murillo,taxones_composicion,clarkus,Clarkus,% de la abundancia total,0.0,reportado,Predators · c-p 4 · p-p 0 · masa 3.897 µg
5,Bosque,4,Bosque_4,Sergio Rojas Murillo,taxones_conteos,clarkus,Clarkus,individuos contados para identificación,0.0,reportado,Predators · c-p 4 · p-p 0 · masa 3.897 µg
5,Bosque,4,Bosque_4,Sergio Rojas Murillo,taxones_abundancia,diplogaster,Diplogaster,individuos/100 cm³ de suelo,0.0,reportado,Bacterivores · c-p 1 · p-p 0 · masa 1.886 µg
5,Bosque,4,Bosque_4,Sergio Rojas Murillo,taxones_composicion,diplogaster,Diplogaster,% de la abundancia total,0.0,reportado,Bacterivores · c-p 1 · p-p 0 · masa 1.886 µg
5,Bosque,4,Bosque_4,Sergio Rojas Murillo,taxones_conteos,diplogaster,Diplogaster,individuos contados para identificación,0.0,reportado,Bacterivores · c-p 1 · p-p 0 · masa 1.886 µg
5,Bosque,4,Bosque_4,Sergio Rojas Murillo,taxones_abundancia,diphtherophora,Diphtherophora,individuos/100 cm³ de suelo,0.0,reportado,Fungivores · c-p 3 · p-p 0 · masa 0.504 µg
5,Bosque,4,Bosque_4,Sergio Rojas Murillo,taxones_composicion,diphtherophora,Diphtherophora,% de la abundancia total,0.0,reportado,Fungivores · c-p 3 · p-p 0 · masa 0.504 µg
5,Bosque,4,Bosque_4,Sergio Rojas Murillo,taxones_conteos,diphtherophora,Diphtherophora,individuos contados para identificación,0.0,reportado,Fungivores · c-p 3 · p-p 0 · masa 0.504 µg
5,Bosque,4,Bosque_4,Sergio Rojas Murillo,taxones_abundancia,discocriconemella,Discocriconemella,individuos/100 cm³ de suelo,452.68292682926835,reportado,Herbivores - ectoparasites · c-p 0 · p-p 3 · masa 0.338 µg
5,Bosque,4,Bosque_4,Sergio Rojas Murillo,taxones_composicion,discocriconemella,Discocriconemella,% de la abundancia total,39.024390243902445,reportado,Herbivores - ectoparasites · c-p 0 · p-p 3 · masa 0.338 µg
5,Bosque,4,Bosque_4,Sergio Rojas Murillo,taxones_conteos,discocriconemella,Discocriconemella,individuos contados para identificación,80.0,reportado,Herbivores - ectoparasites · c-p 0 · p-p 3 · masa 0.338 µg
5,Bosque,4,Bosque_4,Sergio Rojas Murillo,taxones_abundancia,eucephalobus,Eucephalobus,individuos/100 cm³ de suelo,33.951219512195124,reportado,Bacterivores · c-p 2 · p-p 0 · masa 0.236 µg
5,Bosque,4,Bosque_4,Sergio Rojas Murillo,taxones_composicion,eucephalobus,Eucephalobus,% de la abundancia total,2.9268292682926833,reportado,Bacterivores · c-p 2 · p-p 0 · masa 0.236 µg
5,Bosque,4,Bosque_4,Sergio Rojas Murillo,taxones_conteos,eucephalobus,Eucephalobus,individuos contados para identificación,6.0,reportado,Bacterivores · c-p 2 · p-p 0 · masa 0.236 µg
5,Bosque,4,Bosque_4,Sergio Rojas Murillo,taxones_abundancia,ecphyadophora,Ecphyadophora,individuos/100 cm³ de suelo,0.0,reportado,Herbivores - epidermal/root hair feeders · c-p 0 · p-p 2 · masa 0.02 µg
5,Bosque,4,Bosque_4,Sergio Rojas Murillo,taxones_composicion,ecphyadophora,Ecphyadophora,% de la abundancia total,0.0,reportado,Herbivores - epidermal/root hair feeders · c-p 0 · p-p 2 · masa 0.02 µg
5,Bosque,4,Bosque_4,Sergio Rojas Murillo,taxones_conteos,ecphyadophora,Ecphyadophora,individuos contados para identificación,0.0,reportado,Herbivores - epidermal/root hair feeders · c-p 0 · p-p 2 · masa 0.02 µg
5,Bosque,4,Bosque_4,Sergio Rojas Murillo,taxones_abundancia,filenchus,Filenchus,individuos/100 cm³ de suelo,5.658536585365853,reportado,Fungivores · c-p 2 · p-p 0 · masa 0.099 µg
5,Bosque,4,Bosque_4,Sergio Rojas Murillo,taxones_composicion,filenchus,Filenchus,% de la abundancia total,0.4878048780487805,reportado,Fungivores · c-p 2 · p-p 0 · masa 0.099 µg
5,Bosque,4,Bosque_4,Sergio Rojas Murillo,taxones_conteos,filenchus,Filenchus,individuos contados para identificación,1.0,reportado,Fungivores · c-p 2 · p-p 0 · masa 0.099 µg
5,Bosque,4,Bosque_4,Sergio Rojas Murillo,taxones_abundancia,helicotylenchus,Helicotylenchus,individuos/100 cm³ de suelo,175.41463414634143,reportado,Herbivores - semi-endoparasites · c-p 0 · p-p 3 · masa 0.294 µg
5,Bosque,4,Bosque_4,Sergio Rojas Murillo,taxones_composicion,helicotylenchus,Helicotylenchus,% de la abundancia total,15.121951219512193,reportado,Herbivores - semi-endoparasites · c-p 0 · p-p 3 · masa 0.294 µg
5,Bosque,4,Bosque_4,Sergio Rojas Murillo,taxones_conteos,helicotylenchus,Helicotylenchus,individuos contados para identificación,31.0,reportado,Herbivores - semi-endoparasites · c-p 0 · p-p 3 · masa 0.294 µg
5,Bosque,4,Bosque_4,Sergio Rojas Murillo,taxones_abundancia,ironus,Ironus,individuos/100 cm³ de suelo,0.0,reportado,Predators · c-p 4 · p-p 0 · masa 4.188 µg
5,Bosque,4,Bosque_4,Sergio Rojas Murillo,taxones_composicion,ironus,Ironus,% de la abundancia total,0.0,reportado,Predators · c-p 4 · p-p 0 · masa 4.188 µg
5,Bosque,4,Bosque_4,Sergio Rojas Murillo,taxones_conteos,ironus,Ironus,individuos contados para identificación,0.0,reportado,Predators · c-p 4 · p-p 0 · masa 4.188 µg
5,Bosque,4,Bosque_4,Sergio Rojas Murillo,taxones_abundancia,meloidogyne,Meloidogyne,individuos/100 cm³ de suelo,0.0,reportado,Herbivores - sedentary parasites · c-p 0 · p-p 3 · masa 86.985 µg
5,Bosque,4,Bosque_4,Sergio Rojas Murillo,taxones_composicion,meloidogyne,Meloidogyne,% de la abundancia total,0.0,reportado,Herbivores - sedentary parasites · c-p 0 · p-p 3 · masa 86.985 µg
5,Bosque,4,Bosque_4,Sergio Rojas Murillo,taxones_conteos,meloidogyne,Meloidogyne,individuos contados para identificación,0.0,reportado,Herbivores - sedentary parasites · c-p 0 · p-p 3 · masa 86.985 µg
5,Bosque,4,Bosque_4,Sergio Rojas Murillo,taxones_abundancia,metateratocephalus,Metateratocephalus,individuos/100 cm³ de suelo,5.658536585365853,reportado,Bacterivores · c-p 3 · p-p 0 · masa 0.073 µg
5,Bosque,4,Bosque_4,Sergio Rojas Murillo,taxones_composicion,metateratocephalus,Metateratocephalus,% de la abundancia total,0.4878048780487805,reportado,Bacterivores · c-p 3 · p-p 0 · masa 0.073 µg
5,Bosque,4,Bosque_4,Sergio Rojas Murillo,taxones_conteos,metateratocephalus,Metateratocephalus,individuos contados para identificación,1.0,reportado,Bacterivores · c-p 3 · p-p 0 · masa 0.073 µg
5,Bosque,4,Bosque_4,Sergio Rojas Murillo,taxones_abundancia,mesorhabditis,Mesorhabditis,individuos/100 cm³ de suelo,39.60975609756098,reportado,Bacterivores · c-p 1 · p-p 0 · masa 0.568 µg
5,Bosque,4,Bosque_4,Sergio Rojas Murillo,taxones_composicion,mesorhabditis,Mesorhabditis,% de la abundancia total,3.414634146341464,reportado,Bacterivores · c-p 1 · p-p 0 · masa 0.568 µg
5,Bosque,4,Bosque_4,Sergio Rojas Murillo,taxones_conteos,mesorhabditis,Mesorhabditis,individuos contados para identificación,7.0,reportado,Bacterivores · c-p 1 · p-p 0 · masa 0.568 µg
5,Bosque,4,Bosque_4,Sergio Rojas Murillo,taxones_abundancia,mesodorylaimus,Mesodorylaimus,individuos/100 cm³ de suelo,0.0,reportado,Omnivores · c-p 4 · p-p 0 · masa 1.277 µg
5,Bosque,4,Bosque_4,Sergio Rojas Murillo,taxones_composicion,mesodorylaimus,Mesodorylaimus,% de la abundancia total,0.0,reportado,Omnivores · c-p 4 · p-p 0 · masa 1.277 µg
5,Bosque,4,Bosque_4,Sergio Rojas Murillo,taxones_conteos,mesodorylaimus,Mesodorylaimus,individuos contados para identificación,0.0,reportado,Omnivores · c-p 4 · p-p 0 · masa 1.277 µg
5,Bosque,4,Bosque_4,Sergio Rojas Murillo,taxones_abundancia,mesocriconema,Mesocriconema,individuos/100 cm³ de suelo,169.75609756097558,reportado,Herbivores - ectoparasites · c-p 0 · p-p 3 · masa 0.504 µg
5,Bosque,4,Bosque_4,Sergio Rojas Murillo,taxones_composicion,mesocriconema,Mesocriconema,% de la abundancia total,14.634146341463412,reportado,Herbivores - ectoparasites · c-p 0 · p-p 3 · masa 0.504 µg
5,Bosque,4,Bosque_4,Sergio Rojas Murillo,taxones_conteos,mesocriconema,Mesocriconema,individuos contados para identificación,30.0,reportado,Herbivores - ectoparasites · c-p 0 · p-p 3 · masa 0.504 µg
5,Bosque,4,Bosque_4,Sergio Rojas Murillo,taxones_abundancia,protorhabditis,Protorhabditis,individuos/100 cm³ de suelo,56.585365853658544,reportado,Bacterivores · c-p 1 · p-p 0 · masa 0.264 µg
5,Bosque,4,Bosque_4,Sergio Rojas Murillo,taxones_composicion,protorhabditis,Protorhabditis,% de la abundancia total,4.878048780487806,reportado,Bacterivores · c-p 1 · p-p 0 · masa 0.264 µg
5,Bosque,4,Bosque_4,Sergio Rojas Murillo,taxones_conteos,protorhabditis,Protorhabditis,individuos contados para identificación,10.0,reportado,Bacterivores · c-p 1 · p-p 0 · masa 0.264 µg
5,Bosque,4,Bosque_4,Sergio Rojas Murillo,taxones_abundancia,pseudacrobeles,Pseudacrobeles,individuos/100 cm³ de suelo,11.317073170731707,reportado,Bacterivores · c-p 2 · p-p 0 · masa 0.217 µg
5,Bosque,4,Bosque_4,Sergio Rojas Murillo,taxones_composicion,pseudacrobeles,Pseudacrobeles,% de la abundancia total,0.975609756097561,reportado,Bacterivores · c-p 2 · p-p 0 · masa 0.217 µg
5,Bosque,4,Bosque_4,Sergio Rojas Murillo,taxones_conteos,pseudacrobeles,Pseudacrobeles,individuos contados para identificación,2.0,reportado,Bacterivores · c-p 2 · p-p 0 · masa 0.217 µg
5,Bosque,4,Bosque_4,Sergio Rojas Murillo,taxones_abundancia,plectus,Plectus,individuos/100 cm³ de suelo,0.0,reportado,Bacterivores · c-p 2 · p-p 0 · masa 0.858 µg
5,Bosque,4,Bosque_4,Sergio Rojas Murillo,taxones_composicion,plectus,Plectus,% de la abundancia total,0.0,reportado,Bacterivores · c-p 2 · p-p 0 · masa 0.858 µg
5,Bosque,4,Bosque_4,Sergio Rojas Murillo,taxones_conteos,plectus,Plectus,individuos contados para identificación,0.0,reportado,Bacterivores · c-p 2 · p-p 0 · masa 0.858 µg
5,Bosque,4,Bosque_4,Sergio Rojas Murillo,taxones_abundancia,pratylenchus,Pratylenchus,individuos/100 cm³ de suelo,0.0,reportado,Herbivores - migratory endoparasites · c-p 0 · p-p 3 · masa 0.144 µg
5,Bosque,4,Bosque_4,Sergio Rojas Murillo,taxones_composicion,pratylenchus,Pratylenchus,% de la abundancia total,0.0,reportado,Herbivores - migratory endoparasites · c-p 0 · p-p 3 · masa 0.144 µg
5,Bosque,4,Bosque_4,Sergio Rojas Murillo,taxones_conteos,pratylenchus,Pratylenchus,individuos contados para identificación,0.0,reportado,Herbivores - migratory endoparasites · c-p 0 · p-p 3 · masa 0.144 µg
5,Bosque,4,Bosque_4,Sergio Rojas Murillo,taxones_abundancia,prodorylaimus,Prodorylaimus,individuos/100 cm³ de suelo,5.658536585365853,reportado,Omnivores · c-p 4 · p-p 0 · masa 5.631 µg
5,Bosque,4,Bosque_4,Sergio Rojas Murillo,taxones_composicion,prodorylaimus,Prodorylaimus,% de la abundancia total,0.4878048780487805,reportado,Omnivores · c-p 4 · p-p 0 · masa 5.631 µg
5,Bosque,4,Bosque_4,Sergio Rojas Murillo,taxones_conteos,prodorylaimus,Prodorylaimus,individuos contados para identificación,1.0,reportado,Omnivores · c-p 4 · p-p 0 · masa 5.631 µg
5,Bosque,4,Bosque_4,Sergio Rojas Murillo,taxones_abundancia,rhabditis,Rhabditis,individuos/100 cm³ de suelo,0.0,reportado,Bacterivores · c-p 1 · p-p 0 · masa 7.5 µg
5,Bosque,4,Bosque_4,Sergio Rojas Murillo,taxones_composicion,rhabditis,Rhabditis,% de la abundancia total,0.0,reportado,Bacterivores · c-p 1 · p-p 0 · masa 7.5 µg
5,Bosque,4,Bosque_4,Sergio Rojas Murillo,taxones_conteos,rhabditis,Rhabditis,individuos contados para identificación,0.0,reportado,Bacterivores · c-p 1 · p-p 0 · masa 7.5 µg
5,Bosque,4,Bosque_4,Sergio Rojas Murillo,taxones_abundancia,rotylenchulus,Rotylenchulus,individuos/100 cm³ de suelo,11.317073170731707,reportado,Herbivores - sedentary parasites · c-p 0 · p-p 3 · masa 1.77 µg
5,Bosque,4,Bosque_4,Sergio Rojas Murillo,taxones_composicion,rotylenchulus,Rotylenchulus,% de la abundancia total,0.975609756097561,reportado,Herbivores - sedentary parasites · c-p 0 · p-p 3 · masa 1.77 µg
5,Bosque,4,Bosque_4,Sergio Rojas Murillo,taxones_conteos,rotylenchulus,Rotylenchulus,individuos contados para identificación,2.0,reportado,Herbivores - sedentary parasites · c-p 0 · p-p 3 · masa 1.77 µg
5,Bosque,4,Bosque_4,Sergio Rojas Murillo,taxones_abundancia,stegelletina,Stegelletina,individuos/100 cm³ de suelo,0.0,reportado,Bacterivores · c-p 2 · p-p 0 · masa 0.073 µg
5,Bosque,4,Bosque_4,Sergio Rojas Murillo,taxones_composicion,stegelletina,Stegelletina,% de la abundancia total,0.0,reportado,Bacterivores · c-p 2 · p-p 0 · masa 0.073 µg
5,Bosque,4,Bosque_4,Sergio Rojas Murillo,taxones_conteos,stegelletina,Stegelletina,individuos contados para identificación,0.0,reportado,Bacterivores · c-p 2 · p-p 0 · masa 0.073 µg
5,Bosque,4,Bosque_4,Sergio Rojas Murillo,taxones_abundancia,teratocephalus,Teratocephalus,individuos/100 cm³ de suelo,0.0,reportado,Bacterivores · c-p 3 · p-p 0 · masa 0.084 µg
5,Bosque,4,Bosque_4,Sergio Rojas Murillo,taxones_composicion,teratocephalus,Teratocephalus,% de la abundancia total,0.0,reportado,Bacterivores · c-p 3 · p-p 0 · masa 0.084 µg
5,Bosque,4,Bosque_4,Sergio Rojas Murillo,taxones_conteos,teratocephalus,Teratocephalus,individuos contados para identificación,0.0,reportado,Bacterivores · c-p 3 · p-p 0 · masa 0.084 µg
5,Bosque,4,Bosque_4,Sergio Rojas Murillo,taxones_abundancia,trophurus,Trophurus,individuos/100 cm³ de suelo,0.0,reportado,Herbivores - ectoparasites · c-p 0 · p-p 3 · masa 0.278 µg
5,Bosque,4,Bosque_4,Sergio Rojas Murillo,taxones_composicion,trophurus,Trophurus,% de la abundancia total,0.0,reportado,Herbivores - ectoparasites · c-p 0 · p-p 3 · masa 0.278 µg
5,Bosque,4,Bosque_4,Sergio Rojas Murillo,taxones_conteos,trophurus,Trophurus,individuos contados para identificación,0.0,reportado,Herbivores - ectoparasites · c-p 0 · p-p 3 · masa 0.278 µg
5,Bosque,4,Bosque_4,Sergio Rojas Murillo,taxones_abundancia,tylenchus,Tylenchus,individuos/100 cm³ de suelo,22.634146341463413,reportado,Herbivores - epidermal/root hair feeders · c-p 0 · p-p 2 · masa 0.36 µg
5,Bosque,4,Bosque_4,Sergio Rojas Murillo,taxones_composicion,tylenchus,Tylenchus,% de la abundancia total,1.951219512195122,reportado,Herbivores - epidermal/root hair feeders · c-p 0 · p-p 2 · masa 0.36 µg
5,Bosque,4,Bosque_4,Sergio Rojas Murillo,taxones_conteos,tylenchus,Tylenchus,individuos contados para identificación,4.0,reportado,Herbivores - epidermal/root hair feeders · c-p 0 · p-p 2 · masa 0.36 µg
5,Bosque,4,Bosque_4,Sergio Rojas Murillo,taxones_abundancia,xiphinema,Xiphinema,individuos/100 cm³ de suelo,0.0,reportado,Herbivores - ectoparasites · c-p 0 · p-p 5 · masa 5.395 µg
5,Bosque,4,Bosque_4,Sergio Rojas Murillo,taxones_composicion,xiphinema,Xiphinema,% de la abundancia total,0.0,reportado,Herbivores - ectoparasites · c-p 0 · p-p 5 · masa 5.395 µg
5,Bosque,4,Bosque_4,Sergio Rojas Murillo,taxones_conteos,xiphinema,Xiphinema,individuos contados para identificación,0.0,reportado,Herbivores - ectoparasites · c-p 0 · p-p 5 · masa 5.395 µg
5,Bosque,4,Bosque_4,Sergio Rojas Murillo,grupos_abundancia,herbivoros,Herbívoros,individuos/100 cm³ de suelo,961.9512195121952,reportado,
5,Bosque,4,Bosque_4,Sergio Rojas Murillo,grupos_composicion,herbivoros,Herbívoros,% de la abundancia total,82.92682926829269,reportado,
5,Bosque,4,Bosque_4,Sergio Rojas Murillo,grupos_abundancia,fungivoros,Fungívoros,individuos/100 cm³ de suelo,33.95121951219512,reportado,
5,Bosque,4,Bosque_4,Sergio Rojas Murillo,grupos_composicion,fungivoros,Fungívoros,% de la abundancia total,2.9268292682926824,reportado,
5,Bosque,4,Bosque_4,Sergio Rojas Murillo,grupos_abundancia,bacterivoros,Bacterívoros,individuos/100 cm³ de suelo,158.4390243902439,reportado,
5,Bosque,4,Bosque_4,Sergio Rojas Murillo,grupos_composicion,bacterivoros,Bacterívoros,% de la abundancia total,13.658536585365855,reportado,
5,Bosque,4,Bosque_4,Sergio Rojas Murillo,grupos_abundancia,depredadores,Depredadores,individuos/100 cm³ de suelo,0.0,reportado,
5,Bosque,4,Bosque_4,Sergio Rojas Murillo,grupos_composicion,depredadores,Depredadores,% de la abundancia total,0.0,reportado,
5,Bosque,4,Bosque_4,Sergio Rojas Murillo,grupos_abundancia,omnivoros,Omnívoros,individuos/100 cm³ de suelo,5.658536585365853,reportado,
5,Bosque,4,Bosque_4,Sergio Rojas Murillo,grupos_composicion,omnivoros,Omnívoros,% de la abundancia total,0.4878048780487805,reportado,
5,Pina,5,Pina_5,Sergio Rojas Murillo,indicadores,abundancia_total,Abundancia total,individuos/100 cm³ de suelo,2200.0,reportado,
5,Pina,5,Pina_5,Sergio Rojas Murillo,indicadores,riqueza_taxones,Riqueza observada,taxones con abundancia mayor que cero,13.0,reportado,
5,Pina,5,Pina_5,Sergio Rojas Murillo,parametros_muestra,abundancia_en_1_ml,Abundancia observada en 1 ml,individuos/mL,220.0,reportado,
5,Pina,5,Pina_5,Sergio Rojas Murillo,parametros_muestra,volumen_contado_abundancia_ml,Volumen contado para abundancia,mL,1.0,reportado,
5,Pina,5,Pina_5,Sergio Rojas Murillo,parametros_muestra,volumen_agregado_identificacion_ml,Volumen agregado para identificación,mL,1.0,reportado,
5,Pina,5,Pina_5,Sergio Rojas Murillo,parametros_muestra,total_individuos_identificados,Total de individuos identificados,individuos,203.0,reportado,
5,Pina,5,Pina_5,Sergio Rojas Murillo,parametros_muestra,abundancia_total_ninja,Abundancia total usada por NINJA,individuos/100 cm³ de suelo,2200.0,reportado,
5,Pina,5,Pina_5,Sergio Rojas Murillo,indices_ninja,mi,Índice de madurez (MI),índice,1.4,reportado,
5,Pina,5,Pina_5,Sergio Rojas Murillo,indices_ninja,mi2_5,Índice de madurez 2–5 (MI2-5),índice,2.12,reportado,
5,Pina,5,Pina_5,Sergio Rojas Murillo,indices_ninja,smi,Índice SMI,índice,2.25,reportado,
5,Pina,5,Pina_5,Sergio Rojas Murillo,indices_ninja,ppi,Índice de parásitos de plantas (PPI),índice,2.91,reportado,
5,Pina,5,Pina_5,Sergio Rojas Murillo,indices_ninja,ci,Índice de canal (CI),índice 0–100,2.56,reportado,
5,Pina,5,Pina_5,Sergio Rojas Murillo,indices_ninja,bi,Índice basal (BI),índice 0–100,10.68,reportado,
5,Pina,5,Pina_5,Sergio Rojas Murillo,indices_ninja,ei,Índice de enriquecimiento (EI),índice 0–100,88.97,reportado,
5,Pina,5,Pina_5,Sergio Rojas Murillo,indices_ninja,si,Índice de estructura (SI),índice 0–100,22.67,reportado,
5,Pina,5,Pina_5,Sergio Rojas Murillo,huellas_ninja,total_biomass_mg,Biomasa total,mg,0.98,reportado,
5,Pina,5,Pina_5,Sergio Rojas Murillo,huellas_ninja,cft,CFT (NINJA),unidad no indicada en la fuente,373.02,reportado,
5,Pina,5,Pina_5,Sergio Rojas Murillo,huellas_ninja,eft,EFT (NINJA),unidad no indicada en la fuente,140.41,reportado,
5,Pina,5,Pina_5,Sergio Rojas Murillo,huellas_ninja,sft,SFT (NINJA),unidad no indicada en la fuente,4.89,reportado,
5,Pina,5,Pina_5,Sergio Rojas Murillo,huellas_ninja,heft,HeFT (NINJA),unidad no indicada en la fuente,156.38,reportado,
5,Pina,5,Pina_5,Sergio Rojas Murillo,huellas_ninja,fuft,FuFT (NINJA),unidad no indicada en la fuente,5.63,reportado,
5,Pina,5,Pina_5,Sergio Rojas Murillo,huellas_ninja,baft,BaFT (NINJA),unidad no indicada en la fuente,207.12,reportado,
5,Pina,5,Pina_5,Sergio Rojas Murillo,huellas_ninja,prft,PrFT (NINJA),unidad no indicada en la fuente,0.0,reportado,
5,Pina,5,Pina_5,Sergio Rojas Murillo,huellas_ninja,unicellular_eucaryote_feeder_footprint,Huella de consumidores de eucariotas unicelulares,unidad no indicada en la fuente,0.0,reportado,
5,Pina,5,Pina_5,Sergio Rojas Murillo,huellas_ninja,omnivore_footprint,Huella de omnívoros,unidad no indicada en la fuente,3.9,reportado,
5,Pina,5,Pina_5,Sergio Rojas Murillo,huellas_ninja,total_number_ind,Número total de individuos (NINJA),individuos/100 cm³ de suelo,2200.0,reportado,
5,Pina,5,Pina_5,Sergio Rojas Murillo,porcentajes_ninja,herbivores_pct_of_total,Herbívoros del total,%,56.2,reportado,
5,Pina,5,Pina_5,Sergio Rojas Murillo,porcentajes_ninja,fungivores_pct_of_total,Fungívoros del total,%,3.0,reportado,
5,Pina,5,Pina_5,Sergio Rojas Murillo,porcentajes_ninja,fungivores_pct_of_free_living,Fungívoros de vida libre,%,6.7,reportado,
5,Pina,5,Pina_5,Sergio Rojas Murillo,porcentajes_ninja,bacterivores_pct_of_total,Bacterívoros del total,%,40.4,reportado,
5,Pina,5,Pina_5,Sergio Rojas Murillo,porcentajes_ninja,bacterivores_pct_of_free_living,Bacterívoros de vida libre,%,92.1,reportado,
5,Pina,5,Pina_5,Sergio Rojas Murillo,porcentajes_ninja,predators_pct_of_total,Depredadores del total,%,0.0,reportado,
5,Pina,5,Pina_5,Sergio Rojas Murillo,porcentajes_ninja,predators_pct_of_free_living,Depredadores de vida libre,%,0.0,reportado,
5,Pina,5,Pina_5,Sergio Rojas Murillo,porcentajes_ninja,unicellular_eucaryote_feeders_pct_of_total,Consumidores de eucariotas unicelulares del total,%,0.0,reportado,
5,Pina,5,Pina_5,Sergio Rojas Murillo,porcentajes_ninja,unicellular_eucaryote_feeders_pct_of_free_living,Consumidores de eucariotas unicelulares de vida libre,%,0.0,reportado,
5,Pina,5,Pina_5,Sergio Rojas Murillo,porcentajes_ninja,omnivores_pct_of_total,Omnívoros del total,%,0.5,reportado,
5,Pina,5,Pina_5,Sergio Rojas Murillo,porcentajes_ninja,omnivores_pct_of_free_living,Omnívoros de vida libre,%,1.1,reportado,
5,Pina,5,Pina_5,Sergio Rojas Murillo,porcentajes_ninja,sedentary_parasites_pct_of_herbivores,Parásitos sedentarios de los herbívoros,%,0.0,reportado,
5,Pina,5,Pina_5,Sergio Rojas Murillo,porcentajes_ninja,migratory_endoparasites_pct_of_herbivores,Endoparásitos migratorios de los herbívoros,%,0.0,reportado,
5,Pina,5,Pina_5,Sergio Rojas Murillo,porcentajes_ninja,semi_endoparasites_pct_of_herbivores,Semiendoparásitos de los herbívoros,%,86.8,reportado,
5,Pina,5,Pina_5,Sergio Rojas Murillo,porcentajes_ninja,ectoparasites_pct_of_herbivores,Ectoparásitos de los herbívoros,%,2.6,reportado,
5,Pina,5,Pina_5,Sergio Rojas Murillo,porcentajes_ninja,epidermal_root_hair_feeders_pct_of_herbivores,Consumidores de epidermis y pelos radicales de los herbívoros,%,10.5,reportado,
5,Pina,5,Pina_5,Sergio Rojas Murillo,porcentajes_ninja,algal_lichen_moss_feeders_pct_of_herbivores,"Consumidores de algas, líquenes y musgos de los herbívoros",%,0.0,reportado,
5,Pina,5,Pina_5,Sergio Rojas Murillo,porcentajes_ninja,cp_1_pct_of_free_living,c-p 1 de vida libre,%,64.0,reportado,
5,Pina,5,Pina_5,Sergio Rojas Murillo,porcentajes_ninja,cp_2_pct_of_free_living,c-p 2 de vida libre,%,32.6,reportado,
5,Pina,5,Pina_5,Sergio Rojas Murillo,porcentajes_ninja,cp_3_pct_of_free_living,c-p 3 de vida libre,%,2.2,reportado,
5,Pina,5,Pina_5,Sergio Rojas Murillo,porcentajes_ninja,cp_4_pct_of_free_living,c-p 4 de vida libre,%,1.1,reportado,
5,Pina,5,Pina_5,Sergio Rojas Murillo,porcentajes_ninja,cp_5_pct_of_free_living,c-p 5 de vida libre,%,0.0,reportado,
5,Pina,5,Pina_5,Sergio Rojas Murillo,porcentajes_ninja,pp_2_pct_of_herbivores,p-p 2 de los herbívoros,%,10.5,reportado,
5,Pina,5,Pina_5,Sergio Rojas Murillo,porcentajes_ninja,pp_3_pct_of_herbivores,p-p 3 de los herbívoros,%,88.6,reportado,
5,Pina,5,Pina_5,Sergio Rojas Murillo,porcentajes_ninja,pp_4_pct_of_herbivores,p-p 4 de los herbívoros,%,0.0,reportado,
5,Pina,5,Pina_5,Sergio Rojas Murillo,porcentajes_ninja,pp_5_pct_of_herbivores,p-p 5 de los herbívoros,%,0.9,reportado,
5,Pina,5,Pina_5,Sergio Rojas Murillo,taxones_abundancia,alaimus,Alaimus,individuos/100 cm³ de suelo,0.0,reportado,Bacterivores · c-p 4 · p-p 0 · masa 0.561 µg
5,Pina,5,Pina_5,Sergio Rojas Murillo,taxones_composicion,alaimus,Alaimus,% de la abundancia total,0.0,reportado,Bacterivores · c-p 4 · p-p 0 · masa 0.561 µg
5,Pina,5,Pina_5,Sergio Rojas Murillo,taxones_conteos,alaimus,Alaimus,individuos contados para identificación,0.0,reportado,Bacterivores · c-p 4 · p-p 0 · masa 0.561 µg
5,Pina,5,Pina_5,Sergio Rojas Murillo,taxones_abundancia,aglenchus,Aglenchus,individuos/100 cm³ de suelo,54.187192118226605,reportado,Herbivores - epidermal/root hair feeders · c-p 0 · p-p 2 · masa 0.082 µg
5,Pina,5,Pina_5,Sergio Rojas Murillo,taxones_composicion,aglenchus,Aglenchus,% de la abundancia total,2.4630541871921183,reportado,Herbivores - epidermal/root hair feeders · c-p 0 · p-p 2 · masa 0.082 µg
5,Pina,5,Pina_5,Sergio Rojas Murillo,taxones_conteos,aglenchus,Aglenchus,individuos contados para identificación,5.0,reportado,Herbivores - epidermal/root hair feeders · c-p 0 · p-p 2 · masa 0.082 µg
5,Pina,5,Pina_5,Sergio Rojas Murillo,taxones_abundancia,aphelenchoides,Aphelenchoides,individuos/100 cm³ de suelo,10.83743842364532,reportado,Fungivores · c-p 2 · p-p 0 · masa 0.151 µg
5,Pina,5,Pina_5,Sergio Rojas Murillo,taxones_composicion,aphelenchoides,Aphelenchoides,% de la abundancia total,0.49261083743842365,reportado,Fungivores · c-p 2 · p-p 0 · masa 0.151 µg
5,Pina,5,Pina_5,Sergio Rojas Murillo,taxones_conteos,aphelenchoides,Aphelenchoides,individuos contados para identificación,1.0,reportado,Fungivores · c-p 2 · p-p 0 · masa 0.151 µg
5,Pina,5,Pina_5,Sergio Rojas Murillo,taxones_abundancia,aporcelaimellus,Aporcelaimellus,individuos/100 cm³ de suelo,0.0,reportado,Omnivores · c-p 5 · p-p 0 · masa 9.048 µg
5,Pina,5,Pina_5,Sergio Rojas Murillo,taxones_composicion,aporcelaimellus,Aporcelaimellus,% de la abundancia total,0.0,reportado,Omnivores · c-p 5 · p-p 0 · masa 9.048 µg
5,Pina,5,Pina_5,Sergio Rojas Murillo,taxones_conteos,aporcelaimellus,Aporcelaimellus,individuos contados para identificación,0.0,reportado,Omnivores · c-p 5 · p-p 0 · masa 9.048 µg
5,Pina,5,Pina_5,Sergio Rojas Murillo,taxones_abundancia,aphelenchus,Aphelenchus,individuos/100 cm³ de suelo,43.34975369458128,reportado,Fungivores · c-p 2 · p-p 0 · masa 0.218 µg
5,Pina,5,Pina_5,Sergio Rojas Murillo,taxones_composicion,aphelenchus,Aphelenchus,% de la abundancia total,1.9704433497536946,reportado,Fungivores · c-p 2 · p-p 0 · masa 0.218 µg
5,Pina,5,Pina_5,Sergio Rojas Murillo,taxones_conteos,aphelenchus,Aphelenchus,individuos contados para identificación,4.0,reportado,Fungivores · c-p 2 · p-p 0 · masa 0.218 µg
5,Pina,5,Pina_5,Sergio Rojas Murillo,taxones_abundancia,cribronema,Cribronema,individuos/100 cm³ de suelo,0.0,reportado,Bacterivores · c-p 2 · p-p 0 · masa 0.039 µg
5,Pina,5,Pina_5,Sergio Rojas Murillo,taxones_composicion,cribronema,Cribronema,% de la abundancia total,0.0,reportado,Bacterivores · c-p 2 · p-p 0 · masa 0.039 µg
5,Pina,5,Pina_5,Sergio Rojas Murillo,taxones_conteos,cribronema,Cribronema,individuos contados para identificación,0.0,reportado,Bacterivores · c-p 2 · p-p 0 · masa 0.039 µg
5,Pina,5,Pina_5,Sergio Rojas Murillo,taxones_abundancia,criconematidae,Criconematidae,individuos/100 cm³ de suelo,0.0,reportado,Herbivores - ectoparasites · c-p 0 · p-p 3 · masa 0.567 µg
5,Pina,5,Pina_5,Sergio Rojas Murillo,taxones_composicion,criconematidae,Criconematidae,% de la abundancia total,0.0,reportado,Herbivores - ectoparasites · c-p 0 · p-p 3 · masa 0.567 µg
5,Pina,5,Pina_5,Sergio Rojas Murillo,taxones_conteos,criconematidae,Criconematidae,individuos contados para identificación,0.0,reportado,Herbivores - ectoparasites · c-p 0 · p-p 3 · masa 0.567 µg
5,Pina,5,Pina_5,Sergio Rojas Murillo,taxones_abundancia,chronogaster,Chronogaster,individuos/100 cm³ de suelo,0.0,reportado,Bacterivores · c-p 3 · p-p 0 · masa 0.335 µg
5,Pina,5,Pina_5,Sergio Rojas Murillo,taxones_composicion,chronogaster,Chronogaster,% de la abundancia total,0.0,reportado,Bacterivores · c-p 3 · p-p 0 · masa 0.335 µg
5,Pina,5,Pina_5,Sergio Rojas Murillo,taxones_conteos,chronogaster,Chronogaster,individuos contados para identificación,0.0,reportado,Bacterivores · c-p 3 · p-p 0 · masa 0.335 µg
5,Pina,5,Pina_5,Sergio Rojas Murillo,taxones_abundancia,cephalobus,Cephalobus,individuos/100 cm³ de suelo,0.0,reportado,Bacterivores · c-p 2 · p-p 0 · masa 0.266 µg
5,Pina,5,Pina_5,Sergio Rojas Murillo,taxones_composicion,cephalobus,Cephalobus,% de la abundancia total,0.0,reportado,Bacterivores · c-p 2 · p-p 0 · masa 0.266 µg
5,Pina,5,Pina_5,Sergio Rojas Murillo,taxones_conteos,cephalobus,Cephalobus,individuos contados para identificación,0.0,reportado,Bacterivores · c-p 2 · p-p 0 · masa 0.266 µg
5,Pina,5,Pina_5,Sergio Rojas Murillo,taxones_abundancia,clarkus,Clarkus,individuos/100 cm³ de suelo,0.0,reportado,Predators · c-p 4 · p-p 0 · masa 3.897 µg
5,Pina,5,Pina_5,Sergio Rojas Murillo,taxones_composicion,clarkus,Clarkus,% de la abundancia total,0.0,reportado,Predators · c-p 4 · p-p 0 · masa 3.897 µg
5,Pina,5,Pina_5,Sergio Rojas Murillo,taxones_conteos,clarkus,Clarkus,individuos contados para identificación,0.0,reportado,Predators · c-p 4 · p-p 0 · masa 3.897 µg
5,Pina,5,Pina_5,Sergio Rojas Murillo,taxones_abundancia,diplogaster,Diplogaster,individuos/100 cm³ de suelo,0.0,reportado,Bacterivores · c-p 1 · p-p 0 · masa 1.886 µg
5,Pina,5,Pina_5,Sergio Rojas Murillo,taxones_composicion,diplogaster,Diplogaster,% de la abundancia total,0.0,reportado,Bacterivores · c-p 1 · p-p 0 · masa 1.886 µg
5,Pina,5,Pina_5,Sergio Rojas Murillo,taxones_conteos,diplogaster,Diplogaster,individuos contados para identificación,0.0,reportado,Bacterivores · c-p 1 · p-p 0 · masa 1.886 µg
5,Pina,5,Pina_5,Sergio Rojas Murillo,taxones_abundancia,diphtherophora,Diphtherophora,individuos/100 cm³ de suelo,0.0,reportado,Fungivores · c-p 3 · p-p 0 · masa 0.504 µg
5,Pina,5,Pina_5,Sergio Rojas Murillo,taxones_composicion,diphtherophora,Diphtherophora,% de la abundancia total,0.0,reportado,Fungivores · c-p 3 · p-p 0 · masa 0.504 µg
5,Pina,5,Pina_5,Sergio Rojas Murillo,taxones_conteos,diphtherophora,Diphtherophora,individuos contados para identificación,0.0,reportado,Fungivores · c-p 3 · p-p 0 · masa 0.504 µg
5,Pina,5,Pina_5,Sergio Rojas Murillo,taxones_abundancia,discocriconemella,Discocriconemella,individuos/100 cm³ de suelo,0.0,reportado,Herbivores - ectoparasites · c-p 0 · p-p 3 · masa 0.338 µg
5,Pina,5,Pina_5,Sergio Rojas Murillo,taxones_composicion,discocriconemella,Discocriconemella,% de la abundancia total,0.0,reportado,Herbivores - ectoparasites · c-p 0 · p-p 3 · masa 0.338 µg
5,Pina,5,Pina_5,Sergio Rojas Murillo,taxones_conteos,discocriconemella,Discocriconemella,individuos contados para identificación,0.0,reportado,Herbivores - ectoparasites · c-p 0 · p-p 3 · masa 0.338 µg
5,Pina,5,Pina_5,Sergio Rojas Murillo,taxones_abundancia,eucephalobus,Eucephalobus,individuos/100 cm³ de suelo,0.0,reportado,Bacterivores · c-p 2 · p-p 0 · masa 0.236 µg
5,Pina,5,Pina_5,Sergio Rojas Murillo,taxones_composicion,eucephalobus,Eucephalobus,% de la abundancia total,0.0,reportado,Bacterivores · c-p 2 · p-p 0 · masa 0.236 µg
5,Pina,5,Pina_5,Sergio Rojas Murillo,taxones_conteos,eucephalobus,Eucephalobus,individuos contados para identificación,0.0,reportado,Bacterivores · c-p 2 · p-p 0 · masa 0.236 µg
5,Pina,5,Pina_5,Sergio Rojas Murillo,taxones_abundancia,ecphyadophora,Ecphyadophora,individuos/100 cm³ de suelo,0.0,reportado,Herbivores - epidermal/root hair feeders · c-p 0 · p-p 2 · masa 0.02 µg
5,Pina,5,Pina_5,Sergio Rojas Murillo,taxones_composicion,ecphyadophora,Ecphyadophora,% de la abundancia total,0.0,reportado,Herbivores - epidermal/root hair feeders · c-p 0 · p-p 2 · masa 0.02 µg
5,Pina,5,Pina_5,Sergio Rojas Murillo,taxones_conteos,ecphyadophora,Ecphyadophora,individuos contados para identificación,0.0,reportado,Herbivores - epidermal/root hair feeders · c-p 0 · p-p 2 · masa 0.02 µg
5,Pina,5,Pina_5,Sergio Rojas Murillo,taxones_abundancia,filenchus,Filenchus,individuos/100 cm³ de suelo,10.83743842364532,reportado,Fungivores · c-p 2 · p-p 0 · masa 0.099 µg
5,Pina,5,Pina_5,Sergio Rojas Murillo,taxones_composicion,filenchus,Filenchus,% de la abundancia total,0.49261083743842365,reportado,Fungivores · c-p 2 · p-p 0 · masa 0.099 µg
5,Pina,5,Pina_5,Sergio Rojas Murillo,taxones_conteos,filenchus,Filenchus,individuos contados para identificación,1.0,reportado,Fungivores · c-p 2 · p-p 0 · masa 0.099 µg
5,Pina,5,Pina_5,Sergio Rojas Murillo,taxones_abundancia,helicotylenchus,Helicotylenchus,individuos/100 cm³ de suelo,1072.9064039408868,reportado,Herbivores - semi-endoparasites · c-p 0 · p-p 3 · masa 0.294 µg
5,Pina,5,Pina_5,Sergio Rojas Murillo,taxones_composicion,helicotylenchus,Helicotylenchus,% de la abundancia total,48.76847290640394,reportado,Herbivores - semi-endoparasites · c-p 0 · p-p 3 · masa 0.294 µg
5,Pina,5,Pina_5,Sergio Rojas Murillo,taxones_conteos,helicotylenchus,Helicotylenchus,individuos contados para identificación,99.0,reportado,Herbivores - semi-endoparasites · c-p 0 · p-p 3 · masa 0.294 µg
5,Pina,5,Pina_5,Sergio Rojas Murillo,taxones_abundancia,ironus,Ironus,individuos/100 cm³ de suelo,0.0,reportado,Predators · c-p 4 · p-p 0 · masa 4.188 µg
5,Pina,5,Pina_5,Sergio Rojas Murillo,taxones_composicion,ironus,Ironus,% de la abundancia total,0.0,reportado,Predators · c-p 4 · p-p 0 · masa 4.188 µg
5,Pina,5,Pina_5,Sergio Rojas Murillo,taxones_conteos,ironus,Ironus,individuos contados para identificación,0.0,reportado,Predators · c-p 4 · p-p 0 · masa 4.188 µg
5,Pina,5,Pina_5,Sergio Rojas Murillo,taxones_abundancia,meloidogyne,Meloidogyne,individuos/100 cm³ de suelo,0.0,reportado,Herbivores - sedentary parasites · c-p 0 · p-p 3 · masa 86.985 µg
5,Pina,5,Pina_5,Sergio Rojas Murillo,taxones_composicion,meloidogyne,Meloidogyne,% de la abundancia total,0.0,reportado,Herbivores - sedentary parasites · c-p 0 · p-p 3 · masa 86.985 µg
5,Pina,5,Pina_5,Sergio Rojas Murillo,taxones_conteos,meloidogyne,Meloidogyne,individuos contados para identificación,0.0,reportado,Herbivores - sedentary parasites · c-p 0 · p-p 3 · masa 86.985 µg
5,Pina,5,Pina_5,Sergio Rojas Murillo,taxones_abundancia,metateratocephalus,Metateratocephalus,individuos/100 cm³ de suelo,0.0,reportado,Bacterivores · c-p 3 · p-p 0 · masa 0.073 µg
5,Pina,5,Pina_5,Sergio Rojas Murillo,taxones_composicion,metateratocephalus,Metateratocephalus,% de la abundancia total,0.0,reportado,Bacterivores · c-p 3 · p-p 0 · masa 0.073 µg
5,Pina,5,Pina_5,Sergio Rojas Murillo,taxones_conteos,metateratocephalus,Metateratocephalus,individuos contados para identificación,0.0,reportado,Bacterivores · c-p 3 · p-p 0 · masa 0.073 µg
5,Pina,5,Pina_5,Sergio Rojas Murillo,taxones_abundancia,mesorhabditis,Mesorhabditis,individuos/100 cm³ de suelo,520.1970443349753,reportado,Bacterivores · c-p 1 · p-p 0 · masa 0.568 µg
5,Pina,5,Pina_5,Sergio Rojas Murillo,taxones_composicion,mesorhabditis,Mesorhabditis,% de la abundancia total,23.645320197044335,reportado,Bacterivores · c-p 1 · p-p 0 · masa 0.568 µg
5,Pina,5,Pina_5,Sergio Rojas Murillo,taxones_conteos,mesorhabditis,Mesorhabditis,individuos contados para identificación,48.0,reportado,Bacterivores · c-p 1 · p-p 0 · masa 0.568 µg
5,Pina,5,Pina_5,Sergio Rojas Murillo,taxones_abundancia,mesodorylaimus,Mesodorylaimus,individuos/100 cm³ de suelo,10.83743842364532,reportado,Omnivores · c-p 4 · p-p 0 · masa 1.277 µg
5,Pina,5,Pina_5,Sergio Rojas Murillo,taxones_composicion,mesodorylaimus,Mesodorylaimus,% de la abundancia total,0.49261083743842365,reportado,Omnivores · c-p 4 · p-p 0 · masa 1.277 µg
5,Pina,5,Pina_5,Sergio Rojas Murillo,taxones_conteos,mesodorylaimus,Mesodorylaimus,individuos contados para identificación,1.0,reportado,Omnivores · c-p 4 · p-p 0 · masa 1.277 µg
5,Pina,5,Pina_5,Sergio Rojas Murillo,taxones_abundancia,mesocriconema,Mesocriconema,individuos/100 cm³ de suelo,21.67487684729064,reportado,Herbivores - ectoparasites · c-p 0 · p-p 3 · masa 0.504 µg
5,Pina,5,Pina_5,Sergio Rojas Murillo,taxones_composicion,mesocriconema,Mesocriconema,% de la abundancia total,0.9852216748768473,reportado,Herbivores - ectoparasites · c-p 0 · p-p 3 · masa 0.504 µg
5,Pina,5,Pina_5,Sergio Rojas Murillo,taxones_conteos,mesocriconema,Mesocriconema,individuos contados para identificación,2.0,reportado,Herbivores - ectoparasites · c-p 0 · p-p 3 · masa 0.504 µg
5,Pina,5,Pina_5,Sergio Rojas Murillo,taxones_abundancia,protorhabditis,Protorhabditis,individuos/100 cm³ de suelo,97.53694581280789,reportado,Bacterivores · c-p 1 · p-p 0 · masa 0.264 µg
5,Pina,5,Pina_5,Sergio Rojas Murillo,taxones_composicion,protorhabditis,Protorhabditis,% de la abundancia total,4.433497536945813,reportado,Bacterivores · c-p 1 · p-p 0 · masa 0.264 µg
5,Pina,5,Pina_5,Sergio Rojas Murillo,taxones_conteos,protorhabditis,Protorhabditis,individuos contados para identificación,9.0,reportado,Bacterivores · c-p 1 · p-p 0 · masa 0.264 µg
5,Pina,5,Pina_5,Sergio Rojas Murillo,taxones_abundancia,pseudacrobeles,Pseudacrobeles,individuos/100 cm³ de suelo,0.0,reportado,Bacterivores · c-p 2 · p-p 0 · masa 0.217 µg
5,Pina,5,Pina_5,Sergio Rojas Murillo,taxones_composicion,pseudacrobeles,Pseudacrobeles,% de la abundancia total,0.0,reportado,Bacterivores · c-p 2 · p-p 0 · masa 0.217 µg
5,Pina,5,Pina_5,Sergio Rojas Murillo,taxones_conteos,pseudacrobeles,Pseudacrobeles,individuos contados para identificación,0.0,reportado,Bacterivores · c-p 2 · p-p 0 · masa 0.217 µg
5,Pina,5,Pina_5,Sergio Rojas Murillo,taxones_abundancia,plectus,Plectus,individuos/100 cm³ de suelo,249.26108374384233,reportado,Bacterivores · c-p 2 · p-p 0 · masa 0.858 µg
5,Pina,5,Pina_5,Sergio Rojas Murillo,taxones_composicion,plectus,Plectus,% de la abundancia total,11.330049261083742,reportado,Bacterivores · c-p 2 · p-p 0 · masa 0.858 µg
5,Pina,5,Pina_5,Sergio Rojas Murillo,taxones_conteos,plectus,Plectus,individuos contados para identificación,23.0,reportado,Bacterivores · c-p 2 · p-p 0 · masa 0.858 µg
5,Pina,5,Pina_5,Sergio Rojas Murillo,taxones_abundancia,pratylenchus,Pratylenchus,individuos/100 cm³ de suelo,0.0,reportado,Herbivores - migratory endoparasites · c-p 0 · p-p 3 · masa 0.144 µg
5,Pina,5,Pina_5,Sergio Rojas Murillo,taxones_composicion,pratylenchus,Pratylenchus,% de la abundancia total,0.0,reportado,Herbivores - migratory endoparasites · c-p 0 · p-p 3 · masa 0.144 µg
5,Pina,5,Pina_5,Sergio Rojas Murillo,taxones_conteos,pratylenchus,Pratylenchus,individuos contados para identificación,0.0,reportado,Herbivores - migratory endoparasites · c-p 0 · p-p 3 · masa 0.144 µg
5,Pina,5,Pina_5,Sergio Rojas Murillo,taxones_abundancia,prodorylaimus,Prodorylaimus,individuos/100 cm³ de suelo,0.0,reportado,Omnivores · c-p 4 · p-p 0 · masa 5.631 µg
5,Pina,5,Pina_5,Sergio Rojas Murillo,taxones_composicion,prodorylaimus,Prodorylaimus,% de la abundancia total,0.0,reportado,Omnivores · c-p 4 · p-p 0 · masa 5.631 µg
5,Pina,5,Pina_5,Sergio Rojas Murillo,taxones_conteos,prodorylaimus,Prodorylaimus,individuos contados para identificación,0.0,reportado,Omnivores · c-p 4 · p-p 0 · masa 5.631 µg
5,Pina,5,Pina_5,Sergio Rojas Murillo,taxones_abundancia,rhabditis,Rhabditis,individuos/100 cm³ de suelo,0.0,reportado,Bacterivores · c-p 1 · p-p 0 · masa 7.5 µg
5,Pina,5,Pina_5,Sergio Rojas Murillo,taxones_composicion,rhabditis,Rhabditis,% de la abundancia total,0.0,reportado,Bacterivores · c-p 1 · p-p 0 · masa 7.5 µg
5,Pina,5,Pina_5,Sergio Rojas Murillo,taxones_conteos,rhabditis,Rhabditis,individuos contados para identificación,0.0,reportado,Bacterivores · c-p 1 · p-p 0 · masa 7.5 µg
5,Pina,5,Pina_5,Sergio Rojas Murillo,taxones_abundancia,rotylenchulus,Rotylenchulus,individuos/100 cm³ de suelo,0.0,reportado,Herbivores - sedentary parasites · c-p 0 · p-p 3 · masa 1.77 µg
5,Pina,5,Pina_5,Sergio Rojas Murillo,taxones_composicion,rotylenchulus,Rotylenchulus,% de la abundancia total,0.0,reportado,Herbivores - sedentary parasites · c-p 0 · p-p 3 · masa 1.77 µg
5,Pina,5,Pina_5,Sergio Rojas Murillo,taxones_conteos,rotylenchulus,Rotylenchulus,individuos contados para identificación,0.0,reportado,Herbivores - sedentary parasites · c-p 0 · p-p 3 · masa 1.77 µg
5,Pina,5,Pina_5,Sergio Rojas Murillo,taxones_abundancia,stegelletina,Stegelletina,individuos/100 cm³ de suelo,0.0,reportado,Bacterivores · c-p 2 · p-p 0 · masa 0.073 µg
5,Pina,5,Pina_5,Sergio Rojas Murillo,taxones_composicion,stegelletina,Stegelletina,% de la abundancia total,0.0,reportado,Bacterivores · c-p 2 · p-p 0 · masa 0.073 µg
5,Pina,5,Pina_5,Sergio Rojas Murillo,taxones_conteos,stegelletina,Stegelletina,individuos contados para identificación,0.0,reportado,Bacterivores · c-p 2 · p-p 0 · masa 0.073 µg
5,Pina,5,Pina_5,Sergio Rojas Murillo,taxones_abundancia,teratocephalus,Teratocephalus,individuos/100 cm³ de suelo,21.67487684729064,reportado,Bacterivores · c-p 3 · p-p 0 · masa 0.084 µg
5,Pina,5,Pina_5,Sergio Rojas Murillo,taxones_composicion,teratocephalus,Teratocephalus,% de la abundancia total,0.9852216748768473,reportado,Bacterivores · c-p 3 · p-p 0 · masa 0.084 µg
5,Pina,5,Pina_5,Sergio Rojas Murillo,taxones_conteos,teratocephalus,Teratocephalus,individuos contados para identificación,2.0,reportado,Bacterivores · c-p 3 · p-p 0 · masa 0.084 µg
5,Pina,5,Pina_5,Sergio Rojas Murillo,taxones_abundancia,trophurus,Trophurus,individuos/100 cm³ de suelo,0.0,reportado,Herbivores - ectoparasites · c-p 0 · p-p 3 · masa 0.278 µg
5,Pina,5,Pina_5,Sergio Rojas Murillo,taxones_composicion,trophurus,Trophurus,% de la abundancia total,0.0,reportado,Herbivores - ectoparasites · c-p 0 · p-p 3 · masa 0.278 µg
5,Pina,5,Pina_5,Sergio Rojas Murillo,taxones_conteos,trophurus,Trophurus,individuos contados para identificación,0.0,reportado,Herbivores - ectoparasites · c-p 0 · p-p 3 · masa 0.278 µg
5,Pina,5,Pina_5,Sergio Rojas Murillo,taxones_abundancia,tylenchus,Tylenchus,individuos/100 cm³ de suelo,75.86206896551724,reportado,Herbivores - epidermal/root hair feeders · c-p 0 · p-p 2 · masa 0.36 µg
5,Pina,5,Pina_5,Sergio Rojas Murillo,taxones_composicion,tylenchus,Tylenchus,% de la abundancia total,3.4482758620689653,reportado,Herbivores - epidermal/root hair feeders · c-p 0 · p-p 2 · masa 0.36 µg
5,Pina,5,Pina_5,Sergio Rojas Murillo,taxones_conteos,tylenchus,Tylenchus,individuos contados para identificación,7.0,reportado,Herbivores - epidermal/root hair feeders · c-p 0 · p-p 2 · masa 0.36 µg
5,Pina,5,Pina_5,Sergio Rojas Murillo,taxones_abundancia,xiphinema,Xiphinema,individuos/100 cm³ de suelo,10.83743842364532,reportado,Herbivores - ectoparasites · c-p 0 · p-p 5 · masa 5.395 µg
5,Pina,5,Pina_5,Sergio Rojas Murillo,taxones_composicion,xiphinema,Xiphinema,% de la abundancia total,0.49261083743842365,reportado,Herbivores - ectoparasites · c-p 0 · p-p 5 · masa 5.395 µg
5,Pina,5,Pina_5,Sergio Rojas Murillo,taxones_conteos,xiphinema,Xiphinema,individuos contados para identificación,1.0,reportado,Herbivores - ectoparasites · c-p 0 · p-p 5 · masa 5.395 µg
5,Pina,5,Pina_5,Sergio Rojas Murillo,grupos_abundancia,herbivoros,Herbívoros,individuos/100 cm³ de suelo,1235.4679802955666,reportado,
5,Pina,5,Pina_5,Sergio Rojas Murillo,grupos_composicion,herbivoros,Herbívoros,% de la abundancia total,56.15763546798029,reportado,
5,Pina,5,Pina_5,Sergio Rojas Murillo,grupos_abundancia,fungivoros,Fungívoros,individuos/100 cm³ de suelo,65.02463054187193,reportado,
5,Pina,5,Pina_5,Sergio Rojas Murillo,grupos_composicion,fungivoros,Fungívoros,% de la abundancia total,2.9556650246305423,reportado,
5,Pina,5,Pina_5,Sergio Rojas Murillo,grupos_abundancia,bacterivoros,Bacterívoros,individuos/100 cm³ de suelo,888.6699507389161,reportado,
5,Pina,5,Pina_5,Sergio Rojas Murillo,grupos_composicion,bacterivoros,Bacterívoros,% de la abundancia total,40.39408866995073,reportado,
5,Pina,5,Pina_5,Sergio Rojas Murillo,grupos_abundancia,depredadores,Depredadores,individuos/100 cm³ de suelo,0.0,reportado,
5,Pina,5,Pina_5,Sergio Rojas Murillo,grupos_composicion,depredadores,Depredadores,% de la abundancia total,0.0,reportado,
5,Pina,5,Pina_5,Sergio Rojas Murillo,grupos_abundancia,omnivoros,Omnívoros,individuos/100 cm³ de suelo,10.83743842364532,reportado,
5,Pina,5,Pina_5,Sergio Rojas Murillo,grupos_composicion,omnivoros,Omnívoros,% de la abundancia total,0.49261083743842365,reportado,
6,Pina,6,Pina_6,Marvin Zamora,indicadores,abundancia_total,Abundancia total,individuos/100 cm³ de suelo,1700.0,reportado,
6,Pina,6,Pina_6,Marvin Zamora,indicadores,riqueza_taxones,Riqueza observada,taxones con abundancia mayor que cero,13.0,reportado,
6,Pina,6,Pina_6,Marvin Zamora,parametros_muestra,abundancia_en_1_ml,Abundancia observada en 1 ml,individuos/mL,170.0,reportado,
6,Pina,6,Pina_6,Marvin Zamora,parametros_muestra,volumen_contado_abundancia_ml,Volumen contado para abundancia,mL,1.0,reportado,
6,Pina,6,Pina_6,Marvin Zamora,parametros_muestra,volumen_agregado_identificacion_ml,Volumen agregado para identificación,mL,2.0,reportado,
6,Pina,6,Pina_6,Marvin Zamora,parametros_muestra,total_individuos_identificados,Total de individuos identificados,individuos,202.0,reportado,
6,Pina,6,Pina_6,Marvin Zamora,parametros_muestra,abundancia_total_ninja,Abundancia total usada por NINJA,individuos/100 cm³ de suelo,1700.0,reportado,
6,Pina,6,Pina_6,Marvin Zamora,indices_ninja,mi,Índice de madurez (MI),índice,1.8,reportado,
6,Pina,6,Pina_6,Marvin Zamora,indices_ninja,mi2_5,Índice de madurez 2–5 (MI2-5),índice,2.06,reportado,
6,Pina,6,Pina_6,Marvin Zamora,indices_ninja,smi,Índice SMI,índice,2.21,reportado,
6,Pina,6,Pina_6,Marvin Zamora,indices_ninja,ppi,Índice de parásitos de plantas (PPI),índice,2.91,reportado,
6,Pina,6,Pina_6,Marvin Zamora,indices_ninja,ci,Índice de canal (CI),índice 0–100,41.51,reportado,
6,Pina,6,Pina_6,Marvin Zamora,indices_ninja,bi,Índice basal (BI),índice 0–100,28.75,reportado,
6,Pina,6,Pina_6,Marvin Zamora,indices_ninja,ei,Índice de enriquecimiento (EI),índice 0–100,69.97,reportado,
6,Pina,6,Pina_6,Marvin Zamora,indices_ninja,si,Índice de estructura (SI),índice 0–100,12.92,reportado,
6,Pina,6,Pina_6,Marvin Zamora,huellas_ninja,total_biomass_mg,Biomasa total,mg,0.44,reportado,
6,Pina,6,Pina_6,Marvin Zamora,huellas_ninja,cft,CFT (NINJA),unidad no indicada en la fuente,184.04,reportado,
6,Pina,6,Pina_6,Marvin Zamora,huellas_ninja,eft,EFT (NINJA),unidad no indicada en la fuente,80.58,reportado,
6,Pina,6,Pina_6,Marvin Zamora,huellas_ninja,sft,SFT (NINJA),unidad no indicada en la fuente,6.63,reportado,
6,Pina,6,Pina_6,Marvin Zamora,huellas_ninja,heft,HeFT (NINJA),unidad no indicada en la fuente,94.07,reportado,
6,Pina,6,Pina_6,Marvin Zamora,huellas_ninja,fuft,FuFT (NINJA),unidad no indicada en la fuente,43.81,reportado,
6,Pina,6,Pina_6,Marvin Zamora,huellas_ninja,baft,BaFT (NINJA),unidad no indicada en la fuente,46.16,reportado,
6,Pina,6,Pina_6,Marvin Zamora,huellas_ninja,prft,PrFT (NINJA),unidad no indicada en la fuente,0.0,reportado,
6,Pina,6,Pina_6,Marvin Zamora,huellas_ninja,unicellular_eucaryote_feeder_footprint,Huella de consumidores de eucariotas unicelulares,unidad no indicada en la fuente,0.0,reportado,
6,Pina,6,Pina_6,Marvin Zamora,huellas_ninja,omnivore_footprint,Huella de omnívoros,unidad no indicada en la fuente,0.0,reportado,
6,Pina,6,Pina_6,Marvin Zamora,huellas_ninja,total_number_ind,Número total de individuos (NINJA),individuos/100 cm³ de suelo,1700.0,reportado,
6,Pina,6,Pina_6,Marvin Zamora,porcentajes_ninja,herbivores_pct_of_total,Herbívoros del total,%,36.6,reportado,
6,Pina,6,Pina_6,Marvin Zamora,porcentajes_ninja,fungivores_pct_of_total,Fungívoros del total,%,43.6,reportado,
6,Pina,6,Pina_6,Marvin Zamora,porcentajes_ninja,fungivores_pct_of_free_living,Fungívoros de vida libre,%,68.7,reportado,
6,Pina,6,Pina_6,Marvin Zamora,porcentajes_ninja,bacterivores_pct_of_total,Bacterívoros del total,%,19.8,reportado,
6,Pina,6,Pina_6,Marvin Zamora,porcentajes_ninja,bacterivores_pct_of_free_living,Bacterívoros de vida libre,%,31.3,reportado,
6,Pina,6,Pina_6,Marvin Zamora,porcentajes_ninja,predators_pct_of_total,Depredadores del total,%,0.0,reportado,
6,Pina,6,Pina_6,Marvin Zamora,porcentajes_ninja,predators_pct_of_free_living,Depredadores de vida libre,%,0.0,reportado,
6,Pina,6,Pina_6,Marvin Zamora,porcentajes_ninja,unicellular_eucaryote_feeders_pct_of_total,Consumidores de eucariotas unicelulares del total,%,0.0,reportado,
6,Pina,6,Pina_6,Marvin Zamora,porcentajes_ninja,unicellular_eucaryote_feeders_pct_of_free_living,Consumidores de eucariotas unicelulares de vida libre,%,0.0,reportado,
6,Pina,6,Pina_6,Marvin Zamora,porcentajes_ninja,omnivores_pct_of_total,Omnívoros del total,%,0.0,reportado,
6,Pina,6,Pina_6,Marvin Zamora,porcentajes_ninja,omnivores_pct_of_free_living,Omnívoros de vida libre,%,0.0,reportado,
6,Pina,6,Pina_6,Marvin Zamora,porcentajes_ninja,sedentary_parasites_pct_of_herbivores,Parásitos sedentarios de los herbívoros,%,0.0,reportado,
6,Pina,6,Pina_6,Marvin Zamora,porcentajes_ninja,migratory_endoparasites_pct_of_herbivores,Endoparásitos migratorios de los herbívoros,%,0.0,reportado,
6,Pina,6,Pina_6,Marvin Zamora,porcentajes_ninja,semi_endoparasites_pct_of_herbivores,Semiendoparásitos de los herbívoros,%,29.7,reportado,
6,Pina,6,Pina_6,Marvin Zamora,porcentajes_ninja,ectoparasites_pct_of_herbivores,Ectoparásitos de los herbívoros,%,60.8,reportado,
6,Pina,6,Pina_6,Marvin Zamora,porcentajes_ninja,epidermal_root_hair_feeders_pct_of_herbivores,Consumidores de epidermis y pelos radicales de los herbívoros,%,9.5,reportado,
6,Pina,6,Pina_6,Marvin Zamora,porcentajes_ninja,algal_lichen_moss_feeders_pct_of_herbivores,"Consumidores de algas, líquenes y musgos de los herbívoros",%,0.0,reportado,
6,Pina,6,Pina_6,Marvin Zamora,porcentajes_ninja,cp_1_pct_of_free_living,c-p 1 de vida libre,%,24.2,reportado,
6,Pina,6,Pina_6,Marvin Zamora,porcentajes_ninja,cp_2_pct_of_free_living,c-p 2 de vida libre,%,71.1,reportado,
6,Pina,6,Pina_6,Marvin Zamora,porcentajes_ninja,cp_3_pct_of_free_living,c-p 3 de vida libre,%,4.7,reportado,
6,Pina,6,Pina_6,Marvin Zamora,porcentajes_ninja,cp_4_pct_of_free_living,c-p 4 de vida libre,%,0.0,reportado,
6,Pina,6,Pina_6,Marvin Zamora,porcentajes_ninja,cp_5_pct_of_free_living,c-p 5 de vida libre,%,0.0,reportado,
6,Pina,6,Pina_6,Marvin Zamora,porcentajes_ninja,pp_2_pct_of_herbivores,p-p 2 de los herbívoros,%,9.5,reportado,
6,Pina,6,Pina_6,Marvin Zamora,porcentajes_ninja,pp_3_pct_of_herbivores,p-p 3 de los herbívoros,%,90.5,reportado,
6,Pina,6,Pina_6,Marvin Zamora,porcentajes_ninja,pp_4_pct_of_herbivores,p-p 4 de los herbívoros,%,0.0,reportado,
6,Pina,6,Pina_6,Marvin Zamora,porcentajes_ninja,pp_5_pct_of_herbivores,p-p 5 de los herbívoros,%,0.0,reportado,
6,Pina,6,Pina_6,Marvin Zamora,taxones_abundancia,alaimus,Alaimus,individuos/100 cm³ de suelo,0.0,reportado,Bacterivores · c-p 4 · p-p 0 · masa 0.561 µg
6,Pina,6,Pina_6,Marvin Zamora,taxones_composicion,alaimus,Alaimus,% de la abundancia total,0.0,reportado,Bacterivores · c-p 4 · p-p 0 · masa 0.561 µg
6,Pina,6,Pina_6,Marvin Zamora,taxones_conteos,alaimus,Alaimus,individuos contados para identificación,0.0,reportado,Bacterivores · c-p 4 · p-p 0 · masa 0.561 µg
6,Pina,6,Pina_6,Marvin Zamora,taxones_abundancia,aglenchus,Aglenchus,individuos/100 cm³ de suelo,25.247524752475247,reportado,Herbivores - epidermal/root hair feeders · c-p 0 · p-p 2 · masa 0.082 µg
6,Pina,6,Pina_6,Marvin Zamora,taxones_composicion,aglenchus,Aglenchus,% de la abundancia total,1.4851485148514851,reportado,Herbivores - epidermal/root hair feeders · c-p 0 · p-p 2 · masa 0.082 µg
6,Pina,6,Pina_6,Marvin Zamora,taxones_conteos,aglenchus,Aglenchus,individuos contados para identificación,3.0,reportado,Herbivores - epidermal/root hair feeders · c-p 0 · p-p 2 · masa 0.082 µg
6,Pina,6,Pina_6,Marvin Zamora,taxones_abundancia,aphelenchoides,Aphelenchoides,individuos/100 cm³ de suelo,8.415841584158416,reportado,Fungivores · c-p 2 · p-p 0 · masa 0.151 µg
6,Pina,6,Pina_6,Marvin Zamora,taxones_composicion,aphelenchoides,Aphelenchoides,% de la abundancia total,0.49504950495049505,reportado,Fungivores · c-p 2 · p-p 0 · masa 0.151 µg
6,Pina,6,Pina_6,Marvin Zamora,taxones_conteos,aphelenchoides,Aphelenchoides,individuos contados para identificación,1.0,reportado,Fungivores · c-p 2 · p-p 0 · masa 0.151 µg
6,Pina,6,Pina_6,Marvin Zamora,taxones_abundancia,aporcelaimellus,Aporcelaimellus,individuos/100 cm³ de suelo,0.0,reportado,Omnivores · c-p 5 · p-p 0 · masa 9.048 µg
6,Pina,6,Pina_6,Marvin Zamora,taxones_composicion,aporcelaimellus,Aporcelaimellus,% de la abundancia total,0.0,reportado,Omnivores · c-p 5 · p-p 0 · masa 9.048 µg
6,Pina,6,Pina_6,Marvin Zamora,taxones_conteos,aporcelaimellus,Aporcelaimellus,individuos contados para identificación,0.0,reportado,Omnivores · c-p 5 · p-p 0 · masa 9.048 µg
6,Pina,6,Pina_6,Marvin Zamora,taxones_abundancia,aphelenchus,Aphelenchus,individuos/100 cm³ de suelo,92.57425742574257,reportado,Fungivores · c-p 2 · p-p 0 · masa 0.218 µg
6,Pina,6,Pina_6,Marvin Zamora,taxones_composicion,aphelenchus,Aphelenchus,% de la abundancia total,5.445544554455446,reportado,Fungivores · c-p 2 · p-p 0 · masa 0.218 µg
6,Pina,6,Pina_6,Marvin Zamora,taxones_conteos,aphelenchus,Aphelenchus,individuos contados para identificación,11.0,reportado,Fungivores · c-p 2 · p-p 0 · masa 0.218 µg
6,Pina,6,Pina_6,Marvin Zamora,taxones_abundancia,cribronema,Cribronema,individuos/100 cm³ de suelo,0.0,reportado,Bacterivores · c-p 2 · p-p 0 · masa 0.039 µg
6,Pina,6,Pina_6,Marvin Zamora,taxones_composicion,cribronema,Cribronema,% de la abundancia total,0.0,reportado,Bacterivores · c-p 2 · p-p 0 · masa 0.039 µg
6,Pina,6,Pina_6,Marvin Zamora,taxones_conteos,cribronema,Cribronema,individuos contados para identificación,0.0,reportado,Bacterivores · c-p 2 · p-p 0 · masa 0.039 µg
6,Pina,6,Pina_6,Marvin Zamora,taxones_abundancia,criconematidae,Criconematidae,individuos/100 cm³ de suelo,0.0,reportado,Herbivores - ectoparasites · c-p 0 · p-p 3 · masa 0.567 µg
6,Pina,6,Pina_6,Marvin Zamora,taxones_composicion,criconematidae,Criconematidae,% de la abundancia total,0.0,reportado,Herbivores - ectoparasites · c-p 0 · p-p 3 · masa 0.567 µg
6,Pina,6,Pina_6,Marvin Zamora,taxones_conteos,criconematidae,Criconematidae,individuos contados para identificación,0.0,reportado,Herbivores - ectoparasites · c-p 0 · p-p 3 · masa 0.567 µg
6,Pina,6,Pina_6,Marvin Zamora,taxones_abundancia,chronogaster,Chronogaster,individuos/100 cm³ de suelo,50.495049504950494,reportado,Bacterivores · c-p 3 · p-p 0 · masa 0.335 µg
6,Pina,6,Pina_6,Marvin Zamora,taxones_composicion,chronogaster,Chronogaster,% de la abundancia total,2.9702970297029703,reportado,Bacterivores · c-p 3 · p-p 0 · masa 0.335 µg
6,Pina,6,Pina_6,Marvin Zamora,taxones_conteos,chronogaster,Chronogaster,individuos contados para identificación,6.0,reportado,Bacterivores · c-p 3 · p-p 0 · masa 0.335 µg
6,Pina,6,Pina_6,Marvin Zamora,taxones_abundancia,cephalobus,Cephalobus,individuos/100 cm³ de suelo,16.831683168316832,reportado,Bacterivores · c-p 2 · p-p 0 · masa 0.266 µg
6,Pina,6,Pina_6,Marvin Zamora,taxones_composicion,cephalobus,Cephalobus,% de la abundancia total,0.9900990099009901,reportado,Bacterivores · c-p 2 · p-p 0 · masa 0.266 µg
6,Pina,6,Pina_6,Marvin Zamora,taxones_conteos,cephalobus,Cephalobus,individuos contados para identificación,2.0,reportado,Bacterivores · c-p 2 · p-p 0 · masa 0.266 µg
6,Pina,6,Pina_6,Marvin Zamora,taxones_abundancia,clarkus,Clarkus,individuos/100 cm³ de suelo,0.0,reportado,Predators · c-p 4 · p-p 0 · masa 3.897 µg
6,Pina,6,Pina_6,Marvin Zamora,taxones_composicion,clarkus,Clarkus,% de la abundancia total,0.0,reportado,Predators · c-p 4 · p-p 0 · masa 3.897 µg
6,Pina,6,Pina_6,Marvin Zamora,taxones_conteos,clarkus,Clarkus,individuos contados para identificación,0.0,reportado,Predators · c-p 4 · p-p 0 · masa 3.897 µg
6,Pina,6,Pina_6,Marvin Zamora,taxones_abundancia,diplogaster,Diplogaster,individuos/100 cm³ de suelo,0.0,reportado,Bacterivores · c-p 1 · p-p 0 · masa 1.886 µg
6,Pina,6,Pina_6,Marvin Zamora,taxones_composicion,diplogaster,Diplogaster,% de la abundancia total,0.0,reportado,Bacterivores · c-p 1 · p-p 0 · masa 1.886 µg
6,Pina,6,Pina_6,Marvin Zamora,taxones_conteos,diplogaster,Diplogaster,individuos contados para identificación,0.0,reportado,Bacterivores · c-p 1 · p-p 0 · masa 1.886 µg
6,Pina,6,Pina_6,Marvin Zamora,taxones_abundancia,diphtherophora,Diphtherophora,individuos/100 cm³ de suelo,0.0,reportado,Fungivores · c-p 3 · p-p 0 · masa 0.504 µg
6,Pina,6,Pina_6,Marvin Zamora,taxones_composicion,diphtherophora,Diphtherophora,% de la abundancia total,0.0,reportado,Fungivores · c-p 3 · p-p 0 · masa 0.504 µg
6,Pina,6,Pina_6,Marvin Zamora,taxones_conteos,diphtherophora,Diphtherophora,individuos contados para identificación,0.0,reportado,Fungivores · c-p 3 · p-p 0 · masa 0.504 µg
6,Pina,6,Pina_6,Marvin Zamora,taxones_abundancia,discocriconemella,Discocriconemella,individuos/100 cm³ de suelo,0.0,reportado,Herbivores - ectoparasites · c-p 0 · p-p 3 · masa 0.338 µg
6,Pina,6,Pina_6,Marvin Zamora,taxones_composicion,discocriconemella,Discocriconemella,% de la abundancia total,0.0,reportado,Herbivores - ectoparasites · c-p 0 · p-p 3 · masa 0.338 µg
6,Pina,6,Pina_6,Marvin Zamora,taxones_conteos,discocriconemella,Discocriconemella,individuos contados para identificación,0.0,reportado,Herbivores - ectoparasites · c-p 0 · p-p 3 · masa 0.338 µg
6,Pina,6,Pina_6,Marvin Zamora,taxones_abundancia,eucephalobus,Eucephalobus,individuos/100 cm³ de suelo,0.0,reportado,Bacterivores · c-p 2 · p-p 0 · masa 0.236 µg
6,Pina,6,Pina_6,Marvin Zamora,taxones_composicion,eucephalobus,Eucephalobus,% de la abundancia total,0.0,reportado,Bacterivores · c-p 2 · p-p 0 · masa 0.236 µg
6,Pina,6,Pina_6,Marvin Zamora,taxones_conteos,eucephalobus,Eucephalobus,individuos contados para identificación,0.0,reportado,Bacterivores · c-p 2 · p-p 0 · masa 0.236 µg
6,Pina,6,Pina_6,Marvin Zamora,taxones_abundancia,ecphyadophora,Ecphyadophora,individuos/100 cm³ de suelo,16.831683168316832,reportado,Herbivores - epidermal/root hair feeders · c-p 0 · p-p 2 · masa 0.02 µg
6,Pina,6,Pina_6,Marvin Zamora,taxones_composicion,ecphyadophora,Ecphyadophora,% de la abundancia total,0.9900990099009901,reportado,Herbivores - epidermal/root hair feeders · c-p 0 · p-p 2 · masa 0.02 µg
6,Pina,6,Pina_6,Marvin Zamora,taxones_conteos,ecphyadophora,Ecphyadophora,individuos contados para identificación,2.0,reportado,Herbivores - epidermal/root hair feeders · c-p 0 · p-p 2 · masa 0.02 µg
6,Pina,6,Pina_6,Marvin Zamora,taxones_abundancia,filenchus,Filenchus,individuos/100 cm³ de suelo,639.6039603960396,reportado,Fungivores · c-p 2 · p-p 0 · masa 0.099 µg
6,Pina,6,Pina_6,Marvin Zamora,taxones_composicion,filenchus,Filenchus,% de la abundancia total,37.62376237623762,reportado,Fungivores · c-p 2 · p-p 0 · masa 0.099 µg
6,Pina,6,Pina_6,Marvin Zamora,taxones_conteos,filenchus,Filenchus,individuos contados para identificación,76.0,reportado,Fungivores · c-p 2 · p-p 0 · masa 0.099 µg
6,Pina,6,Pina_6,Marvin Zamora,taxones_abundancia,helicotylenchus,Helicotylenchus,individuos/100 cm³ de suelo,185.14851485148515,reportado,Herbivores - semi-endoparasites · c-p 0 · p-p 3 · masa 0.294 µg
6,Pina,6,Pina_6,Marvin Zamora,taxones_composicion,helicotylenchus,Helicotylenchus,% de la abundancia total,10.891089108910892,reportado,Herbivores - semi-endoparasites · c-p 0 · p-p 3 · masa 0.294 µg
6,Pina,6,Pina_6,Marvin Zamora,taxones_conteos,helicotylenchus,Helicotylenchus,individuos contados para identificación,22.0,reportado,Herbivores - semi-endoparasites · c-p 0 · p-p 3 · masa 0.294 µg
6,Pina,6,Pina_6,Marvin Zamora,taxones_abundancia,ironus,Ironus,individuos/100 cm³ de suelo,0.0,reportado,Predators · c-p 4 · p-p 0 · masa 4.188 µg
6,Pina,6,Pina_6,Marvin Zamora,taxones_composicion,ironus,Ironus,% de la abundancia total,0.0,reportado,Predators · c-p 4 · p-p 0 · masa 4.188 µg
6,Pina,6,Pina_6,Marvin Zamora,taxones_conteos,ironus,Ironus,individuos contados para identificación,0.0,reportado,Predators · c-p 4 · p-p 0 · masa 4.188 µg
6,Pina,6,Pina_6,Marvin Zamora,taxones_abundancia,meloidogyne,Meloidogyne,individuos/100 cm³ de suelo,0.0,reportado,Herbivores - sedentary parasites · c-p 0 · p-p 3 · masa 86.985 µg
6,Pina,6,Pina_6,Marvin Zamora,taxones_composicion,meloidogyne,Meloidogyne,% de la abundancia total,0.0,reportado,Herbivores - sedentary parasites · c-p 0 · p-p 3 · masa 86.985 µg
6,Pina,6,Pina_6,Marvin Zamora,taxones_conteos,meloidogyne,Meloidogyne,individuos contados para identificación,0.0,reportado,Herbivores - sedentary parasites · c-p 0 · p-p 3 · masa 86.985 µg
6,Pina,6,Pina_6,Marvin Zamora,taxones_abundancia,metateratocephalus,Metateratocephalus,individuos/100 cm³ de suelo,0.0,reportado,Bacterivores · c-p 3 · p-p 0 · masa 0.073 µg
6,Pina,6,Pina_6,Marvin Zamora,taxones_composicion,metateratocephalus,Metateratocephalus,% de la abundancia total,0.0,reportado,Bacterivores · c-p 3 · p-p 0 · masa 0.073 µg
6,Pina,6,Pina_6,Marvin Zamora,taxones_conteos,metateratocephalus,Metateratocephalus,individuos contados para identificación,0.0,reportado,Bacterivores · c-p 3 · p-p 0 · masa 0.073 µg
6,Pina,6,Pina_6,Marvin Zamora,taxones_abundancia,mesorhabditis,Mesorhabditis,individuos/100 cm³ de suelo,33.663366336633665,reportado,Bacterivores · c-p 1 · p-p 0 · masa 0.568 µg
6,Pina,6,Pina_6,Marvin Zamora,taxones_composicion,mesorhabditis,Mesorhabditis,% de la abundancia total,1.9801980198019802,reportado,Bacterivores · c-p 1 · p-p 0 · masa 0.568 µg
6,Pina,6,Pina_6,Marvin Zamora,taxones_conteos,mesorhabditis,Mesorhabditis,individuos contados para identificación,4.0,reportado,Bacterivores · c-p 1 · p-p 0 · masa 0.568 µg
6,Pina,6,Pina_6,Marvin Zamora,taxones_abundancia,mesodorylaimus,Mesodorylaimus,individuos/100 cm³ de suelo,0.0,reportado,Omnivores · c-p 4 · p-p 0 · masa 1.277 µg
6,Pina,6,Pina_6,Marvin Zamora,taxones_composicion,mesodorylaimus,Mesodorylaimus,% de la abundancia total,0.0,reportado,Omnivores · c-p 4 · p-p 0 · masa 1.277 µg
6,Pina,6,Pina_6,Marvin Zamora,taxones_conteos,mesodorylaimus,Mesodorylaimus,individuos contados para identificación,0.0,reportado,Omnivores · c-p 4 · p-p 0 · masa 1.277 µg
6,Pina,6,Pina_6,Marvin Zamora,taxones_abundancia,mesocriconema,Mesocriconema,individuos/100 cm³ de suelo,378.71287128712873,reportado,Herbivores - ectoparasites · c-p 0 · p-p 3 · masa 0.504 µg
6,Pina,6,Pina_6,Marvin Zamora,taxones_composicion,mesocriconema,Mesocriconema,% de la abundancia total,22.277227722772277,reportado,Herbivores - ectoparasites · c-p 0 · p-p 3 · masa 0.504 µg
6,Pina,6,Pina_6,Marvin Zamora,taxones_conteos,mesocriconema,Mesocriconema,individuos contados para identificación,45.0,reportado,Herbivores - ectoparasites · c-p 0 · p-p 3 · masa 0.504 µg
6,Pina,6,Pina_6,Marvin Zamora,taxones_abundancia,protorhabditis,Protorhabditis,individuos/100 cm³ de suelo,227.22772277227722,reportado,Bacterivores · c-p 1 · p-p 0 · masa 0.264 µg
6,Pina,6,Pina_6,Marvin Zamora,taxones_composicion,protorhabditis,Protorhabditis,% de la abundancia total,13.366336633663368,reportado,Bacterivores · c-p 1 · p-p 0 · masa 0.264 µg
6,Pina,6,Pina_6,Marvin Zamora,taxones_conteos,protorhabditis,Protorhabditis,individuos contados para identificación,27.0,reportado,Bacterivores · c-p 1 · p-p 0 · masa 0.264 µg
6,Pina,6,Pina_6,Marvin Zamora,taxones_abundancia,pseudacrobeles,Pseudacrobeles,individuos/100 cm³ de suelo,8.415841584158416,reportado,Bacterivores · c-p 2 · p-p 0 · masa 0.217 µg
6,Pina,6,Pina_6,Marvin Zamora,taxones_composicion,pseudacrobeles,Pseudacrobeles,% de la abundancia total,0.49504950495049505,reportado,Bacterivores · c-p 2 · p-p 0 · masa 0.217 µg
6,Pina,6,Pina_6,Marvin Zamora,taxones_conteos,pseudacrobeles,Pseudacrobeles,individuos contados para identificación,1.0,reportado,Bacterivores · c-p 2 · p-p 0 · masa 0.217 µg
6,Pina,6,Pina_6,Marvin Zamora,taxones_abundancia,plectus,Plectus,individuos/100 cm³ de suelo,0.0,reportado,Bacterivores · c-p 2 · p-p 0 · masa 0.858 µg
6,Pina,6,Pina_6,Marvin Zamora,taxones_composicion,plectus,Plectus,% de la abundancia total,0.0,reportado,Bacterivores · c-p 2 · p-p 0 · masa 0.858 µg
6,Pina,6,Pina_6,Marvin Zamora,taxones_conteos,plectus,Plectus,individuos contados para identificación,0.0,reportado,Bacterivores · c-p 2 · p-p 0 · masa 0.858 µg
6,Pina,6,Pina_6,Marvin Zamora,taxones_abundancia,pratylenchus,Pratylenchus,individuos/100 cm³ de suelo,0.0,reportado,Herbivores - migratory endoparasites · c-p 0 · p-p 3 · masa 0.144 µg
6,Pina,6,Pina_6,Marvin Zamora,taxones_composicion,pratylenchus,Pratylenchus,% de la abundancia total,0.0,reportado,Herbivores - migratory endoparasites · c-p 0 · p-p 3 · masa 0.144 µg
6,Pina,6,Pina_6,Marvin Zamora,taxones_conteos,pratylenchus,Pratylenchus,individuos contados para identificación,0.0,reportado,Herbivores - migratory endoparasites · c-p 0 · p-p 3 · masa 0.144 µg
6,Pina,6,Pina_6,Marvin Zamora,taxones_abundancia,prodorylaimus,Prodorylaimus,individuos/100 cm³ de suelo,0.0,reportado,Omnivores · c-p 4 · p-p 0 · masa 5.631 µg
6,Pina,6,Pina_6,Marvin Zamora,taxones_composicion,prodorylaimus,Prodorylaimus,% de la abundancia total,0.0,reportado,Omnivores · c-p 4 · p-p 0 · masa 5.631 µg
6,Pina,6,Pina_6,Marvin Zamora,taxones_conteos,prodorylaimus,Prodorylaimus,individuos contados para identificación,0.0,reportado,Omnivores · c-p 4 · p-p 0 · masa 5.631 µg
6,Pina,6,Pina_6,Marvin Zamora,taxones_abundancia,rhabditis,Rhabditis,individuos/100 cm³ de suelo,0.0,reportado,Bacterivores · c-p 1 · p-p 0 · masa 7.5 µg
6,Pina,6,Pina_6,Marvin Zamora,taxones_composicion,rhabditis,Rhabditis,% de la abundancia total,0.0,reportado,Bacterivores · c-p 1 · p-p 0 · masa 7.5 µg
6,Pina,6,Pina_6,Marvin Zamora,taxones_conteos,rhabditis,Rhabditis,individuos contados para identificación,0.0,reportado,Bacterivores · c-p 1 · p-p 0 · masa 7.5 µg
6,Pina,6,Pina_6,Marvin Zamora,taxones_abundancia,rotylenchulus,Rotylenchulus,individuos/100 cm³ de suelo,0.0,reportado,Herbivores - sedentary parasites · c-p 0 · p-p 3 · masa 1.77 µg
6,Pina,6,Pina_6,Marvin Zamora,taxones_composicion,rotylenchulus,Rotylenchulus,% de la abundancia total,0.0,reportado,Herbivores - sedentary parasites · c-p 0 · p-p 3 · masa 1.77 µg
6,Pina,6,Pina_6,Marvin Zamora,taxones_conteos,rotylenchulus,Rotylenchulus,individuos contados para identificación,0.0,reportado,Herbivores - sedentary parasites · c-p 0 · p-p 3 · masa 1.77 µg
6,Pina,6,Pina_6,Marvin Zamora,taxones_abundancia,stegelletina,Stegelletina,individuos/100 cm³ de suelo,0.0,reportado,Bacterivores · c-p 2 · p-p 0 · masa 0.073 µg
6,Pina,6,Pina_6,Marvin Zamora,taxones_composicion,stegelletina,Stegelletina,% de la abundancia total,0.0,reportado,Bacterivores · c-p 2 · p-p 0 · masa 0.073 µg
6,Pina,6,Pina_6,Marvin Zamora,taxones_conteos,stegelletina,Stegelletina,individuos contados para identificación,0.0,reportado,Bacterivores · c-p 2 · p-p 0 · masa 0.073 µg
6,Pina,6,Pina_6,Marvin Zamora,taxones_abundancia,teratocephalus,Teratocephalus,individuos/100 cm³ de suelo,0.0,reportado,Bacterivores · c-p 3 · p-p 0 · masa 0.084 µg
6,Pina,6,Pina_6,Marvin Zamora,taxones_composicion,teratocephalus,Teratocephalus,% de la abundancia total,0.0,reportado,Bacterivores · c-p 3 · p-p 0 · masa 0.084 µg
6,Pina,6,Pina_6,Marvin Zamora,taxones_conteos,teratocephalus,Teratocephalus,individuos contados para identificación,0.0,reportado,Bacterivores · c-p 3 · p-p 0 · masa 0.084 µg
6,Pina,6,Pina_6,Marvin Zamora,taxones_abundancia,trophurus,Trophurus,individuos/100 cm³ de suelo,0.0,reportado,Herbivores - ectoparasites · c-p 0 · p-p 3 · masa 0.278 µg
6,Pina,6,Pina_6,Marvin Zamora,taxones_composicion,trophurus,Trophurus,% de la abundancia total,0.0,reportado,Herbivores - ectoparasites · c-p 0 · p-p 3 · masa 0.278 µg
6,Pina,6,Pina_6,Marvin Zamora,taxones_conteos,trophurus,Trophurus,individuos contados para identificación,0.0,reportado,Herbivores - ectoparasites · c-p 0 · p-p 3 · masa 0.278 µg
6,Pina,6,Pina_6,Marvin Zamora,taxones_abundancia,tylenchus,Tylenchus,individuos/100 cm³ de suelo,16.831683168316832,reportado,Herbivores - epidermal/root hair feeders · c-p 0 · p-p 2 · masa 0.36 µg
6,Pina,6,Pina_6,Marvin Zamora,taxones_composicion,tylenchus,Tylenchus,% de la abundancia total,0.9900990099009901,reportado,Herbivores - epidermal/root hair feeders · c-p 0 · p-p 2 · masa 0.36 µg
6,Pina,6,Pina_6,Marvin Zamora,taxones_conteos,tylenchus,Tylenchus,individuos contados para identificación,2.0,reportado,Herbivores - epidermal/root hair feeders · c-p 0 · p-p 2 · masa 0.36 µg
6,Pina,6,Pina_6,Marvin Zamora,taxones_abundancia,xiphinema,Xiphinema,individuos/100 cm³ de suelo,0.0,reportado,Herbivores - ectoparasites · c-p 0 · p-p 5 · masa 5.395 µg
6,Pina,6,Pina_6,Marvin Zamora,taxones_composicion,xiphinema,Xiphinema,% de la abundancia total,0.0,reportado,Herbivores - ectoparasites · c-p 0 · p-p 5 · masa 5.395 µg
6,Pina,6,Pina_6,Marvin Zamora,taxones_conteos,xiphinema,Xiphinema,individuos contados para identificación,0.0,reportado,Herbivores - ectoparasites · c-p 0 · p-p 5 · masa 5.395 µg
6,Pina,6,Pina_6,Marvin Zamora,grupos_abundancia,herbivoros,Herbívoros,individuos/100 cm³ de suelo,622.7722772277228,reportado,
6,Pina,6,Pina_6,Marvin Zamora,grupos_composicion,herbivoros,Herbívoros,% de la abundancia total,36.63366336633664,reportado,
6,Pina,6,Pina_6,Marvin Zamora,grupos_abundancia,fungivoros,Fungívoros,individuos/100 cm³ de suelo,740.5940594059406,reportado,
6,Pina,6,Pina_6,Marvin Zamora,grupos_composicion,fungivoros,Fungívoros,% de la abundancia total,43.56435643564357,reportado,
6,Pina,6,Pina_6,Marvin Zamora,grupos_abundancia,bacterivoros,Bacterívoros,individuos/100 cm³ de suelo,336.6336633663367,reportado,
6,Pina,6,Pina_6,Marvin Zamora,grupos_composicion,bacterivoros,Bacterívoros,% de la abundancia total,19.801980198019805,reportado,
6,Pina,6,Pina_6,Marvin Zamora,grupos_abundancia,depredadores,Depredadores,individuos/100 cm³ de suelo,0.0,reportado,
6,Pina,6,Pina_6,Marvin Zamora,grupos_composicion,depredadores,Depredadores,% de la abundancia total,0.0,reportado,
6,Pina,6,Pina_6,Marvin Zamora,grupos_abundancia,omnivoros,Omnívoros,individuos/100 cm³ de suelo,0.0,reportado,
6,Pina,6,Pina_6,Marvin Zamora,grupos_composicion,omnivoros,Omnívoros,% de la abundancia total,0.0,reportado,
7,Pina,7,Pina_7,Adrian Rodriguez Varela,indicadores,abundancia_total,Abundancia total,individuos/100 cm³ de suelo,2250.0,reportado,
7,Pina,7,Pina_7,Adrian Rodriguez Varela,indicadores,riqueza_taxones,Riqueza observada,taxones con abundancia mayor que cero,11.0,reportado,
7,Pina,7,Pina_7,Adrian Rodriguez Varela,parametros_muestra,abundancia_en_1_ml,Abundancia observada en 1 ml,individuos/mL,225.0,reportado,
7,Pina,7,Pina_7,Adrian Rodriguez Varela,parametros_muestra,volumen_contado_abundancia_ml,Volumen contado para abundancia,mL,1.0,reportado,
7,Pina,7,Pina_7,Adrian Rodriguez Varela,parametros_muestra,volumen_agregado_identificacion_ml,Volumen agregado para identificación,mL,1.0,reportado,
7,Pina,7,Pina_7,Adrian Rodriguez Varela,parametros_muestra,total_individuos_identificados,Total de individuos identificados,individuos,208.0,reportado,
7,Pina,7,Pina_7,Adrian Rodriguez Varela,parametros_muestra,abundancia_total_ninja,Abundancia total usada por NINJA,individuos/100 cm³ de suelo,2250.0,reportado,
7,Pina,7,Pina_7,Adrian Rodriguez Varela,indices_ninja,mi,Índice de madurez (MI),índice,1.37,reportado,
7,Pina,7,Pina_7,Adrian Rodriguez Varela,indices_ninja,mi2_5,Índice de madurez 2–5 (MI2-5),índice,2.25,reportado,
7,Pina,7,Pina_7,Adrian Rodriguez Varela,indices_ninja,smi,Índice SMI,índice,2.64,reportado,
7,Pina,7,Pina_7,Adrian Rodriguez Varela,indices_ninja,ppi,Índice de parásitos de plantas (PPI),índice,2.96,reportado,
7,Pina,7,Pina_7,Adrian Rodriguez Varela,indices_ninja,ci,Índice de canal (CI),índice 0–100,4.92,reportado,
7,Pina,7,Pina_7,Adrian Rodriguez Varela,indices_ninja,bi,Índice basal (BI),índice 0–100,6.53,reportado,
7,Pina,7,Pina_7,Adrian Rodriguez Varela,indices_ninja,ei,Índice de enriquecimiento (EI),índice 0–100,93.13,reportado,
7,Pina,7,Pina_7,Adrian Rodriguez Varela,indices_ninja,si,Índice de estructura (SI),índice 0–100,42.86,reportado,
7,Pina,7,Pina_7,Adrian Rodriguez Varela,huellas_ninja,total_biomass_mg,Biomasa total,mg,0.71,reportado,
7,Pina,7,Pina_7,Adrian Rodriguez Varela,huellas_ninja,cft,CFT (NINJA),unidad no indicada en la fuente,286.26,reportado,
7,Pina,7,Pina_7,Adrian Rodriguez Varela,huellas_ninja,eft,EFT (NINJA),unidad no indicada en la fuente,48.65,reportado,
7,Pina,7,Pina_7,Adrian Rodriguez Varela,huellas_ninja,sft,SFT (NINJA),unidad no indicada en la fuente,4.26,reportado,
7,Pina,7,Pina_7,Adrian Rodriguez Varela,huellas_ninja,heft,HeFT (NINJA),unidad no indicada en la fuente,224.06,reportado,
7,Pina,7,Pina_7,Adrian Rodriguez Varela,huellas_ninja,fuft,FuFT (NINJA),unidad no indicada en la fuente,4.12,reportado,
7,Pina,7,Pina_7,Adrian Rodriguez Varela,huellas_ninja,baft,BaFT (NINJA),unidad no indicada en la fuente,58.08,reportado,
7,Pina,7,Pina_7,Adrian Rodriguez Varela,huellas_ninja,prft,PrFT (NINJA),unidad no indicada en la fuente,0.0,reportado,
7,Pina,7,Pina_7,Adrian Rodriguez Varela,huellas_ninja,unicellular_eucaryote_feeder_footprint,Huella de consumidores de eucariotas unicelulares,unidad no indicada en la fuente,0.0,reportado,
7,Pina,7,Pina_7,Adrian Rodriguez Varela,huellas_ninja,omnivore_footprint,Huella de omnívoros,unidad no indicada en la fuente,0.0,reportado,
7,Pina,7,Pina_7,Adrian Rodriguez Varela,huellas_ninja,total_number_ind,Número total de individuos (NINJA),individuos/100 cm³ de suelo,2250.0,reportado,
7,Pina,7,Pina_7,Adrian Rodriguez Varela,porcentajes_ninja,herbivores_pct_of_total,Herbívoros del total,%,80.3,reportado,
7,Pina,7,Pina_7,Adrian Rodriguez Varela,porcentajes_ninja,fungivores_pct_of_total,Fungívoros del total,%,2.9,reportado,
7,Pina,7,Pina_7,Adrian Rodriguez Varela,porcentajes_ninja,fungivores_pct_of_free_living,Fungívoros de vida libre,%,14.6,reportado,
7,Pina,7,Pina_7,Adrian Rodriguez Varela,porcentajes_ninja,bacterivores_pct_of_total,Bacterívoros del total,%,16.8,reportado,
7,Pina,7,Pina_7,Adrian Rodriguez Varela,porcentajes_ninja,bacterivores_pct_of_free_living,Bacterívoros de vida libre,%,85.4,reportado,
7,Pina,7,Pina_7,Adrian Rodriguez Varela,porcentajes_ninja,predators_pct_of_total,Depredadores del total,%,0.0,reportado,
7,Pina,7,Pina_7,Adrian Rodriguez Varela,porcentajes_ninja,predators_pct_of_free_living,Depredadores de vida libre,%,0.0,reportado,
7,Pina,7,Pina_7,Adrian Rodriguez Varela,porcentajes_ninja,unicellular_eucaryote_feeders_pct_of_total,Consumidores de eucariotas unicelulares del total,%,0.0,reportado,
7,Pina,7,Pina_7,Adrian Rodriguez Varela,porcentajes_ninja,unicellular_eucaryote_feeders_pct_of_free_living,Consumidores de eucariotas unicelulares de vida libre,%,0.0,reportado,
7,Pina,7,Pina_7,Adrian Rodriguez Varela,porcentajes_ninja,omnivores_pct_of_total,Omnívoros del total,%,0.0,reportado,
7,Pina,7,Pina_7,Adrian Rodriguez Varela,porcentajes_ninja,omnivores_pct_of_free_living,Omnívoros de vida libre,%,0.0,reportado,
7,Pina,7,Pina_7,Adrian Rodriguez Varela,porcentajes_ninja,sedentary_parasites_pct_of_herbivores,Parásitos sedentarios de los herbívoros,%,0.0,reportado,
7,Pina,7,Pina_7,Adrian Rodriguez Varela,porcentajes_ninja,migratory_endoparasites_pct_of_herbivores,Endoparásitos migratorios de los herbívoros,%,3.0,reportado,
7,Pina,7,Pina_7,Adrian Rodriguez Varela,porcentajes_ninja,semi_endoparasites_pct_of_herbivores,Semiendoparásitos de los herbívoros,%,79.6,reportado,
7,Pina,7,Pina_7,Adrian Rodriguez Varela,porcentajes_ninja,ectoparasites_pct_of_herbivores,Ectoparásitos de los herbívoros,%,13.2,reportado,
7,Pina,7,Pina_7,Adrian Rodriguez Varela,porcentajes_ninja,epidermal_root_hair_feeders_pct_of_herbivores,Consumidores de epidermis y pelos radicales de los herbívoros,%,4.2,reportado,
7,Pina,7,Pina_7,Adrian Rodriguez Varela,porcentajes_ninja,algal_lichen_moss_feeders_pct_of_herbivores,"Consumidores de algas, líquenes y musgos de los herbívoros",%,0.0,reportado,
7,Pina,7,Pina_7,Adrian Rodriguez Varela,porcentajes_ninja,cp_1_pct_of_free_living,c-p 1 de vida libre,%,70.7,reportado,
7,Pina,7,Pina_7,Adrian Rodriguez Varela,porcentajes_ninja,cp_2_pct_of_free_living,c-p 2 de vida libre,%,22.0,reportado,
7,Pina,7,Pina_7,Adrian Rodriguez Varela,porcentajes_ninja,cp_3_pct_of_free_living,c-p 3 de vida libre,%,7.3,reportado,
7,Pina,7,Pina_7,Adrian Rodriguez Varela,porcentajes_ninja,cp_4_pct_of_free_living,c-p 4 de vida libre,%,0.0,reportado,
7,Pina,7,Pina_7,Adrian Rodriguez Varela,porcentajes_ninja,cp_5_pct_of_free_living,c-p 5 de vida libre,%,0.0,reportado,
7,Pina,7,Pina_7,Adrian Rodriguez Varela,porcentajes_ninja,pp_2_pct_of_herbivores,p-p 2 de los herbívoros,%,4.2,reportado,
7,Pina,7,Pina_7,Adrian Rodriguez Varela,porcentajes_ninja,pp_3_pct_of_herbivores,p-p 3 de los herbívoros,%,95.8,reportado,
7,Pina,7,Pina_7,Adrian Rodriguez Varela,porcentajes_ninja,pp_4_pct_of_herbivores,p-p 4 de los herbívoros,%,0.0,reportado,
7,Pina,7,Pina_7,Adrian Rodriguez Varela,porcentajes_ninja,pp_5_pct_of_herbivores,p-p 5 de los herbívoros,%,0.0,reportado,
7,Pina,7,Pina_7,Adrian Rodriguez Varela,taxones_abundancia,alaimus,Alaimus,individuos/100 cm³ de suelo,0.0,reportado,Bacterivores · c-p 4 · p-p 0 · masa 0.561 µg
7,Pina,7,Pina_7,Adrian Rodriguez Varela,taxones_composicion,alaimus,Alaimus,% de la abundancia total,0.0,reportado,Bacterivores · c-p 4 · p-p 0 · masa 0.561 µg
7,Pina,7,Pina_7,Adrian Rodriguez Varela,taxones_conteos,alaimus,Alaimus,individuos contados para identificación,0.0,reportado,Bacterivores · c-p 4 · p-p 0 · masa 0.561 µg
7,Pina,7,Pina_7,Adrian Rodriguez Varela,taxones_abundancia,aglenchus,Aglenchus,individuos/100 cm³ de suelo,43.269230769230774,reportado,Herbivores - epidermal/root hair feeders · c-p 0 · p-p 2 · masa 0.082 µg
7,Pina,7,Pina_7,Adrian Rodriguez Varela,taxones_composicion,aglenchus,Aglenchus,% de la abundancia total,1.9230769230769231,reportado,Herbivores - epidermal/root hair feeders · c-p 0 · p-p 2 · masa 0.082 µg
7,Pina,7,Pina_7,Adrian Rodriguez Varela,taxones_conteos,aglenchus,Aglenchus,individuos contados para identificación,4.0,reportado,Herbivores - epidermal/root hair feeders · c-p 0 · p-p 2 · masa 0.082 µg
7,Pina,7,Pina_7,Adrian Rodriguez Varela,taxones_abundancia,aphelenchoides,Aphelenchoides,individuos/100 cm³ de suelo,32.45192307692308,reportado,Fungivores · c-p 2 · p-p 0 · masa 0.151 µg
7,Pina,7,Pina_7,Adrian Rodriguez Varela,taxones_composicion,aphelenchoides,Aphelenchoides,% de la abundancia total,1.4423076923076923,reportado,Fungivores · c-p 2 · p-p 0 · masa 0.151 µg
7,Pina,7,Pina_7,Adrian Rodriguez Varela,taxones_conteos,aphelenchoides,Aphelenchoides,individuos contados para identificación,3.0,reportado,Fungivores · c-p 2 · p-p 0 · masa 0.151 µg
7,Pina,7,Pina_7,Adrian Rodriguez Varela,taxones_abundancia,aporcelaimellus,Aporcelaimellus,individuos/100 cm³ de suelo,0.0,reportado,Omnivores · c-p 5 · p-p 0 · masa 9.048 µg
7,Pina,7,Pina_7,Adrian Rodriguez Varela,taxones_composicion,aporcelaimellus,Aporcelaimellus,% de la abundancia total,0.0,reportado,Omnivores · c-p 5 · p-p 0 · masa 9.048 µg
7,Pina,7,Pina_7,Adrian Rodriguez Varela,taxones_conteos,aporcelaimellus,Aporcelaimellus,individuos contados para identificación,0.0,reportado,Omnivores · c-p 5 · p-p 0 · masa 9.048 µg
7,Pina,7,Pina_7,Adrian Rodriguez Varela,taxones_abundancia,aphelenchus,Aphelenchus,individuos/100 cm³ de suelo,0.0,reportado,Fungivores · c-p 2 · p-p 0 · masa 0.218 µg
7,Pina,7,Pina_7,Adrian Rodriguez Varela,taxones_composicion,aphelenchus,Aphelenchus,% de la abundancia total,0.0,reportado,Fungivores · c-p 2 · p-p 0 · masa 0.218 µg
7,Pina,7,Pina_7,Adrian Rodriguez Varela,taxones_conteos,aphelenchus,Aphelenchus,individuos contados para identificación,0.0,reportado,Fungivores · c-p 2 · p-p 0 · masa 0.218 µg
7,Pina,7,Pina_7,Adrian Rodriguez Varela,taxones_abundancia,cribronema,Cribronema,individuos/100 cm³ de suelo,0.0,reportado,Bacterivores · c-p 2 · p-p 0 · masa 0.039 µg
7,Pina,7,Pina_7,Adrian Rodriguez Varela,taxones_composicion,cribronema,Cribronema,% de la abundancia total,0.0,reportado,Bacterivores · c-p 2 · p-p 0 · masa 0.039 µg
7,Pina,7,Pina_7,Adrian Rodriguez Varela,taxones_conteos,cribronema,Cribronema,individuos contados para identificación,0.0,reportado,Bacterivores · c-p 2 · p-p 0 · masa 0.039 µg
7,Pina,7,Pina_7,Adrian Rodriguez Varela,taxones_abundancia,criconematidae,Criconematidae,individuos/100 cm³ de suelo,0.0,reportado,Herbivores - ectoparasites · c-p 0 · p-p 3 · masa 0.567 µg
7,Pina,7,Pina_7,Adrian Rodriguez Varela,taxones_composicion,criconematidae,Criconematidae,% de la abundancia total,0.0,reportado,Herbivores - ectoparasites · c-p 0 · p-p 3 · masa 0.567 µg
7,Pina,7,Pina_7,Adrian Rodriguez Varela,taxones_conteos,criconematidae,Criconematidae,individuos contados para identificación,0.0,reportado,Herbivores - ectoparasites · c-p 0 · p-p 3 · masa 0.567 µg
7,Pina,7,Pina_7,Adrian Rodriguez Varela,taxones_abundancia,chronogaster,Chronogaster,individuos/100 cm³ de suelo,32.45192307692308,reportado,Bacterivores · c-p 3 · p-p 0 · masa 0.335 µg
7,Pina,7,Pina_7,Adrian Rodriguez Varela,taxones_composicion,chronogaster,Chronogaster,% de la abundancia total,1.4423076923076923,reportado,Bacterivores · c-p 3 · p-p 0 · masa 0.335 µg
7,Pina,7,Pina_7,Adrian Rodriguez Varela,taxones_conteos,chronogaster,Chronogaster,individuos contados para identificación,3.0,reportado,Bacterivores · c-p 3 · p-p 0 · masa 0.335 µg
7,Pina,7,Pina_7,Adrian Rodriguez Varela,taxones_abundancia,cephalobus,Cephalobus,individuos/100 cm³ de suelo,0.0,reportado,Bacterivores · c-p 2 · p-p 0 · masa 0.266 µg
7,Pina,7,Pina_7,Adrian Rodriguez Varela,taxones_composicion,cephalobus,Cephalobus,% de la abundancia total,0.0,reportado,Bacterivores · c-p 2 · p-p 0 · masa 0.266 µg
7,Pina,7,Pina_7,Adrian Rodriguez Varela,taxones_conteos,cephalobus,Cephalobus,individuos contados para identificación,0.0,reportado,Bacterivores · c-p 2 · p-p 0 · masa 0.266 µg
7,Pina,7,Pina_7,Adrian Rodriguez Varela,taxones_abundancia,clarkus,Clarkus,individuos/100 cm³ de suelo,0.0,reportado,Predators · c-p 4 · p-p 0 · masa 3.897 µg
7,Pina,7,Pina_7,Adrian Rodriguez Varela,taxones_composicion,clarkus,Clarkus,% de la abundancia total,0.0,reportado,Predators · c-p 4 · p-p 0 · masa 3.897 µg
7,Pina,7,Pina_7,Adrian Rodriguez Varela,taxones_conteos,clarkus,Clarkus,individuos contados para identificación,0.0,reportado,Predators · c-p 4 · p-p 0 · masa 3.897 µg
7,Pina,7,Pina_7,Adrian Rodriguez Varela,taxones_abundancia,diplogaster,Diplogaster,individuos/100 cm³ de suelo,0.0,reportado,Bacterivores · c-p 1 · p-p 0 · masa 1.886 µg
7,Pina,7,Pina_7,Adrian Rodriguez Varela,taxones_composicion,diplogaster,Diplogaster,% de la abundancia total,0.0,reportado,Bacterivores · c-p 1 · p-p 0 · masa 1.886 µg
7,Pina,7,Pina_7,Adrian Rodriguez Varela,taxones_conteos,diplogaster,Diplogaster,individuos contados para identificación,0.0,reportado,Bacterivores · c-p 1 · p-p 0 · masa 1.886 µg
7,Pina,7,Pina_7,Adrian Rodriguez Varela,taxones_abundancia,diphtherophora,Diphtherophora,individuos/100 cm³ de suelo,0.0,reportado,Fungivores · c-p 3 · p-p 0 · masa 0.504 µg
7,Pina,7,Pina_7,Adrian Rodriguez Varela,taxones_composicion,diphtherophora,Diphtherophora,% de la abundancia total,0.0,reportado,Fungivores · c-p 3 · p-p 0 · masa 0.504 µg
7,Pina,7,Pina_7,Adrian Rodriguez Varela,taxones_conteos,diphtherophora,Diphtherophora,individuos contados para identificación,0.0,reportado,Fungivores · c-p 3 · p-p 0 · masa 0.504 µg
7,Pina,7,Pina_7,Adrian Rodriguez Varela,taxones_abundancia,discocriconemella,Discocriconemella,individuos/100 cm³ de suelo,0.0,reportado,Herbivores - ectoparasites · c-p 0 · p-p 3 · masa 0.338 µg
7,Pina,7,Pina_7,Adrian Rodriguez Varela,taxones_composicion,discocriconemella,Discocriconemella,% de la abundancia total,0.0,reportado,Herbivores - ectoparasites · c-p 0 · p-p 3 · masa 0.338 µg
7,Pina,7,Pina_7,Adrian Rodriguez Varela,taxones_conteos,discocriconemella,Discocriconemella,individuos contados para identificación,0.0,reportado,Herbivores - ectoparasites · c-p 0 · p-p 3 · masa 0.338 µg
7,Pina,7,Pina_7,Adrian Rodriguez Varela,taxones_abundancia,eucephalobus,Eucephalobus,individuos/100 cm³ de suelo,0.0,reportado,Bacterivores · c-p 2 · p-p 0 · masa 0.236 µg
7,Pina,7,Pina_7,Adrian Rodriguez Varela,taxones_composicion,eucephalobus,Eucephalobus,% de la abundancia total,0.0,reportado,Bacterivores · c-p 2 · p-p 0 · masa 0.236 µg
7,Pina,7,Pina_7,Adrian Rodriguez Varela,taxones_conteos,eucephalobus,Eucephalobus,individuos contados para identificación,0.0,reportado,Bacterivores · c-p 2 · p-p 0 · masa 0.236 µg
7,Pina,7,Pina_7,Adrian Rodriguez Varela,taxones_abundancia,ecphyadophora,Ecphyadophora,individuos/100 cm³ de suelo,0.0,reportado,Herbivores - epidermal/root hair feeders · c-p 0 · p-p 2 · masa 0.02 µg
7,Pina,7,Pina_7,Adrian Rodriguez Varela,taxones_composicion,ecphyadophora,Ecphyadophora,% de la abundancia total,0.0,reportado,Herbivores - epidermal/root hair feeders · c-p 0 · p-p 2 · masa 0.02 µg
7,Pina,7,Pina_7,Adrian Rodriguez Varela,taxones_conteos,ecphyadophora,Ecphyadophora,individuos contados para identificación,0.0,reportado,Herbivores - epidermal/root hair feeders · c-p 0 · p-p 2 · masa 0.02 µg
7,Pina,7,Pina_7,Adrian Rodriguez Varela,taxones_abundancia,filenchus,Filenchus,individuos/100 cm³ de suelo,32.45192307692308,reportado,Fungivores · c-p 2 · p-p 0 · masa 0.099 µg
7,Pina,7,Pina_7,Adrian Rodriguez Varela,taxones_composicion,filenchus,Filenchus,% de la abundancia total,1.4423076923076923,reportado,Fungivores · c-p 2 · p-p 0 · masa 0.099 µg
7,Pina,7,Pina_7,Adrian Rodriguez Varela,taxones_conteos,filenchus,Filenchus,individuos contados para identificación,3.0,reportado,Fungivores · c-p 2 · p-p 0 · masa 0.099 µg
7,Pina,7,Pina_7,Adrian Rodriguez Varela,taxones_abundancia,helicotylenchus,Helicotylenchus,individuos/100 cm³ de suelo,1438.7019230769229,reportado,Herbivores - semi-endoparasites · c-p 0 · p-p 3 · masa 0.294 µg
7,Pina,7,Pina_7,Adrian Rodriguez Varela,taxones_composicion,helicotylenchus,Helicotylenchus,% de la abundancia total,63.942307692307686,reportado,Herbivores - semi-endoparasites · c-p 0 · p-p 3 · masa 0.294 µg
7,Pina,7,Pina_7,Adrian Rodriguez Varela,taxones_conteos,helicotylenchus,Helicotylenchus,individuos contados para identificación,133.0,reportado,Herbivores - semi-endoparasites · c-p 0 · p-p 3 · masa 0.294 µg
7,Pina,7,Pina_7,Adrian Rodriguez Varela,taxones_abundancia,ironus,Ironus,individuos/100 cm³ de suelo,0.0,reportado,Predators · c-p 4 · p-p 0 · masa 4.188 µg
7,Pina,7,Pina_7,Adrian Rodriguez Varela,taxones_composicion,ironus,Ironus,% de la abundancia total,0.0,reportado,Predators · c-p 4 · p-p 0 · masa 4.188 µg
7,Pina,7,Pina_7,Adrian Rodriguez Varela,taxones_conteos,ironus,Ironus,individuos contados para identificación,0.0,reportado,Predators · c-p 4 · p-p 0 · masa 4.188 µg
7,Pina,7,Pina_7,Adrian Rodriguez Varela,taxones_abundancia,meloidogyne,Meloidogyne,individuos/100 cm³ de suelo,0.0,reportado,Herbivores - sedentary parasites · c-p 0 · p-p 3 · masa 86.985 µg
7,Pina,7,Pina_7,Adrian Rodriguez Varela,taxones_composicion,meloidogyne,Meloidogyne,% de la abundancia total,0.0,reportado,Herbivores - sedentary parasites · c-p 0 · p-p 3 · masa 86.985 µg
7,Pina,7,Pina_7,Adrian Rodriguez Varela,taxones_conteos,meloidogyne,Meloidogyne,individuos contados para identificación,0.0,reportado,Herbivores - sedentary parasites · c-p 0 · p-p 3 · masa 86.985 µg
7,Pina,7,Pina_7,Adrian Rodriguez Varela,taxones_abundancia,metateratocephalus,Metateratocephalus,individuos/100 cm³ de suelo,0.0,reportado,Bacterivores · c-p 3 · p-p 0 · masa 0.073 µg
7,Pina,7,Pina_7,Adrian Rodriguez Varela,taxones_composicion,metateratocephalus,Metateratocephalus,% de la abundancia total,0.0,reportado,Bacterivores · c-p 3 · p-p 0 · masa 0.073 µg
7,Pina,7,Pina_7,Adrian Rodriguez Varela,taxones_conteos,metateratocephalus,Metateratocephalus,individuos contados para identificación,0.0,reportado,Bacterivores · c-p 3 · p-p 0 · masa 0.073 µg
7,Pina,7,Pina_7,Adrian Rodriguez Varela,taxones_abundancia,mesorhabditis,Mesorhabditis,individuos/100 cm³ de suelo,43.269230769230774,reportado,Bacterivores · c-p 1 · p-p 0 · masa 0.568 µg
7,Pina,7,Pina_7,Adrian Rodriguez Varela,taxones_composicion,mesorhabditis,Mesorhabditis,% de la abundancia total,1.9230769230769231,reportado,Bacterivores · c-p 1 · p-p 0 · masa 0.568 µg
7,Pina,7,Pina_7,Adrian Rodriguez Varela,taxones_conteos,mesorhabditis,Mesorhabditis,individuos contados para identificación,4.0,reportado,Bacterivores · c-p 1 · p-p 0 · masa 0.568 µg
7,Pina,7,Pina_7,Adrian Rodriguez Varela,taxones_abundancia,mesodorylaimus,Mesodorylaimus,individuos/100 cm³ de suelo,0.0,reportado,Omnivores · c-p 4 · p-p 0 · masa 1.277 µg
7,Pina,7,Pina_7,Adrian Rodriguez Varela,taxones_composicion,mesodorylaimus,Mesodorylaimus,% de la abundancia total,0.0,reportado,Omnivores · c-p 4 · p-p 0 · masa 1.277 µg
7,Pina,7,Pina_7,Adrian Rodriguez Varela,taxones_conteos,mesodorylaimus,Mesodorylaimus,individuos contados para identificación,0.0,reportado,Omnivores · c-p 4 · p-p 0 · masa 1.277 µg
7,Pina,7,Pina_7,Adrian Rodriguez Varela,taxones_abundancia,mesocriconema,Mesocriconema,individuos/100 cm³ de suelo,237.98076923076923,reportado,Herbivores - ectoparasites · c-p 0 · p-p 3 · masa 0.504 µg
7,Pina,7,Pina_7,Adrian Rodriguez Varela,taxones_composicion,mesocriconema,Mesocriconema,% de la abundancia total,10.576923076923077,reportado,Herbivores - ectoparasites · c-p 0 · p-p 3 · masa 0.504 µg
7,Pina,7,Pina_7,Adrian Rodriguez Varela,taxones_conteos,mesocriconema,Mesocriconema,individuos contados para identificación,22.0,reportado,Herbivores - ectoparasites · c-p 0 · p-p 3 · masa 0.504 µg
7,Pina,7,Pina_7,Adrian Rodriguez Varela,taxones_abundancia,protorhabditis,Protorhabditis,individuos/100 cm³ de suelo,270.4326923076923,reportado,Bacterivores · c-p 1 · p-p 0 · masa 0.264 µg
7,Pina,7,Pina_7,Adrian Rodriguez Varela,taxones_composicion,protorhabditis,Protorhabditis,% de la abundancia total,12.01923076923077,reportado,Bacterivores · c-p 1 · p-p 0 · masa 0.264 µg
7,Pina,7,Pina_7,Adrian Rodriguez Varela,taxones_conteos,protorhabditis,Protorhabditis,individuos contados para identificación,25.0,reportado,Bacterivores · c-p 1 · p-p 0 · masa 0.264 µg
7,Pina,7,Pina_7,Adrian Rodriguez Varela,taxones_abundancia,pseudacrobeles,Pseudacrobeles,individuos/100 cm³ de suelo,0.0,reportado,Bacterivores · c-p 2 · p-p 0 · masa 0.217 µg
7,Pina,7,Pina_7,Adrian Rodriguez Varela,taxones_composicion,pseudacrobeles,Pseudacrobeles,% de la abundancia total,0.0,reportado,Bacterivores · c-p 2 · p-p 0 · masa 0.217 µg
7,Pina,7,Pina_7,Adrian Rodriguez Varela,taxones_conteos,pseudacrobeles,Pseudacrobeles,individuos contados para identificación,0.0,reportado,Bacterivores · c-p 2 · p-p 0 · masa 0.217 µg
7,Pina,7,Pina_7,Adrian Rodriguez Varela,taxones_abundancia,plectus,Plectus,individuos/100 cm³ de suelo,32.45192307692308,reportado,Bacterivores · c-p 2 · p-p 0 · masa 0.858 µg
7,Pina,7,Pina_7,Adrian Rodriguez Varela,taxones_composicion,plectus,Plectus,% de la abundancia total,1.4423076923076923,reportado,Bacterivores · c-p 2 · p-p 0 · masa 0.858 µg
7,Pina,7,Pina_7,Adrian Rodriguez Varela,taxones_conteos,plectus,Plectus,individuos contados para identificación,3.0,reportado,Bacterivores · c-p 2 · p-p 0 · masa 0.858 µg
7,Pina,7,Pina_7,Adrian Rodriguez Varela,taxones_abundancia,pratylenchus,Pratylenchus,individuos/100 cm³ de suelo,54.08653846153847,reportado,Herbivores - migratory endoparasites · c-p 0 · p-p 3 · masa 0.144 µg
7,Pina,7,Pina_7,Adrian Rodriguez Varela,taxones_composicion,pratylenchus,Pratylenchus,% de la abundancia total,2.403846153846154,reportado,Herbivores - migratory endoparasites · c-p 0 · p-p 3 · masa 0.144 µg
7,Pina,7,Pina_7,Adrian Rodriguez Varela,taxones_conteos,pratylenchus,Pratylenchus,individuos contados para identificación,5.0,reportado,Herbivores - migratory endoparasites · c-p 0 · p-p 3 · masa 0.144 µg
7,Pina,7,Pina_7,Adrian Rodriguez Varela,taxones_abundancia,prodorylaimus,Prodorylaimus,individuos/100 cm³ de suelo,0.0,reportado,Omnivores · c-p 4 · p-p 0 · masa 5.631 µg
7,Pina,7,Pina_7,Adrian Rodriguez Varela,taxones_composicion,prodorylaimus,Prodorylaimus,% de la abundancia total,0.0,reportado,Omnivores · c-p 4 · p-p 0 · masa 5.631 µg
7,Pina,7,Pina_7,Adrian Rodriguez Varela,taxones_conteos,prodorylaimus,Prodorylaimus,individuos contados para identificación,0.0,reportado,Omnivores · c-p 4 · p-p 0 · masa 5.631 µg
7,Pina,7,Pina_7,Adrian Rodriguez Varela,taxones_abundancia,rhabditis,Rhabditis,individuos/100 cm³ de suelo,0.0,reportado,Bacterivores · c-p 1 · p-p 0 · masa 7.5 µg
7,Pina,7,Pina_7,Adrian Rodriguez Varela,taxones_composicion,rhabditis,Rhabditis,% de la abundancia total,0.0,reportado,Bacterivores · c-p 1 · p-p 0 · masa 7.5 µg
7,Pina,7,Pina_7,Adrian Rodriguez Varela,taxones_conteos,rhabditis,Rhabditis,individuos contados para identificación,0.0,reportado,Bacterivores · c-p 1 · p-p 0 · masa 7.5 µg
7,Pina,7,Pina_7,Adrian Rodriguez Varela,taxones_abundancia,rotylenchulus,Rotylenchulus,individuos/100 cm³ de suelo,0.0,reportado,Herbivores - sedentary parasites · c-p 0 · p-p 3 · masa 1.77 µg
7,Pina,7,Pina_7,Adrian Rodriguez Varela,taxones_composicion,rotylenchulus,Rotylenchulus,% de la abundancia total,0.0,reportado,Herbivores - sedentary parasites · c-p 0 · p-p 3 · masa 1.77 µg
7,Pina,7,Pina_7,Adrian Rodriguez Varela,taxones_conteos,rotylenchulus,Rotylenchulus,individuos contados para identificación,0.0,reportado,Herbivores - sedentary parasites · c-p 0 · p-p 3 · masa 1.77 µg
7,Pina,7,Pina_7,Adrian Rodriguez Varela,taxones_abundancia,stegelletina,Stegelletina,individuos/100 cm³ de suelo,0.0,reportado,Bacterivores · c-p 2 · p-p 0 · masa 0.073 µg
7,Pina,7,Pina_7,Adrian Rodriguez Varela,taxones_composicion,stegelletina,Stegelletina,% de la abundancia total,0.0,reportado,Bacterivores · c-p 2 · p-p 0 · masa 0.073 µg
7,Pina,7,Pina_7,Adrian Rodriguez Varela,taxones_conteos,stegelletina,Stegelletina,individuos contados para identificación,0.0,reportado,Bacterivores · c-p 2 · p-p 0 · masa 0.073 µg
7,Pina,7,Pina_7,Adrian Rodriguez Varela,taxones_abundancia,teratocephalus,Teratocephalus,individuos/100 cm³ de suelo,0.0,reportado,Bacterivores · c-p 3 · p-p 0 · masa 0.084 µg
7,Pina,7,Pina_7,Adrian Rodriguez Varela,taxones_composicion,teratocephalus,Teratocephalus,% de la abundancia total,0.0,reportado,Bacterivores · c-p 3 · p-p 0 · masa 0.084 µg
7,Pina,7,Pina_7,Adrian Rodriguez Varela,taxones_conteos,teratocephalus,Teratocephalus,individuos contados para identificación,0.0,reportado,Bacterivores · c-p 3 · p-p 0 · masa 0.084 µg
7,Pina,7,Pina_7,Adrian Rodriguez Varela,taxones_abundancia,trophurus,Trophurus,individuos/100 cm³ de suelo,0.0,reportado,Herbivores - ectoparasites · c-p 0 · p-p 3 · masa 0.278 µg
7,Pina,7,Pina_7,Adrian Rodriguez Varela,taxones_composicion,trophurus,Trophurus,% de la abundancia total,0.0,reportado,Herbivores - ectoparasites · c-p 0 · p-p 3 · masa 0.278 µg
7,Pina,7,Pina_7,Adrian Rodriguez Varela,taxones_conteos,trophurus,Trophurus,individuos contados para identificación,0.0,reportado,Herbivores - ectoparasites · c-p 0 · p-p 3 · masa 0.278 µg
7,Pina,7,Pina_7,Adrian Rodriguez Varela,taxones_abundancia,tylenchus,Tylenchus,individuos/100 cm³ de suelo,32.45192307692308,reportado,Herbivores - epidermal/root hair feeders · c-p 0 · p-p 2 · masa 0.36 µg
7,Pina,7,Pina_7,Adrian Rodriguez Varela,taxones_composicion,tylenchus,Tylenchus,% de la abundancia total,1.4423076923076923,reportado,Herbivores - epidermal/root hair feeders · c-p 0 · p-p 2 · masa 0.36 µg
7,Pina,7,Pina_7,Adrian Rodriguez Varela,taxones_conteos,tylenchus,Tylenchus,individuos contados para identificación,3.0,reportado,Herbivores - epidermal/root hair feeders · c-p 0 · p-p 2 · masa 0.36 µg
7,Pina,7,Pina_7,Adrian Rodriguez Varela,taxones_abundancia,xiphinema,Xiphinema,individuos/100 cm³ de suelo,0.0,reportado,Herbivores - ectoparasites · c-p 0 · p-p 5 · masa 5.395 µg
7,Pina,7,Pina_7,Adrian Rodriguez Varela,taxones_composicion,xiphinema,Xiphinema,% de la abundancia total,0.0,reportado,Herbivores - ectoparasites · c-p 0 · p-p 5 · masa 5.395 µg
7,Pina,7,Pina_7,Adrian Rodriguez Varela,taxones_conteos,xiphinema,Xiphinema,individuos contados para identificación,0.0,reportado,Herbivores - ectoparasites · c-p 0 · p-p 5 · masa 5.395 µg
7,Pina,7,Pina_7,Adrian Rodriguez Varela,grupos_abundancia,herbivoros,Herbívoros,individuos/100 cm³ de suelo,1806.4903846153845,reportado,
7,Pina,7,Pina_7,Adrian Rodriguez Varela,grupos_composicion,herbivoros,Herbívoros,% de la abundancia total,80.28846153846153,reportado,
7,Pina,7,Pina_7,Adrian Rodriguez Varela,grupos_abundancia,fungivoros,Fungívoros,individuos/100 cm³ de suelo,64.90384615384616,reportado,
7,Pina,7,Pina_7,Adrian Rodriguez Varela,grupos_composicion,fungivoros,Fungívoros,% de la abundancia total,2.8846153846153846,reportado,
7,Pina,7,Pina_7,Adrian Rodriguez Varela,grupos_abundancia,bacterivoros,Bacterívoros,individuos/100 cm³ de suelo,378.6057692307693,reportado,
7,Pina,7,Pina_7,Adrian Rodriguez Varela,grupos_composicion,bacterivoros,Bacterívoros,% de la abundancia total,16.826923076923077,reportado,
7,Pina,7,Pina_7,Adrian Rodriguez Varela,grupos_abundancia,depredadores,Depredadores,individuos/100 cm³ de suelo,0.0,reportado,
7,Pina,7,Pina_7,Adrian Rodriguez Varela,grupos_composicion,depredadores,Depredadores,% de la abundancia total,0.0,reportado,
7,Pina,7,Pina_7,Adrian Rodriguez Varela,grupos_abundancia,omnivoros,Omnívoros,individuos/100 cm³ de suelo,0.0,reportado,
7,Pina,7,Pina_7,Adrian Rodriguez Varela,grupos_composicion,omnivoros,Omnívoros,% de la abundancia total,0.0,reportado,
8,Pina,8,Pina_8,Senen Murillo chavez,indicadores,abundancia_total,Abundancia total,individuos/100 cm³ de suelo,2230.0,reportado,
8,Pina,8,Pina_8,Senen Murillo chavez,indicadores,riqueza_taxones,Riqueza observada,taxones con abundancia mayor que cero,10.0,reportado,
8,Pina,8,Pina_8,Senen Murillo chavez,parametros_muestra,abundancia_en_1_ml,Abundancia observada en 1 ml,individuos/mL,223.0,reportado,
8,Pina,8,Pina_8,Senen Murillo chavez,parametros_muestra,volumen_contado_abundancia_ml,Volumen contado para abundancia,mL,1.0,reportado,
8,Pina,8,Pina_8,Senen Murillo chavez,parametros_muestra,volumen_agregado_identificacion_ml,Volumen agregado para identificación,mL,1.0,reportado,
8,Pina,8,Pina_8,Senen Murillo chavez,parametros_muestra,total_individuos_identificados,Total de individuos identificados,individuos,201.0,reportado,
8,Pina,8,Pina_8,Senen Murillo chavez,parametros_muestra,abundancia_total_ninja,Abundancia total usada por NINJA,individuos/100 cm³ de suelo,2230.0,reportado,
8,Pina,8,Pina_8,Senen Murillo chavez,indices_ninja,mi,Índice de madurez (MI),índice,1.39,reportado,
8,Pina,8,Pina_8,Senen Murillo chavez,indices_ninja,mi2_5,Índice de madurez 2–5 (MI2-5),índice,2.4,reportado,
8,Pina,8,Pina_8,Senen Murillo chavez,indices_ninja,smi,Índice SMI,índice,2.76,reportado,
8,Pina,8,Pina_8,Senen Murillo chavez,indices_ninja,ppi,Índice de parásitos de plantas (PPI),índice,2.9,reportado,
8,Pina,8,Pina_8,Senen Murillo chavez,indices_ninja,ci,Índice de canal (CI),índice 0–100,3.7,reportado,
8,Pina,8,Pina_8,Senen Murillo chavez,indices_ninja,bi,Índice basal (BI),índice 0–100,4.88,reportado,
8,Pina,8,Pina_8,Senen Murillo chavez,indices_ninja,ei,Índice de enriquecimiento (EI),índice 0–100,94.74,reportado,
8,Pina,8,Pina_8,Senen Murillo chavez,indices_ninja,si,Índice de estructura (SI),índice 0–100,60.0,reportado,
8,Pina,8,Pina_8,Senen Murillo chavez,huellas_ninja,total_biomass_mg,Biomasa total,mg,0.65,reportado,
8,Pina,8,Pina_8,Senen Murillo chavez,huellas_ninja,cft,CFT (NINJA),unidad no indicada en la fuente,265.91,reportado,
8,Pina,8,Pina_8,Senen Murillo chavez,huellas_ninja,eft,EFT (NINJA),unidad no indicada en la fuente,20.7,reportado,
8,Pina,8,Pina_8,Senen Murillo chavez,huellas_ninja,sft,SFT (NINJA),unidad no indicada en la fuente,2.92,reportado,
8,Pina,8,Pina_8,Senen Murillo chavez,huellas_ninja,heft,HeFT (NINJA),unidad no indicada en la fuente,241.14,reportado,
8,Pina,8,Pina_8,Senen Murillo chavez,huellas_ninja,fuft,FuFT (NINJA),unidad no indicada en la fuente,1.18,reportado,
8,Pina,8,Pina_8,Senen Murillo chavez,huellas_ninja,baft,BaFT (NINJA),unidad no indicada en la fuente,23.59,reportado,
8,Pina,8,Pina_8,Senen Murillo chavez,huellas_ninja,prft,PrFT (NINJA),unidad no indicada en la fuente,0.0,reportado,
8,Pina,8,Pina_8,Senen Murillo chavez,huellas_ninja,unicellular_eucaryote_feeder_footprint,Huella de consumidores de eucariotas unicelulares,unidad no indicada en la fuente,0.0,reportado,
8,Pina,8,Pina_8,Senen Murillo chavez,huellas_ninja,omnivore_footprint,Huella de omnívoros,unidad no indicada en la fuente,0.0,reportado,
8,Pina,8,Pina_8,Senen Murillo chavez,huellas_ninja,total_number_ind,Número total de individuos (NINJA),individuos/100 cm³ de suelo,2230.0,reportado,
8,Pina,8,Pina_8,Senen Murillo chavez,porcentajes_ninja,herbivores_pct_of_total,Herbívoros del total,%,91.0,reportado,
8,Pina,8,Pina_8,Senen Murillo chavez,porcentajes_ninja,fungivores_pct_of_total,Fungívoros del total,%,1.0,reportado,
8,Pina,8,Pina_8,Senen Murillo chavez,porcentajes_ninja,fungivores_pct_of_free_living,Fungívoros de vida libre,%,11.1,reportado,
8,Pina,8,Pina_8,Senen Murillo chavez,porcentajes_ninja,bacterivores_pct_of_total,Bacterívoros del total,%,8.0,reportado,
8,Pina,8,Pina_8,Senen Murillo chavez,porcentajes_ninja,bacterivores_pct_of_free_living,Bacterívoros de vida libre,%,88.9,reportado,
8,Pina,8,Pina_8,Senen Murillo chavez,porcentajes_ninja,predators_pct_of_total,Depredadores del total,%,0.0,reportado,
8,Pina,8,Pina_8,Senen Murillo chavez,porcentajes_ninja,predators_pct_of_free_living,Depredadores de vida libre,%,0.0,reportado,
8,Pina,8,Pina_8,Senen Murillo chavez,porcentajes_ninja,unicellular_eucaryote_feeders_pct_of_total,Consumidores de eucariotas unicelulares del total,%,0.0,reportado,
8,Pina,8,Pina_8,Senen Murillo chavez,porcentajes_ninja,unicellular_eucaryote_feeders_pct_of_free_living,Consumidores de eucariotas unicelulares de vida libre,%,0.0,reportado,
8,Pina,8,Pina_8,Senen Murillo chavez,porcentajes_ninja,omnivores_pct_of_total,Omnívoros del total,%,0.0,reportado,
8,Pina,8,Pina_8,Senen Murillo chavez,porcentajes_ninja,omnivores_pct_of_free_living,Omnívoros de vida libre,%,0.0,reportado,
8,Pina,8,Pina_8,Senen Murillo chavez,porcentajes_ninja,sedentary_parasites_pct_of_herbivores,Parásitos sedentarios de los herbívoros,%,0.0,reportado,
8,Pina,8,Pina_8,Senen Murillo chavez,porcentajes_ninja,migratory_endoparasites_pct_of_herbivores,Endoparásitos migratorios de los herbívoros,%,1.6,reportado,
8,Pina,8,Pina_8,Senen Murillo chavez,porcentajes_ninja,semi_endoparasites_pct_of_herbivores,Semiendoparásitos de los herbívoros,%,87.4,reportado,
8,Pina,8,Pina_8,Senen Murillo chavez,porcentajes_ninja,ectoparasites_pct_of_herbivores,Ectoparásitos de los herbívoros,%,0.5,reportado,
8,Pina,8,Pina_8,Senen Murillo chavez,porcentajes_ninja,epidermal_root_hair_feeders_pct_of_herbivores,Consumidores de epidermis y pelos radicales de los herbívoros,%,10.4,reportado,
8,Pina,8,Pina_8,Senen Murillo chavez,porcentajes_ninja,algal_lichen_moss_feeders_pct_of_herbivores,"Consumidores de algas, líquenes y musgos de los herbívoros",%,0.0,reportado,
8,Pina,8,Pina_8,Senen Murillo chavez,porcentajes_ninja,cp_1_pct_of_free_living,c-p 1 de vida libre,%,72.2,reportado,
8,Pina,8,Pina_8,Senen Murillo chavez,porcentajes_ninja,cp_2_pct_of_free_living,c-p 2 de vida libre,%,16.7,reportado,
8,Pina,8,Pina_8,Senen Murillo chavez,porcentajes_ninja,cp_3_pct_of_free_living,c-p 3 de vida libre,%,11.1,reportado,
8,Pina,8,Pina_8,Senen Murillo chavez,porcentajes_ninja,cp_4_pct_of_free_living,c-p 4 de vida libre,%,0.0,reportado,
8,Pina,8,Pina_8,Senen Murillo chavez,porcentajes_ninja,cp_5_pct_of_free_living,c-p 5 de vida libre,%,0.0,reportado,
8,Pina,8,Pina_8,Senen Murillo chavez,porcentajes_ninja,pp_2_pct_of_herbivores,p-p 2 de los herbívoros,%,10.4,reportado,
8,Pina,8,Pina_8,Senen Murillo chavez,porcentajes_ninja,pp_3_pct_of_herbivores,p-p 3 de los herbívoros,%,89.6,reportado,
8,Pina,8,Pina_8,Senen Murillo chavez,porcentajes_ninja,pp_4_pct_of_herbivores,p-p 4 de los herbívoros,%,0.0,reportado,
8,Pina,8,Pina_8,Senen Murillo chavez,porcentajes_ninja,pp_5_pct_of_herbivores,p-p 5 de los herbívoros,%,0.0,reportado,
8,Pina,8,Pina_8,Senen Murillo chavez,taxones_abundancia,alaimus,Alaimus,individuos/100 cm³ de suelo,0.0,reportado,Bacterivores · c-p 4 · p-p 0 · masa 0.561 µg
8,Pina,8,Pina_8,Senen Murillo chavez,taxones_composicion,alaimus,Alaimus,% de la abundancia total,0.0,reportado,Bacterivores · c-p 4 · p-p 0 · masa 0.561 µg
8,Pina,8,Pina_8,Senen Murillo chavez,taxones_conteos,alaimus,Alaimus,individuos contados para identificación,0.0,reportado,Bacterivores · c-p 4 · p-p 0 · masa 0.561 µg
8,Pina,8,Pina_8,Senen Murillo chavez,taxones_abundancia,aglenchus,Aglenchus,individuos/100 cm³ de suelo,44.37810945273632,reportado,Herbivores - epidermal/root hair feeders · c-p 0 · p-p 2 · masa 0.082 µg
8,Pina,8,Pina_8,Senen Murillo chavez,taxones_composicion,aglenchus,Aglenchus,% de la abundancia total,1.9900497512437811,reportado,Herbivores - epidermal/root hair feeders · c-p 0 · p-p 2 · masa 0.082 µg
8,Pina,8,Pina_8,Senen Murillo chavez,taxones_conteos,aglenchus,Aglenchus,individuos contados para identificación,4.0,reportado,Herbivores - epidermal/root hair feeders · c-p 0 · p-p 2 · masa 0.082 µg
8,Pina,8,Pina_8,Senen Murillo chavez,taxones_abundancia,aphelenchoides,Aphelenchoides,individuos/100 cm³ de suelo,0.0,reportado,Fungivores · c-p 2 · p-p 0 · masa 0.151 µg
8,Pina,8,Pina_8,Senen Murillo chavez,taxones_composicion,aphelenchoides,Aphelenchoides,% de la abundancia total,0.0,reportado,Fungivores · c-p 2 · p-p 0 · masa 0.151 µg
8,Pina,8,Pina_8,Senen Murillo chavez,taxones_conteos,aphelenchoides,Aphelenchoides,individuos contados para identificación,0.0,reportado,Fungivores · c-p 2 · p-p 0 · masa 0.151 µg
8,Pina,8,Pina_8,Senen Murillo chavez,taxones_abundancia,aporcelaimellus,Aporcelaimellus,individuos/100 cm³ de suelo,0.0,reportado,Omnivores · c-p 5 · p-p 0 · masa 9.048 µg
8,Pina,8,Pina_8,Senen Murillo chavez,taxones_composicion,aporcelaimellus,Aporcelaimellus,% de la abundancia total,0.0,reportado,Omnivores · c-p 5 · p-p 0 · masa 9.048 µg
8,Pina,8,Pina_8,Senen Murillo chavez,taxones_conteos,aporcelaimellus,Aporcelaimellus,individuos contados para identificación,0.0,reportado,Omnivores · c-p 5 · p-p 0 · masa 9.048 µg
8,Pina,8,Pina_8,Senen Murillo chavez,taxones_abundancia,aphelenchus,Aphelenchus,individuos/100 cm³ de suelo,0.0,reportado,Fungivores · c-p 2 · p-p 0 · masa 0.218 µg
8,Pina,8,Pina_8,Senen Murillo chavez,taxones_composicion,aphelenchus,Aphelenchus,% de la abundancia total,0.0,reportado,Fungivores · c-p 2 · p-p 0 · masa 0.218 µg
8,Pina,8,Pina_8,Senen Murillo chavez,taxones_conteos,aphelenchus,Aphelenchus,individuos contados para identificación,0.0,reportado,Fungivores · c-p 2 · p-p 0 · masa 0.218 µg
8,Pina,8,Pina_8,Senen Murillo chavez,taxones_abundancia,cribronema,Cribronema,individuos/100 cm³ de suelo,0.0,reportado,Bacterivores · c-p 2 · p-p 0 · masa 0.039 µg
8,Pina,8,Pina_8,Senen Murillo chavez,taxones_composicion,cribronema,Cribronema,% de la abundancia total,0.0,reportado,Bacterivores · c-p 2 · p-p 0 · masa 0.039 µg
8,Pina,8,Pina_8,Senen Murillo chavez,taxones_conteos,cribronema,Cribronema,individuos contados para identificación,0.0,reportado,Bacterivores · c-p 2 · p-p 0 · masa 0.039 µg
8,Pina,8,Pina_8,Senen Murillo chavez,taxones_abundancia,criconematidae,Criconematidae,individuos/100 cm³ de suelo,0.0,reportado,Herbivores - ectoparasites · c-p 0 · p-p 3 · masa 0.567 µg
8,Pina,8,Pina_8,Senen Murillo chavez,taxones_composicion,criconematidae,Criconematidae,% de la abundancia total,0.0,reportado,Herbivores - ectoparasites · c-p 0 · p-p 3 · masa 0.567 µg
8,Pina,8,Pina_8,Senen Murillo chavez,taxones_conteos,criconematidae,Criconematidae,individuos contados para identificación,0.0,reportado,Herbivores - ectoparasites · c-p 0 · p-p 3 · masa 0.567 µg
8,Pina,8,Pina_8,Senen Murillo chavez,taxones_abundancia,chronogaster,Chronogaster,individuos/100 cm³ de suelo,22.18905472636816,reportado,Bacterivores · c-p 3 · p-p 0 · masa 0.335 µg
8,Pina,8,Pina_8,Senen Murillo chavez,taxones_composicion,chronogaster,Chronogaster,% de la abundancia total,0.9950248756218906,reportado,Bacterivores · c-p 3 · p-p 0 · masa 0.335 µg
8,Pina,8,Pina_8,Senen Murillo chavez,taxones_conteos,chronogaster,Chronogaster,individuos contados para identificación,2.0,reportado,Bacterivores · c-p 3 · p-p 0 · masa 0.335 µg
8,Pina,8,Pina_8,Senen Murillo chavez,taxones_abundancia,cephalobus,Cephalobus,individuos/100 cm³ de suelo,0.0,reportado,Bacterivores · c-p 2 · p-p 0 · masa 0.266 µg
8,Pina,8,Pina_8,Senen Murillo chavez,taxones_composicion,cephalobus,Cephalobus,% de la abundancia total,0.0,reportado,Bacterivores · c-p 2 · p-p 0 · masa 0.266 µg
8,Pina,8,Pina_8,Senen Murillo chavez,taxones_conteos,cephalobus,Cephalobus,individuos contados para identificación,0.0,reportado,Bacterivores · c-p 2 · p-p 0 · masa 0.266 µg
8,Pina,8,Pina_8,Senen Murillo chavez,taxones_abundancia,clarkus,Clarkus,individuos/100 cm³ de suelo,0.0,reportado,Predators · c-p 4 · p-p 0 · masa 3.897 µg
8,Pina,8,Pina_8,Senen Murillo chavez,taxones_composicion,clarkus,Clarkus,% de la abundancia total,0.0,reportado,Predators · c-p 4 · p-p 0 · masa 3.897 µg
8,Pina,8,Pina_8,Senen Murillo chavez,taxones_conteos,clarkus,Clarkus,individuos contados para identificación,0.0,reportado,Predators · c-p 4 · p-p 0 · masa 3.897 µg
8,Pina,8,Pina_8,Senen Murillo chavez,taxones_abundancia,diplogaster,Diplogaster,individuos/100 cm³ de suelo,0.0,reportado,Bacterivores · c-p 1 · p-p 0 · masa 1.886 µg
8,Pina,8,Pina_8,Senen Murillo chavez,taxones_composicion,diplogaster,Diplogaster,% de la abundancia total,0.0,reportado,Bacterivores · c-p 1 · p-p 0 · masa 1.886 µg
8,Pina,8,Pina_8,Senen Murillo chavez,taxones_conteos,diplogaster,Diplogaster,individuos contados para identificación,0.0,reportado,Bacterivores · c-p 1 · p-p 0 · masa 1.886 µg
8,Pina,8,Pina_8,Senen Murillo chavez,taxones_abundancia,diphtherophora,Diphtherophora,individuos/100 cm³ de suelo,0.0,reportado,Fungivores · c-p 3 · p-p 0 · masa 0.504 µg
8,Pina,8,Pina_8,Senen Murillo chavez,taxones_composicion,diphtherophora,Diphtherophora,% de la abundancia total,0.0,reportado,Fungivores · c-p 3 · p-p 0 · masa 0.504 µg
8,Pina,8,Pina_8,Senen Murillo chavez,taxones_conteos,diphtherophora,Diphtherophora,individuos contados para identificación,0.0,reportado,Fungivores · c-p 3 · p-p 0 · masa 0.504 µg
8,Pina,8,Pina_8,Senen Murillo chavez,taxones_abundancia,discocriconemella,Discocriconemella,individuos/100 cm³ de suelo,0.0,reportado,Herbivores - ectoparasites · c-p 0 · p-p 3 · masa 0.338 µg
8,Pina,8,Pina_8,Senen Murillo chavez,taxones_composicion,discocriconemella,Discocriconemella,% de la abundancia total,0.0,reportado,Herbivores - ectoparasites · c-p 0 · p-p 3 · masa 0.338 µg
8,Pina,8,Pina_8,Senen Murillo chavez,taxones_conteos,discocriconemella,Discocriconemella,individuos contados para identificación,0.0,reportado,Herbivores - ectoparasites · c-p 0 · p-p 3 · masa 0.338 µg
8,Pina,8,Pina_8,Senen Murillo chavez,taxones_abundancia,eucephalobus,Eucephalobus,individuos/100 cm³ de suelo,11.09452736318408,reportado,Bacterivores · c-p 2 · p-p 0 · masa 0.236 µg
8,Pina,8,Pina_8,Senen Murillo chavez,taxones_composicion,eucephalobus,Eucephalobus,% de la abundancia total,0.4975124378109453,reportado,Bacterivores · c-p 2 · p-p 0 · masa 0.236 µg
8,Pina,8,Pina_8,Senen Murillo chavez,taxones_conteos,eucephalobus,Eucephalobus,individuos contados para identificación,1.0,reportado,Bacterivores · c-p 2 · p-p 0 · masa 0.236 µg
8,Pina,8,Pina_8,Senen Murillo chavez,taxones_abundancia,ecphyadophora,Ecphyadophora,individuos/100 cm³ de suelo,0.0,reportado,Herbivores - epidermal/root hair feeders · c-p 0 · p-p 2 · masa 0.02 µg
8,Pina,8,Pina_8,Senen Murillo chavez,taxones_composicion,ecphyadophora,Ecphyadophora,% de la abundancia total,0.0,reportado,Herbivores - epidermal/root hair feeders · c-p 0 · p-p 2 · masa 0.02 µg
8,Pina,8,Pina_8,Senen Murillo chavez,taxones_conteos,ecphyadophora,Ecphyadophora,individuos contados para identificación,0.0,reportado,Herbivores - epidermal/root hair feeders · c-p 0 · p-p 2 · masa 0.02 µg
8,Pina,8,Pina_8,Senen Murillo chavez,taxones_abundancia,filenchus,Filenchus,individuos/100 cm³ de suelo,22.18905472636816,reportado,Fungivores · c-p 2 · p-p 0 · masa 0.099 µg
8,Pina,8,Pina_8,Senen Murillo chavez,taxones_composicion,filenchus,Filenchus,% de la abundancia total,0.9950248756218906,reportado,Fungivores · c-p 2 · p-p 0 · masa 0.099 µg
8,Pina,8,Pina_8,Senen Murillo chavez,taxones_conteos,filenchus,Filenchus,individuos contados para identificación,2.0,reportado,Fungivores · c-p 2 · p-p 0 · masa 0.099 µg
8,Pina,8,Pina_8,Senen Murillo chavez,taxones_abundancia,helicotylenchus,Helicotylenchus,individuos/100 cm³ de suelo,1775.1243781094527,reportado,Herbivores - semi-endoparasites · c-p 0 · p-p 3 · masa 0.294 µg
8,Pina,8,Pina_8,Senen Murillo chavez,taxones_composicion,helicotylenchus,Helicotylenchus,% de la abundancia total,79.60199004975124,reportado,Herbivores - semi-endoparasites · c-p 0 · p-p 3 · masa 0.294 µg
8,Pina,8,Pina_8,Senen Murillo chavez,taxones_conteos,helicotylenchus,Helicotylenchus,individuos contados para identificación,160.0,reportado,Herbivores - semi-endoparasites · c-p 0 · p-p 3 · masa 0.294 µg
8,Pina,8,Pina_8,Senen Murillo chavez,taxones_abundancia,ironus,Ironus,individuos/100 cm³ de suelo,0.0,reportado,Predators · c-p 4 · p-p 0 · masa 4.188 µg
8,Pina,8,Pina_8,Senen Murillo chavez,taxones_composicion,ironus,Ironus,% de la abundancia total,0.0,reportado,Predators · c-p 4 · p-p 0 · masa 4.188 µg
8,Pina,8,Pina_8,Senen Murillo chavez,taxones_conteos,ironus,Ironus,individuos contados para identificación,0.0,reportado,Predators · c-p 4 · p-p 0 · masa 4.188 µg
8,Pina,8,Pina_8,Senen Murillo chavez,taxones_abundancia,meloidogyne,Meloidogyne,individuos/100 cm³ de suelo,0.0,reportado,Herbivores - sedentary parasites · c-p 0 · p-p 3 · masa 86.985 µg
8,Pina,8,Pina_8,Senen Murillo chavez,taxones_composicion,meloidogyne,Meloidogyne,% de la abundancia total,0.0,reportado,Herbivores - sedentary parasites · c-p 0 · p-p 3 · masa 86.985 µg
8,Pina,8,Pina_8,Senen Murillo chavez,taxones_conteos,meloidogyne,Meloidogyne,individuos contados para identificación,0.0,reportado,Herbivores - sedentary parasites · c-p 0 · p-p 3 · masa 86.985 µg
8,Pina,8,Pina_8,Senen Murillo chavez,taxones_abundancia,metateratocephalus,Metateratocephalus,individuos/100 cm³ de suelo,0.0,reportado,Bacterivores · c-p 3 · p-p 0 · masa 0.073 µg
8,Pina,8,Pina_8,Senen Murillo chavez,taxones_composicion,metateratocephalus,Metateratocephalus,% de la abundancia total,0.0,reportado,Bacterivores · c-p 3 · p-p 0 · masa 0.073 µg
8,Pina,8,Pina_8,Senen Murillo chavez,taxones_conteos,metateratocephalus,Metateratocephalus,individuos contados para identificación,0.0,reportado,Bacterivores · c-p 3 · p-p 0 · masa 0.073 µg
8,Pina,8,Pina_8,Senen Murillo chavez,taxones_abundancia,mesorhabditis,Mesorhabditis,individuos/100 cm³ de suelo,11.09452736318408,reportado,Bacterivores · c-p 1 · p-p 0 · masa 0.568 µg
8,Pina,8,Pina_8,Senen Murillo chavez,taxones_composicion,mesorhabditis,Mesorhabditis,% de la abundancia total,0.4975124378109453,reportado,Bacterivores · c-p 1 · p-p 0 · masa 0.568 µg
8,Pina,8,Pina_8,Senen Murillo chavez,taxones_conteos,mesorhabditis,Mesorhabditis,individuos contados para identificación,1.0,reportado,Bacterivores · c-p 1 · p-p 0 · masa 0.568 µg
8,Pina,8,Pina_8,Senen Murillo chavez,taxones_abundancia,mesodorylaimus,Mesodorylaimus,individuos/100 cm³ de suelo,0.0,reportado,Omnivores · c-p 4 · p-p 0 · masa 1.277 µg
8,Pina,8,Pina_8,Senen Murillo chavez,taxones_composicion,mesodorylaimus,Mesodorylaimus,% de la abundancia total,0.0,reportado,Omnivores · c-p 4 · p-p 0 · masa 1.277 µg
8,Pina,8,Pina_8,Senen Murillo chavez,taxones_conteos,mesodorylaimus,Mesodorylaimus,individuos contados para identificación,0.0,reportado,Omnivores · c-p 4 · p-p 0 · masa 1.277 µg
8,Pina,8,Pina_8,Senen Murillo chavez,taxones_abundancia,mesocriconema,Mesocriconema,individuos/100 cm³ de suelo,11.09452736318408,reportado,Herbivores - ectoparasites · c-p 0 · p-p 3 · masa 0.504 µg
8,Pina,8,Pina_8,Senen Murillo chavez,taxones_composicion,mesocriconema,Mesocriconema,% de la abundancia total,0.4975124378109453,reportado,Herbivores - ectoparasites · c-p 0 · p-p 3 · masa 0.504 µg
8,Pina,8,Pina_8,Senen Murillo chavez,taxones_conteos,mesocriconema,Mesocriconema,individuos contados para identificación,1.0,reportado,Herbivores - ectoparasites · c-p 0 · p-p 3 · masa 0.504 µg
8,Pina,8,Pina_8,Senen Murillo chavez,taxones_abundancia,protorhabditis,Protorhabditis,individuos/100 cm³ de suelo,133.13432835820896,reportado,Bacterivores · c-p 1 · p-p 0 · masa 0.264 µg
8,Pina,8,Pina_8,Senen Murillo chavez,taxones_composicion,protorhabditis,Protorhabditis,% de la abundancia total,5.970149253731344,reportado,Bacterivores · c-p 1 · p-p 0 · masa 0.264 µg
8,Pina,8,Pina_8,Senen Murillo chavez,taxones_conteos,protorhabditis,Protorhabditis,individuos contados para identificación,12.0,reportado,Bacterivores · c-p 1 · p-p 0 · masa 0.264 µg
8,Pina,8,Pina_8,Senen Murillo chavez,taxones_abundancia,pseudacrobeles,Pseudacrobeles,individuos/100 cm³ de suelo,0.0,reportado,Bacterivores · c-p 2 · p-p 0 · masa 0.217 µg
8,Pina,8,Pina_8,Senen Murillo chavez,taxones_composicion,pseudacrobeles,Pseudacrobeles,% de la abundancia total,0.0,reportado,Bacterivores · c-p 2 · p-p 0 · masa 0.217 µg
8,Pina,8,Pina_8,Senen Murillo chavez,taxones_conteos,pseudacrobeles,Pseudacrobeles,individuos contados para identificación,0.0,reportado,Bacterivores · c-p 2 · p-p 0 · masa 0.217 µg
8,Pina,8,Pina_8,Senen Murillo chavez,taxones_abundancia,plectus,Plectus,individuos/100 cm³ de suelo,0.0,reportado,Bacterivores · c-p 2 · p-p 0 · masa 0.858 µg
8,Pina,8,Pina_8,Senen Murillo chavez,taxones_composicion,plectus,Plectus,% de la abundancia total,0.0,reportado,Bacterivores · c-p 2 · p-p 0 · masa 0.858 µg
8,Pina,8,Pina_8,Senen Murillo chavez,taxones_conteos,plectus,Plectus,individuos contados para identificación,0.0,reportado,Bacterivores · c-p 2 · p-p 0 · masa 0.858 µg
8,Pina,8,Pina_8,Senen Murillo chavez,taxones_abundancia,pratylenchus,Pratylenchus,individuos/100 cm³ de suelo,33.28358208955224,reportado,Herbivores - migratory endoparasites · c-p 0 · p-p 3 · masa 0.144 µg
8,Pina,8,Pina_8,Senen Murillo chavez,taxones_composicion,pratylenchus,Pratylenchus,% de la abundancia total,1.492537313432836,reportado,Herbivores - migratory endoparasites · c-p 0 · p-p 3 · masa 0.144 µg
8,Pina,8,Pina_8,Senen Murillo chavez,taxones_conteos,pratylenchus,Pratylenchus,individuos contados para identificación,3.0,reportado,Herbivores - migratory endoparasites · c-p 0 · p-p 3 · masa 0.144 µg
8,Pina,8,Pina_8,Senen Murillo chavez,taxones_abundancia,prodorylaimus,Prodorylaimus,individuos/100 cm³ de suelo,0.0,reportado,Omnivores · c-p 4 · p-p 0 · masa 5.631 µg
8,Pina,8,Pina_8,Senen Murillo chavez,taxones_composicion,prodorylaimus,Prodorylaimus,% de la abundancia total,0.0,reportado,Omnivores · c-p 4 · p-p 0 · masa 5.631 µg
8,Pina,8,Pina_8,Senen Murillo chavez,taxones_conteos,prodorylaimus,Prodorylaimus,individuos contados para identificación,0.0,reportado,Omnivores · c-p 4 · p-p 0 · masa 5.631 µg
8,Pina,8,Pina_8,Senen Murillo chavez,taxones_abundancia,rhabditis,Rhabditis,individuos/100 cm³ de suelo,0.0,reportado,Bacterivores · c-p 1 · p-p 0 · masa 7.5 µg
8,Pina,8,Pina_8,Senen Murillo chavez,taxones_composicion,rhabditis,Rhabditis,% de la abundancia total,0.0,reportado,Bacterivores · c-p 1 · p-p 0 · masa 7.5 µg
8,Pina,8,Pina_8,Senen Murillo chavez,taxones_conteos,rhabditis,Rhabditis,individuos contados para identificación,0.0,reportado,Bacterivores · c-p 1 · p-p 0 · masa 7.5 µg
8,Pina,8,Pina_8,Senen Murillo chavez,taxones_abundancia,rotylenchulus,Rotylenchulus,individuos/100 cm³ de suelo,0.0,reportado,Herbivores - sedentary parasites · c-p 0 · p-p 3 · masa 1.77 µg
8,Pina,8,Pina_8,Senen Murillo chavez,taxones_composicion,rotylenchulus,Rotylenchulus,% de la abundancia total,0.0,reportado,Herbivores - sedentary parasites · c-p 0 · p-p 3 · masa 1.77 µg
8,Pina,8,Pina_8,Senen Murillo chavez,taxones_conteos,rotylenchulus,Rotylenchulus,individuos contados para identificación,0.0,reportado,Herbivores - sedentary parasites · c-p 0 · p-p 3 · masa 1.77 µg
8,Pina,8,Pina_8,Senen Murillo chavez,taxones_abundancia,stegelletina,Stegelletina,individuos/100 cm³ de suelo,0.0,reportado,Bacterivores · c-p 2 · p-p 0 · masa 0.073 µg
8,Pina,8,Pina_8,Senen Murillo chavez,taxones_composicion,stegelletina,Stegelletina,% de la abundancia total,0.0,reportado,Bacterivores · c-p 2 · p-p 0 · masa 0.073 µg
8,Pina,8,Pina_8,Senen Murillo chavez,taxones_conteos,stegelletina,Stegelletina,individuos contados para identificación,0.0,reportado,Bacterivores · c-p 2 · p-p 0 · masa 0.073 µg
8,Pina,8,Pina_8,Senen Murillo chavez,taxones_abundancia,teratocephalus,Teratocephalus,individuos/100 cm³ de suelo,0.0,reportado,Bacterivores · c-p 3 · p-p 0 · masa 0.084 µg
8,Pina,8,Pina_8,Senen Murillo chavez,taxones_composicion,teratocephalus,Teratocephalus,% de la abundancia total,0.0,reportado,Bacterivores · c-p 3 · p-p 0 · masa 0.084 µg
8,Pina,8,Pina_8,Senen Murillo chavez,taxones_conteos,teratocephalus,Teratocephalus,individuos contados para identificación,0.0,reportado,Bacterivores · c-p 3 · p-p 0 · masa 0.084 µg
8,Pina,8,Pina_8,Senen Murillo chavez,taxones_abundancia,trophurus,Trophurus,individuos/100 cm³ de suelo,0.0,reportado,Herbivores - ectoparasites · c-p 0 · p-p 3 · masa 0.278 µg
8,Pina,8,Pina_8,Senen Murillo chavez,taxones_composicion,trophurus,Trophurus,% de la abundancia total,0.0,reportado,Herbivores - ectoparasites · c-p 0 · p-p 3 · masa 0.278 µg
8,Pina,8,Pina_8,Senen Murillo chavez,taxones_conteos,trophurus,Trophurus,individuos contados para identificación,0.0,reportado,Herbivores - ectoparasites · c-p 0 · p-p 3 · masa 0.278 µg
8,Pina,8,Pina_8,Senen Murillo chavez,taxones_abundancia,tylenchus,Tylenchus,individuos/100 cm³ de suelo,166.41791044776116,reportado,Herbivores - epidermal/root hair feeders · c-p 0 · p-p 2 · masa 0.36 µg
8,Pina,8,Pina_8,Senen Murillo chavez,taxones_composicion,tylenchus,Tylenchus,% de la abundancia total,7.462686567164177,reportado,Herbivores - epidermal/root hair feeders · c-p 0 · p-p 2 · masa 0.36 µg
8,Pina,8,Pina_8,Senen Murillo chavez,taxones_conteos,tylenchus,Tylenchus,individuos contados para identificación,15.0,reportado,Herbivores - epidermal/root hair feeders · c-p 0 · p-p 2 · masa 0.36 µg
8,Pina,8,Pina_8,Senen Murillo chavez,taxones_abundancia,xiphinema,Xiphinema,individuos/100 cm³ de suelo,0.0,reportado,Herbivores - ectoparasites · c-p 0 · p-p 5 · masa 5.395 µg
8,Pina,8,Pina_8,Senen Murillo chavez,taxones_composicion,xiphinema,Xiphinema,% de la abundancia total,0.0,reportado,Herbivores - ectoparasites · c-p 0 · p-p 5 · masa 5.395 µg
8,Pina,8,Pina_8,Senen Murillo chavez,taxones_conteos,xiphinema,Xiphinema,individuos contados para identificación,0.0,reportado,Herbivores - ectoparasites · c-p 0 · p-p 5 · masa 5.395 µg
8,Pina,8,Pina_8,Senen Murillo chavez,grupos_abundancia,herbivoros,Herbívoros,individuos/100 cm³ de suelo,2030.2985074626865,reportado,
8,Pina,8,Pina_8,Senen Murillo chavez,grupos_composicion,herbivoros,Herbívoros,% de la abundancia total,91.04477611940298,reportado,
8,Pina,8,Pina_8,Senen Murillo chavez,grupos_abundancia,fungivoros,Fungívoros,individuos/100 cm³ de suelo,22.18905472636816,reportado,
8,Pina,8,Pina_8,Senen Murillo chavez,grupos_composicion,fungivoros,Fungívoros,% de la abundancia total,0.9950248756218906,reportado,
8,Pina,8,Pina_8,Senen Murillo chavez,grupos_abundancia,bacterivoros,Bacterívoros,individuos/100 cm³ de suelo,177.51243781094527,reportado,
8,Pina,8,Pina_8,Senen Murillo chavez,grupos_composicion,bacterivoros,Bacterívoros,% de la abundancia total,7.960199004975125,reportado,
8,Pina,8,Pina_8,Senen Murillo chavez,grupos_abundancia,depredadores,Depredadores,individuos/100 cm³ de suelo,0.0,reportado,
8,Pina,8,Pina_8,Senen Murillo chavez,grupos_composicion,depredadores,Depredadores,% de la abundancia total,0.0,reportado,
8,Pina,8,Pina_8,Senen Murillo chavez,grupos_abundancia,omnivoros,Omnívoros,individuos/100 cm³ de suelo,0.0,reportado,
8,Pina,8,Pina_8,Senen Murillo chavez,grupos_composicion,omnivoros,Omnívoros,% de la abundancia total,0.0,reportado,
